sampleID	Tumor.Fraction	ref_genome	settings
LP0020_01	0.01114	0memhg19	False40
LP0020_02	0.01697	0memhg19	False40
LP0020_03	0.01165	0memhg19	False40
LP0020_04	0.01746	0memhg19	False40
LP0020_05	0.01376	0memhg19	False40
LP0020_06	0.01413	0memhg19	False40
LP0020_07	0.01594	0memhg19	False40
LP0020_08	0.01361	0memhg19	False40
LP0025_01_L004	0.007868	0memhg19	False40
LP0025_02_L004	0.01159	0memhg19	False40
LP0025_03_L003	0.01205	0memhg19	False40
LP0025_04_L004	0	0memhg19	False40
LP0025_05_L003	0.01084	0memhg19	False40
LP0025_06_L003	0.01886	0memhg19	False40
LP0025_07_L004	0.01267	0memhg19	False40
LP0025_08_L004	0.01068	0memhg19	False40
LP0025_10_L003	0.8342	0memhg19	False40
LP0025_11_L003	0.01858	0memhg19	False40
LP0025_12_L003	0.0121	0memhg19	False40
LP0025_15_L003	0.08679	0memhg19	False40
LP0025_17_L003	0.01938	0memhg19	False40
LP0025_21_L004	0.1101	0memhg19	False40
LP0025_24_L003	0.01331	0memhg19	False40
LP0026_05_L003	0.02827	0memhg19	False40
LP0026_07_L003	0.01028	0memhg19	False40
LP0026_08_L003	0.2778	0memhg19	False40
LP0026_22_L003	0.2208	0memhg19	False40
LP0026_26_L004	0.4498	0memhg19	False40
LP0026_38_L004	0.1543	0memhg19	False40
LP0026_42_L004	0.152	0memhg19	False40
LP0027_26_L003	0.1382	0memhg19	False40
LP0027_35_L003	0.1605	0memhg19	False40
LP0027_39_L003	0.1512	0memhg19	False40
LP0028_01_L004	0.1099	0memhg19	False40
LP0029_02_L004	0.008293	0memhg19	False40
LP0029_04_L003	0.01459	0memhg19	False40
LP0029_05_L004	0.008261	0memhg19	False40
LP0029_06_L003	0.009343	0memhg19	False40
LP0030_03_L004	0.0137	0memhg19	False40
LP0030_05_L004	0.01745	0memhg19	False40
LP0020_01	0.01111	0memhg19	FalseDI26830XA
LP0020_02	0.01534	0memhg19	FalseDI26830XA
LP0020_03	0.01403	0memhg19	FalseDI26830XA
LP0020_04	0	0memhg19	FalseDI26830XA
LP0020_05	0.01049	0memhg19	FalseDI26830XA
LP0020_06	0.01548	0memhg19	FalseDI26830XA
LP0020_07	0.01497	0memhg19	FalseDI26830XA
LP0020_08	0.01342	0memhg19	FalseDI26830XA
LP0025_01_L004	0	0memhg19	FalseDI26830XA
LP0025_02_L004	0.01349	0memhg19	FalseDI26830XA
LP0025_03_L003	0.01313	0memhg19	FalseDI26830XA
LP0025_04_L004	0	0memhg19	FalseDI26830XA
LP0025_05_L003	0	0memhg19	FalseDI26830XA
LP0025_06_L003	0.018	0memhg19	FalseDI26830XA
LP0025_07_L004	0.01152	0memhg19	FalseDI26830XA
LP0025_08_L004	0.01706	0memhg19	FalseDI26830XA
LP0025_10_L003	0.8359	0memhg19	FalseDI26830XA
LP0025_11_L003	0.01962	0memhg19	FalseDI26830XA
LP0025_12_L003	0.01214	0memhg19	FalseDI26830XA
LP0025_15_L003	0.08573	0memhg19	FalseDI26830XA
LP0025_17_L003	0.01906	0memhg19	FalseDI26830XA
LP0025_21_L004	0.1092	0memhg19	FalseDI26830XA
LP0025_24_L003	0.01695	0memhg19	FalseDI26830XA
LP0026_05_L003	0.02675	0memhg19	FalseDI26830XA
LP0026_07_L003	0.007442	0memhg19	FalseDI26830XA
LP0026_08_L003	0.2813	0memhg19	FalseDI26830XA
LP0026_22_L003	0.2215	0memhg19	FalseDI26830XA
LP0026_26_L004	0.4497	0memhg19	FalseDI26830XA
LP0026_38_L004	0.1551	0memhg19	FalseDI26830XA
LP0026_42_L004	0.1592	0memhg19	FalseDI26830XA
LP0027_26_L003	0.1369	0memhg19	FalseDI26830XA
LP0027_35_L003	0.1599	0memhg19	FalseDI26830XA
LP0027_39_L003	0.1549	0memhg19	FalseDI26830XA
LP0028_01_L004	0.1102	0memhg19	FalseDI26830XA
LP0029_02_L004	0.007769	0memhg19	FalseDI26830XA
LP0029_04_L003	0.01515	0memhg19	FalseDI26830XA
LP0029_05_L004	0.006624	0memhg19	FalseDI26830XA
LP0029_06_L003	0.01036	0memhg19	FalseDI26830XA
LP0030_03_L004	0.01453	0memhg19	FalseDI26830XA
LP0030_05_L004	0.0202	0memhg19	FalseDI26830XA
LP0020_01	0.01361	0memhg19	True40
LP0020_02	0.01943	0memhg19	True40
LP0020_03	0.01126	0memhg19	True40
LP0020_04	0.01347	0memhg19	True40
LP0020_05	0.01384	0memhg19	True40
LP0020_06	0.01322	0memhg19	True40
LP0020_07	0.02489	0memhg19	True40
LP0020_08	0.01301	0memhg19	True40
LP0025_01_L004	0	0memhg19	True40
LP0025_02_L004	0.01356	0memhg19	True40
LP0025_03_L003	0.01245	0memhg19	True40
LP0025_04_L004	0.009299	0memhg19	True40
LP0025_05_L003	0.01121	0memhg19	True40
LP0025_06_L003	0.02073	0memhg19	True40
LP0025_07_L004	0.01347	0memhg19	True40
LP0025_08_L004	0.01526	0memhg19	True40
LP0025_10_L003	0.8351	0memhg19	True40
LP0025_11_L003	0.02276	0memhg19	True40
LP0025_12_L003	0.0146	0memhg19	True40
LP0025_15_L003	0.09107	0memhg19	True40
LP0025_17_L003	0.02085	0memhg19	True40
LP0025_21_L004	0.1086	0memhg19	True40
LP0025_24_L003	0.01271	0memhg19	True40
LP0026_05_L003	0.02542	0memhg19	True40
LP0026_07_L003	0.006807	0memhg19	True40
LP0026_08_L003	0.2817	0memhg19	True40
LP0026_22_L003	0.2201	0memhg19	True40
LP0026_26_L004	0.4495	0memhg19	True40
LP0026_38_L004	0.1546	0memhg19	True40
LP0026_42_L004	0.1636	0memhg19	True40
LP0027_26_L003	0.1372	0memhg19	True40
LP0027_35_L003	0.1543	0memhg19	True40
LP0027_39_L003	0.1532	0memhg19	True40
LP0028_01_L004	0.1141	0memhg19	True40
LP0029_02_L004	0.01266	0memhg19	True40
LP0029_04_L003	0.01186	0memhg19	True40
LP0029_05_L004	0.006694	0memhg19	True40
LP0029_06_L003	0.01265	0memhg19	True40
LP0030_03_L004	0.01608	0memhg19	True40
LP0030_05_L004	0.0226	0memhg19	True40
LP0020_01	0.01361	0memhg19	TrueDI26830XA
LP0020_02	0.01943	0memhg19	TrueDI26830XA
LP0020_03	0.01126	0memhg19	TrueDI26830XA
LP0020_04	0.01347	0memhg19	TrueDI26830XA
LP0020_05	0.01384	0memhg19	TrueDI26830XA
LP0020_06	0.01322	0memhg19	TrueDI26830XA
LP0020_07	0.02489	0memhg19	TrueDI26830XA
LP0020_08	0.01301	0memhg19	TrueDI26830XA
LP0025_01_L004	0	0memhg19	TrueDI26830XA
LP0025_02_L004	0.01356	0memhg19	TrueDI26830XA
LP0025_03_L003	0.01245	0memhg19	TrueDI26830XA
LP0025_04_L004	0.009299	0memhg19	TrueDI26830XA
LP0025_05_L003	0.01121	0memhg19	TrueDI26830XA
LP0025_06_L003	0.02073	0memhg19	TrueDI26830XA
LP0025_07_L004	0.01347	0memhg19	TrueDI26830XA
LP0025_08_L004	0.01526	0memhg19	TrueDI26830XA
LP0025_10_L003	0.8351	0memhg19	TrueDI26830XA
LP0025_11_L003	0.02276	0memhg19	TrueDI26830XA
LP0025_12_L003	0.0146	0memhg19	TrueDI26830XA
LP0025_15_L003	0.09107	0memhg19	TrueDI26830XA
LP0025_17_L003	0.02085	0memhg19	TrueDI26830XA
LP0025_21_L004	0.1086	0memhg19	TrueDI26830XA
LP0025_24_L003	0.01271	0memhg19	TrueDI26830XA
LP0026_05_L003	0.02542	0memhg19	TrueDI26830XA
LP0026_07_L003	0.006807	0memhg19	TrueDI26830XA
LP0026_08_L003	0.2817	0memhg19	TrueDI26830XA
LP0026_22_L003	0.2201	0memhg19	TrueDI26830XA
LP0026_26_L004	0.4495	0memhg19	TrueDI26830XA
LP0026_38_L004	0.1546	0memhg19	TrueDI26830XA
LP0026_42_L004	0.1636	0memhg19	TrueDI26830XA
LP0027_26_L003	0.1372	0memhg19	TrueDI26830XA
LP0027_35_L003	0.1543	0memhg19	TrueDI26830XA
LP0027_39_L003	0.1532	0memhg19	TrueDI26830XA
LP0028_01_L004	0.1141	0memhg19	TrueDI26830XA
LP0029_02_L004	0.01266	0memhg19	TrueDI26830XA
LP0029_04_L003	0.01186	0memhg19	TrueDI26830XA
LP0029_05_L004	0.006694	0memhg19	TrueDI26830XA
LP0029_06_L003	0.01265	0memhg19	TrueDI26830XA
LP0030_03_L004	0.01608	0memhg19	TrueDI26830XA
LP0030_05_L004	0.0226	0memhg19	TrueDI26830XA
LP0020_01	0.01129	0memhg19decoy	False40
LP0020_02	0.01787	0memhg19decoy	False40
LP0020_03	0.01197	0memhg19decoy	False40
LP0020_04	0.01724	0memhg19decoy	False40
LP0020_05	0.01221	0memhg19decoy	False40
LP0020_06	0.01415	0memhg19decoy	False40
LP0020_07	0.01526	0memhg19decoy	False40
LP0020_08	0.01413	0memhg19decoy	False40
LP0025_01_L004	0.007769	0memhg19decoy	False40
LP0025_02_L004	0.01182	0memhg19decoy	False40
LP0025_03_L003	0.01206	0memhg19decoy	False40
LP0025_04_L004	0	0memhg19decoy	False40
LP0025_05_L003	0.01014	0memhg19decoy	False40
LP0025_06_L003	0.01832	0memhg19decoy	False40
LP0025_07_L004	0.01236	0memhg19decoy	False40
LP0025_08_L004	0.01093	0memhg19decoy	False40
LP0025_10_L003	0.8353	0memhg19decoy	False40
LP0025_11_L003	0.01881	0memhg19decoy	False40
LP0025_12_L003	0.01191	0memhg19decoy	False40
LP0025_15_L003	0.0868	0memhg19decoy	False40
LP0025_17_L003	0.01915	0memhg19decoy	False40
LP0025_21_L004	0.1099	0memhg19decoy	False40
LP0025_24_L003	0.01274	0memhg19decoy	False40
LP0026_05_L003	0.02868	0memhg19decoy	False40
LP0026_07_L003	0	0memhg19decoy	False40
LP0026_08_L003	0.2776	0memhg19decoy	False40
LP0026_22_L003	0.2209	0memhg19decoy	False40
LP0026_26_L004	0.4495	0memhg19decoy	False40
LP0026_38_L004	0.1547	0memhg19decoy	False40
LP0026_42_L004	0.1548	0memhg19decoy	False40
LP0027_26_L003	0.1383	0memhg19decoy	False40
LP0027_35_L003	0.1606	0memhg19decoy	False40
LP0027_39_L003	0.1511	0memhg19decoy	False40
LP0028_01_L004	0.1077	0memhg19decoy	False40
LP0029_02_L004	0	0memhg19decoy	False40
LP0029_04_L003	0.01502	0memhg19decoy	False40
LP0029_05_L004	0.008077	0memhg19decoy	False40
LP0029_06_L003	0.00947	0memhg19decoy	False40
LP0030_03_L004	0.0136	0memhg19decoy	False40
LP0030_05_L004	0.02131	0memhg19decoy	False40
LP0020_01	0.01101	0memhg19decoy	FalseDI26830XA
LP0020_02	0.01564	0memhg19decoy	FalseDI26830XA
LP0020_03	0.01468	0memhg19decoy	FalseDI26830XA
LP0020_04	0	0memhg19decoy	FalseDI26830XA
LP0020_05	0.01033	0memhg19decoy	FalseDI26830XA
LP0020_06	0.01601	0memhg19decoy	FalseDI26830XA
LP0020_07	0.01452	0memhg19decoy	FalseDI26830XA
LP0020_08	0.01588	0memhg19decoy	FalseDI26830XA
LP0025_01_L004	0	0memhg19decoy	FalseDI26830XA
LP0025_02_L004	0.01385	0memhg19decoy	FalseDI26830XA
LP0025_03_L003	0.01299	0memhg19decoy	FalseDI26830XA
LP0025_04_L004	0	0memhg19decoy	FalseDI26830XA
LP0025_05_L003	0	0memhg19decoy	FalseDI26830XA
LP0025_06_L003	0.0178	0memhg19decoy	FalseDI26830XA
LP0025_07_L004	0.01152	0memhg19decoy	FalseDI26830XA
LP0025_08_L004	0.01766	0memhg19decoy	FalseDI26830XA
LP0025_10_L003	0.8367	0memhg19decoy	FalseDI26830XA
LP0025_11_L003	0.01965	0memhg19decoy	FalseDI26830XA
LP0025_12_L003	0.01178	0memhg19decoy	FalseDI26830XA
LP0025_15_L003	0.08574	0memhg19decoy	FalseDI26830XA
LP0025_17_L003	0.01948	0memhg19decoy	FalseDI26830XA
LP0025_21_L004	0.1092	0memhg19decoy	FalseDI26830XA
LP0025_24_L003	0.0169	0memhg19decoy	FalseDI26830XA
LP0026_05_L003	0.02711	0memhg19decoy	FalseDI26830XA
LP0026_07_L003	0.007148	0memhg19decoy	FalseDI26830XA
LP0026_08_L003	0.2817	0memhg19decoy	FalseDI26830XA
LP0026_22_L003	0.2221	0memhg19decoy	FalseDI26830XA
LP0026_26_L004	0.4497	0memhg19decoy	FalseDI26830XA
LP0026_38_L004	0.1556	0memhg19decoy	FalseDI26830XA
LP0026_42_L004	0.1583	0memhg19decoy	FalseDI26830XA
LP0027_26_L003	0.1367	0memhg19decoy	FalseDI26830XA
LP0027_35_L003	0.1604	0memhg19decoy	FalseDI26830XA
LP0027_39_L003	0.1553	0memhg19decoy	FalseDI26830XA
LP0028_01_L004	0.1111	0memhg19decoy	FalseDI26830XA
LP0029_02_L004	0.007797	0memhg19decoy	FalseDI26830XA
LP0029_04_L003	0.01459	0memhg19decoy	FalseDI26830XA
LP0029_05_L004	0.006567	0memhg19decoy	FalseDI26830XA
LP0029_06_L003	0.01057	0memhg19decoy	FalseDI26830XA
LP0030_03_L004	0.01511	0memhg19decoy	FalseDI26830XA
LP0030_05_L004	0.02041	0memhg19decoy	FalseDI26830XA
LP0020_01	0.01105	0memhg19decoy	True40
LP0020_02	0.01964	0memhg19decoy	True40
LP0020_03	0.01172	0memhg19decoy	True40
LP0020_04	0.01735	0memhg19decoy	True40
LP0020_05	0.01833	0memhg19decoy	True40
LP0020_06	0.01545	0memhg19decoy	True40
LP0020_07	0.02521	0memhg19decoy	True40
LP0020_08	0.01384	0memhg19decoy	True40
LP0025_01_L004	0	0memhg19decoy	True40
LP0025_02_L004	0.013	0memhg19decoy	True40
LP0025_03_L003	0.01452	0memhg19decoy	True40
LP0025_04_L004	0.01004	0memhg19decoy	True40
LP0025_05_L003	0.0145	0memhg19decoy	True40
LP0025_06_L003	0.01628	0memhg19decoy	True40
LP0025_07_L004	0.01201	0memhg19decoy	True40
LP0025_08_L004	0.01514	0memhg19decoy	True40
LP0025_10_L003	0.8344	0memhg19decoy	True40
LP0025_11_L003	0.02141	0memhg19decoy	True40
LP0025_12_L003	0.01294	0memhg19decoy	True40
LP0025_15_L003	0.0882	0memhg19decoy	True40
LP0025_17_L003	0.02677	0memhg19decoy	True40
LP0025_21_L004	0.1096	0memhg19decoy	True40
LP0025_24_L003	0.01412	0memhg19decoy	True40
LP0026_05_L003	0.02813	0memhg19decoy	True40
LP0026_07_L003	0.01014	0memhg19decoy	True40
LP0026_08_L003	0.2783	0memhg19decoy	True40
LP0026_22_L003	0.2202	0memhg19decoy	True40
LP0026_26_L004	0.448	0memhg19decoy	True40
LP0026_38_L004	0.1548	0memhg19decoy	True40
LP0026_42_L004	0.1583	0memhg19decoy	True40
LP0027_26_L003	0.1393	0memhg19decoy	True40
LP0027_35_L003	0.1595	0memhg19decoy	True40
LP0027_39_L003	0.1517	0memhg19decoy	True40
LP0028_01_L004	0.1062	0memhg19decoy	True40
LP0029_02_L004	0	0memhg19decoy	True40
LP0029_04_L003	0.01024	0memhg19decoy	True40
LP0029_05_L004	0.006797	0memhg19decoy	True40
LP0029_06_L003	0.01216	0memhg19decoy	True40
LP0030_03_L004	0.01391	0memhg19decoy	True40
LP0030_05_L004	0.0244	0memhg19decoy	True40
LP0020_01	0.01298	0memhg19decoy	TrueDI26830XA
LP0020_02	0.01612	0memhg19decoy	TrueDI26830XA
LP0020_03	0.009164	0memhg19decoy	TrueDI26830XA
LP0020_04	0	0memhg19decoy	TrueDI26830XA
LP0020_05	0.01527	0memhg19decoy	TrueDI26830XA
LP0020_06	0.01717	0memhg19decoy	TrueDI26830XA
LP0020_07	0.01958	0memhg19decoy	TrueDI26830XA
LP0020_08	0.01266	0memhg19decoy	TrueDI26830XA
LP0025_01_L004	0	0memhg19decoy	TrueDI26830XA
LP0025_02_L004	0.01429	0memhg19decoy	TrueDI26830XA
LP0025_03_L003	0.01342	0memhg19decoy	TrueDI26830XA
LP0025_04_L004	0	0memhg19decoy	TrueDI26830XA
LP0025_05_L003	0.01016	0memhg19decoy	TrueDI26830XA
LP0025_06_L003	0.01867	0memhg19decoy	TrueDI26830XA
LP0025_07_L004	0.01138	0memhg19decoy	TrueDI26830XA
LP0025_08_L004	0.02056	0memhg19decoy	TrueDI26830XA
LP0025_10_L003	0.8373	0memhg19decoy	TrueDI26830XA
LP0025_11_L003	0.02509	0memhg19decoy	TrueDI26830XA
LP0025_12_L003	0.01378	0memhg19decoy	TrueDI26830XA
LP0025_15_L003	0.0896	0memhg19decoy	TrueDI26830XA
LP0025_17_L003	0.02151	0memhg19decoy	TrueDI26830XA
LP0025_21_L004	0.1075	0memhg19decoy	TrueDI26830XA
LP0025_24_L003	0.01684	0memhg19decoy	TrueDI26830XA
LP0026_05_L003	0.02389	0memhg19decoy	TrueDI26830XA
LP0026_07_L003	0	0memhg19decoy	TrueDI26830XA
LP0026_08_L003	0.284	0memhg19decoy	TrueDI26830XA
LP0026_22_L003	0.2213	0memhg19decoy	TrueDI26830XA
LP0026_26_L004	0.4504	0memhg19decoy	TrueDI26830XA
LP0026_38_L004	0.1554	0memhg19decoy	TrueDI26830XA
LP0026_42_L004	0.1497	0memhg19decoy	TrueDI26830XA
LP0027_26_L003	0.1389	0memhg19decoy	TrueDI26830XA
LP0027_35_L003	0.1597	0memhg19decoy	TrueDI26830XA
LP0027_39_L003	0.1517	0memhg19decoy	TrueDI26830XA
LP0028_01_L004	0.1192	0memhg19decoy	TrueDI26830XA
LP0029_02_L004	0.008166	0memhg19decoy	TrueDI26830XA
LP0029_04_L003	0.01252	0memhg19decoy	TrueDI26830XA
LP0029_05_L004	0.007146	0memhg19decoy	TrueDI26830XA
LP0029_06_L003	0.01138	0memhg19decoy	TrueDI26830XA
LP0030_03_L004	0.01564	0memhg19decoy	TrueDI26830XA
LP0030_05_L004	0.01935	0memhg19decoy	TrueDI26830XA
LP0020_01	0.01102	0memhg38	False40
LP0020_02	0.01706	0memhg38	False40
LP0020_03	0.01082	0memhg38	False40
LP0020_04	0.01479	0memhg38	False40
LP0020_05	0.01745	0memhg38	False40
LP0020_06	0.01473	0memhg38	False40
LP0020_07	0.01839	0memhg38	False40
LP0020_08	0.01728	0memhg38	False40
LP0025_01_L004	0.008859	0memhg38	False40
LP0025_02_L004	0.01503	0memhg38	False40
LP0025_03_L003	0.01342	0memhg38	False40
LP0025_04_L004	0.01069	0memhg38	False40
LP0025_05_L003	0.01833	0memhg38	False40
LP0025_06_L003	0.01649	0memhg38	False40
LP0025_07_L004	0.01275	0memhg38	False40
LP0025_08_L004	0.01067	0memhg38	False40
LP0025_10_L003	0.8363	0memhg38	False40
LP0025_11_L003	0.02111	0memhg38	False40
LP0025_12_L003	0.01341	0memhg38	False40
LP0025_15_L003	0.08477	0memhg38	False40
LP0025_17_L003	0.03148	0memhg38	False40
LP0025_21_L004	0.1072	0memhg38	False40
LP0025_24_L003	0.01236	0memhg38	False40
LP0026_05_L003	0.02491	0memhg38	False40
LP0026_07_L003	0.01487	0memhg38	False40
LP0026_08_L003	0.2805	0memhg38	False40
LP0026_22_L003	0.2249	0memhg38	False40
LP0026_26_L004	0.4464	0memhg38	False40
LP0026_38_L004	0.1619	0memhg38	False40
LP0026_42_L004	0.1413	0memhg38	False40
LP0027_26_L003	0.1422	0memhg38	False40
LP0027_35_L003	0.1608	0memhg38	False40
LP0027_39_L003	0.1642	0memhg38	False40
LP0028_01_L004	0.1088	0memhg38	False40
LP0029_02_L004	0.009858	0memhg38	False40
LP0029_04_L003	0.01095	0memhg38	False40
LP0029_05_L004	0	0memhg38	False40
LP0029_06_L003	0.01107	0memhg38	False40
LP0030_03_L004	0.01114	0memhg38	False40
LP0030_05_L004	0.01869	0memhg38	False40
LP0020_01	0.01125	0memhg38	FalseDI26830XA
LP0020_02	0.01511	0memhg38	FalseDI26830XA
LP0020_03	0.01234	0memhg38	FalseDI26830XA
LP0020_04	0.01307	0memhg38	FalseDI26830XA
LP0020_05	0.0175	0memhg38	FalseDI26830XA
LP0020_06	0.01735	0memhg38	FalseDI26830XA
LP0020_07	0.02037	0memhg38	FalseDI26830XA
LP0020_08	0.01779	0memhg38	FalseDI26830XA
LP0025_01_L004	0.008873	0memhg38	FalseDI26830XA
LP0025_02_L004	0.01448	0memhg38	FalseDI26830XA
LP0025_03_L003	0.01459	0memhg38	FalseDI26830XA
LP0025_04_L004	0.009692	0memhg38	FalseDI26830XA
LP0025_05_L003	0.02077	0memhg38	FalseDI26830XA
LP0025_06_L003	0.01865	0memhg38	FalseDI26830XA
LP0025_07_L004	0.01199	0memhg38	FalseDI26830XA
LP0025_08_L004	0.01082	0memhg38	FalseDI26830XA
LP0025_10_L003	0.838	0memhg38	FalseDI26830XA
LP0025_11_L003	0.02116	0memhg38	FalseDI26830XA
LP0025_12_L003	0.01518	0memhg38	FalseDI26830XA
LP0025_15_L003	0.08866	0memhg38	FalseDI26830XA
LP0025_17_L003	0.02982	0memhg38	FalseDI26830XA
LP0025_21_L004	0.1077	0memhg38	FalseDI26830XA
LP0025_24_L003	0.01285	0memhg38	FalseDI26830XA
LP0026_05_L003	0.02323	0memhg38	FalseDI26830XA
LP0026_07_L003	0.01567	0memhg38	FalseDI26830XA
LP0026_08_L003	0.2826	0memhg38	FalseDI26830XA
LP0026_22_L003	0.2212	0memhg38	FalseDI26830XA
LP0026_26_L004	0.4473	0memhg38	FalseDI26830XA
LP0026_38_L004	0.1609	0memhg38	FalseDI26830XA
LP0026_42_L004	0.1412	0memhg38	FalseDI26830XA
LP0027_26_L003	0.1181	0memhg38	FalseDI26830XA
LP0027_35_L003	0.1593	0memhg38	FalseDI26830XA
LP0027_39_L003	0.1551	0memhg38	FalseDI26830XA
LP0028_01_L004	0.1108	0memhg38	FalseDI26830XA
LP0029_02_L004	0.008247	0memhg38	FalseDI26830XA
LP0029_04_L003	0.01101	0memhg38	FalseDI26830XA
LP0029_05_L004	0	0memhg38	FalseDI26830XA
LP0029_06_L003	0.009962	0memhg38	FalseDI26830XA
LP0030_03_L004	0.01129	0memhg38	FalseDI26830XA
LP0030_05_L004	0.01755	0memhg38	FalseDI26830XA
LP0020_01	0.008243	0memhg38	True40
LP0020_02	0.01561	0memhg38	True40
LP0020_03	0.01325	0memhg38	True40
LP0020_04	0.01766	0memhg38	True40
LP0020_05	0.01571	0memhg38	True40
LP0020_06	0.01486	0memhg38	True40
LP0020_07	0.01938	0memhg38	True40
LP0020_08	0.01905	0memhg38	True40
LP0025_01_L004	0.007834	0memhg38	True40
LP0025_02_L004	0.01352	0memhg38	True40
LP0025_03_L003	0.014	0memhg38	True40
LP0025_04_L004	0.01074	0memhg38	True40
LP0025_05_L003	0.01686	0memhg38	True40
LP0025_06_L003	0.01723	0memhg38	True40
LP0025_07_L004	0.01384	0memhg38	True40
LP0025_08_L004	0.01156	0memhg38	True40
LP0025_10_L003	0.838	0memhg38	True40
LP0025_11_L003	0.02127	0memhg38	True40
LP0025_12_L003	0.01716	0memhg38	True40
LP0025_15_L003	0.08494	0memhg38	True40
LP0025_17_L003	0.03578	0memhg38	True40
LP0025_21_L004	0.1093	0memhg38	True40
LP0025_24_L003	0.01436	0memhg38	True40
LP0026_05_L003	0.02561	0memhg38	True40
LP0026_07_L003	0.01694	0memhg38	True40
LP0026_08_L003	0.2798	0memhg38	True40
LP0026_22_L003	0.2234	0memhg38	True40
LP0026_26_L004	0.4475	0memhg38	True40
LP0026_38_L004	0.151	0memhg38	True40
LP0026_42_L004	0.143	0memhg38	True40
LP0027_26_L003	0.1426	0memhg38	True40
LP0027_35_L003	0.1604	0memhg38	True40
LP0027_39_L003	0.1596	0memhg38	True40
LP0028_01_L004	0.1077	0memhg38	True40
LP0029_02_L004	0.009393	0memhg38	True40
LP0029_04_L003	0.008818	0memhg38	True40
LP0029_05_L004	0	0memhg38	True40
LP0029_06_L003	0.007464	0memhg38	True40
LP0030_03_L004	0	0memhg38	True40
LP0030_05_L004	0.01699	0memhg38	True40
LP0020_01	0.0111	0memhg38	TrueDI26830XA
LP0020_02	0.01218	0memhg38	TrueDI26830XA
LP0020_03	0.01654	0memhg38	TrueDI26830XA
LP0020_04	0	0memhg38	TrueDI26830XA
LP0020_05	0.01413	0memhg38	TrueDI26830XA
LP0020_06	0.01692	0memhg38	TrueDI26830XA
LP0020_07	0.01666	0memhg38	TrueDI26830XA
LP0020_08	0.01827	0memhg38	TrueDI26830XA
LP0025_01_L004	0	0memhg38	TrueDI26830XA
LP0025_02_L004	0.01597	0memhg38	TrueDI26830XA
LP0025_03_L003	0.01587	0memhg38	TrueDI26830XA
LP0025_04_L004	0	0memhg38	TrueDI26830XA
LP0025_05_L003	0.02045	0memhg38	TrueDI26830XA
LP0025_06_L003	0.02009	0memhg38	TrueDI26830XA
LP0025_07_L004	0.01355	0memhg38	TrueDI26830XA
LP0025_08_L004	0.01324	0memhg38	TrueDI26830XA
LP0025_10_L003	0.8396	0memhg38	TrueDI26830XA
LP0025_11_L003	0.02192	0memhg38	TrueDI26830XA
LP0025_12_L003	0.01707	0memhg38	TrueDI26830XA
LP0025_15_L003	0.08723	0memhg38	TrueDI26830XA
LP0025_17_L003	0.03131	0memhg38	TrueDI26830XA
LP0025_21_L004	0.1077	0memhg38	TrueDI26830XA
LP0025_24_L003	0.01312	0memhg38	TrueDI26830XA
LP0026_05_L003	0.02435	0memhg38	TrueDI26830XA
LP0026_07_L003	0.01685	0memhg38	TrueDI26830XA
LP0026_08_L003	0.283	0memhg38	TrueDI26830XA
LP0026_22_L003	0.2213	0memhg38	TrueDI26830XA
LP0026_26_L004	0.4459	0memhg38	TrueDI26830XA
LP0026_38_L004	0.1539	0memhg38	TrueDI26830XA
LP0026_42_L004	0.1412	0memhg38	TrueDI26830XA
LP0027_26_L003	0.1213	0memhg38	TrueDI26830XA
LP0027_35_L003	0.1592	0memhg38	TrueDI26830XA
LP0027_39_L003	0.1638	0memhg38	TrueDI26830XA
LP0028_01_L004	0.1226	0memhg38	TrueDI26830XA
LP0029_02_L004	0.008875	0memhg38	TrueDI26830XA
LP0029_04_L003	0.01103	0memhg38	TrueDI26830XA
LP0029_05_L004	0	0memhg38	TrueDI26830XA
LP0029_06_L003	0.009923	0memhg38	TrueDI26830XA
LP0030_03_L004	0.01125	0memhg38	TrueDI26830XA
LP0030_05_L004	0.02185	0memhg38	TrueDI26830XA
LP0020_01	0.009712	0memhg38noalt	False40
LP0020_02	0.01911	0memhg38noalt	False40
LP0020_03	0.01548	0memhg38noalt	False40
LP0020_04	0.01526	0memhg38noalt	False40
LP0020_05	0.02088	0memhg38noalt	False40
LP0020_06	0.01456	0memhg38noalt	False40
LP0020_07	0.01516	0memhg38noalt	False40
LP0020_08	0.01703	0memhg38noalt	False40
LP0025_01_L004	0.01071	0memhg38noalt	False40
LP0025_02_L004	0.01513	0memhg38noalt	False40
LP0025_03_L003	0.01231	0memhg38noalt	False40
LP0025_04_L004	0.01018	0memhg38noalt	False40
LP0025_05_L003	0.02225	0memhg38noalt	False40
LP0025_06_L003	0.01824	0memhg38noalt	False40
LP0025_07_L004	0.01241	0memhg38noalt	False40
LP0025_08_L004	0.01251	0memhg38noalt	False40
LP0025_10_L003	0.8355	0memhg38noalt	False40
LP0025_11_L003	0.02033	0memhg38noalt	False40
LP0025_12_L003	0.01409	0memhg38noalt	False40
LP0025_15_L003	0.08276	0memhg38noalt	False40
LP0025_17_L003	0.03014	0memhg38noalt	False40
LP0025_21_L004	0.1065	0memhg38noalt	False40
LP0025_24_L003	0.01486	0memhg38noalt	False40
LP0026_05_L003	0.02534	0memhg38noalt	False40
LP0026_07_L003	0.01614	0memhg38noalt	False40
LP0026_08_L003	0.2818	0memhg38noalt	False40
LP0026_22_L003	0.2252	0memhg38noalt	False40
LP0026_26_L004	0.4463	0memhg38noalt	False40
LP0026_38_L004	0.1624	0memhg38noalt	False40
LP0026_42_L004	0.141	0memhg38noalt	False40
LP0027_26_L003	0.1419	0memhg38noalt	False40
LP0027_35_L003	0.1607	0memhg38noalt	False40
LP0027_39_L003	0.151	0memhg38noalt	False40
LP0028_01_L004	0.1098	0memhg38noalt	False40
LP0029_02_L004	0.009593	0memhg38noalt	False40
LP0029_04_L003	0.01223	0memhg38noalt	False40
LP0029_05_L004	0	0memhg38noalt	False40
LP0029_06_L003	0.01149	0memhg38noalt	False40
LP0030_03_L004	0.01339	0memhg38noalt	False40
LP0030_05_L004	0.01706	0memhg38noalt	False40
LP0020_01	0.01025	0memhg38noalt	FalseDI26830XA
LP0020_02	0.02046	0memhg38noalt	FalseDI26830XA
LP0020_03	0.01578	0memhg38noalt	FalseDI26830XA
LP0020_04	0.01657	0memhg38noalt	FalseDI26830XA
LP0020_05	0.02068	0memhg38noalt	FalseDI26830XA
LP0020_06	0.01753	0memhg38noalt	FalseDI26830XA
LP0020_07	0.01316	0memhg38noalt	FalseDI26830XA
LP0020_08	0.01813	0memhg38noalt	FalseDI26830XA
LP0025_01_L004	0.009369	0memhg38noalt	FalseDI26830XA
LP0025_02_L004	0.01478	0memhg38noalt	FalseDI26830XA
LP0025_03_L003	0.01507	0memhg38noalt	FalseDI26830XA
LP0025_04_L004	0.009334	0memhg38noalt	FalseDI26830XA
LP0025_05_L003	0.01845	0memhg38noalt	FalseDI26830XA
LP0025_06_L003	0.01866	0memhg38noalt	FalseDI26830XA
LP0025_07_L004	0.01153	0memhg38noalt	FalseDI26830XA
LP0025_08_L004	0.01069	0memhg38noalt	FalseDI26830XA
LP0025_10_L003	0.8371	0memhg38noalt	FalseDI26830XA
LP0025_11_L003	0.02121	0memhg38noalt	FalseDI26830XA
LP0025_12_L003	0.01475	0memhg38noalt	FalseDI26830XA
LP0025_15_L003	0.08414	0memhg38noalt	FalseDI26830XA
LP0025_17_L003	0.03004	0memhg38noalt	FalseDI26830XA
LP0025_21_L004	0.1074	0memhg38noalt	FalseDI26830XA
LP0025_24_L003	0.01467	0memhg38noalt	FalseDI26830XA
LP0026_05_L003	0.02746	0memhg38noalt	FalseDI26830XA
LP0026_07_L003	0.01587	0memhg38noalt	FalseDI26830XA
LP0026_08_L003	0.2835	0memhg38noalt	FalseDI26830XA
LP0026_22_L003	0.2253	0memhg38noalt	FalseDI26830XA
LP0026_26_L004	0.4468	0memhg38noalt	FalseDI26830XA
LP0026_38_L004	0.1588	0memhg38noalt	FalseDI26830XA
LP0026_42_L004	0.1405	0memhg38noalt	FalseDI26830XA
LP0027_26_L003	0.1152	0memhg38noalt	FalseDI26830XA
LP0027_35_L003	0.153	0memhg38noalt	FalseDI26830XA
LP0027_39_L003	0.1559	0memhg38noalt	FalseDI26830XA
LP0028_01_L004	0.1231	0memhg38noalt	FalseDI26830XA
LP0029_02_L004	0.008199	0memhg38noalt	FalseDI26830XA
LP0029_04_L003	0.01305	0memhg38noalt	FalseDI26830XA
LP0029_05_L004	0	0memhg38noalt	FalseDI26830XA
LP0029_06_L003	0.01075	0memhg38noalt	FalseDI26830XA
LP0030_03_L004	0.01258	0memhg38noalt	FalseDI26830XA
LP0030_05_L004	0.01606	0memhg38noalt	FalseDI26830XA
LP0020_01	0.008603	0memhg38noalt	True40
LP0020_02	0.02071	0memhg38noalt	True40
LP0020_03	0.01345	0memhg38noalt	True40
LP0020_04	0.02092	0memhg38noalt	True40
LP0020_05	0.01798	0memhg38noalt	True40
LP0020_06	0.01274	0memhg38noalt	True40
LP0020_07	0.01511	0memhg38noalt	True40
LP0020_08	0.0188	0memhg38noalt	True40
LP0025_01_L004	0.009351	0memhg38noalt	True40
LP0025_02_L004	0.01684	0memhg38noalt	True40
LP0025_03_L003	0.01548	0memhg38noalt	True40
LP0025_04_L004	0.01144	0memhg38noalt	True40
LP0025_05_L003	0.02159	0memhg38noalt	True40
LP0025_06_L003	0.01991	0memhg38noalt	True40
LP0025_07_L004	0.0112	0memhg38noalt	True40
LP0025_08_L004	0.01135	0memhg38noalt	True40
LP0025_10_L003	0.838	0memhg38noalt	True40
LP0025_11_L003	0.02035	0memhg38noalt	True40
LP0025_12_L003	0.01509	0memhg38noalt	True40
LP0025_15_L003	0.08342	0memhg38noalt	True40
LP0025_17_L003	0.03208	0memhg38noalt	True40
LP0025_21_L004	0.1067	0memhg38noalt	True40
LP0025_24_L003	0.01583	0memhg38noalt	True40
LP0026_05_L003	0.02358	0memhg38noalt	True40
LP0026_07_L003	0.01677	0memhg38noalt	True40
LP0026_08_L003	0.2823	0memhg38noalt	True40
LP0026_22_L003	0.2211	0memhg38noalt	True40
LP0026_26_L004	0.4467	0memhg38noalt	True40
LP0026_38_L004	0.1516	0memhg38noalt	True40
LP0026_42_L004	0.1393	0memhg38noalt	True40
LP0027_26_L003	0.1167	0memhg38noalt	True40
LP0027_35_L003	0.1597	0memhg38noalt	True40
LP0027_39_L003	0.1564	0memhg38noalt	True40
LP0028_01_L004	0.1212	0memhg38noalt	True40
LP0029_02_L004	0.01137	0memhg38noalt	True40
LP0029_04_L003	0.01294	0memhg38noalt	True40
LP0029_05_L004	0.007271	0memhg38noalt	True40
LP0029_06_L003	0.00893	0memhg38noalt	True40
LP0030_03_L004	0.01297	0memhg38noalt	True40
LP0030_05_L004	0.01796	0memhg38noalt	True40
LP0020_01	0.007582	0memhg38noalt	TrueDI26830XA
LP0020_02	0.01802	0memhg38noalt	TrueDI26830XA
LP0020_03	0.01553	0memhg38noalt	TrueDI26830XA
LP0020_04	0.02152	0memhg38noalt	TrueDI26830XA
LP0020_05	0.02286	0memhg38noalt	TrueDI26830XA
LP0020_06	0.01803	0memhg38noalt	TrueDI26830XA
LP0020_07	0.01576	0memhg38noalt	TrueDI26830XA
LP0020_08	0.01957	0memhg38noalt	TrueDI26830XA
LP0025_01_L004	0.007542	0memhg38noalt	TrueDI26830XA
LP0025_02_L004	0.01386	0memhg38noalt	TrueDI26830XA
LP0025_03_L003	0.01642	0memhg38noalt	TrueDI26830XA
LP0025_04_L004	0	0memhg38noalt	TrueDI26830XA
LP0025_05_L003	0.0231	0memhg38noalt	TrueDI26830XA
LP0025_06_L003	0.02053	0memhg38noalt	TrueDI26830XA
LP0025_07_L004	0.01021	0memhg38noalt	TrueDI26830XA
LP0025_08_L004	0.01492	0memhg38noalt	TrueDI26830XA
LP0025_10_L003	0.8366	0memhg38noalt	TrueDI26830XA
LP0025_11_L003	0.02272	0memhg38noalt	TrueDI26830XA
LP0025_12_L003	0.01568	0memhg38noalt	TrueDI26830XA
LP0025_15_L003	0.08429	0memhg38noalt	TrueDI26830XA
LP0025_17_L003	0.03574	0memhg38noalt	TrueDI26830XA
LP0025_21_L004	0.1065	0memhg38noalt	TrueDI26830XA
LP0025_24_L003	0.01652	0memhg38noalt	TrueDI26830XA
LP0026_05_L003	0.02477	0memhg38noalt	TrueDI26830XA
LP0026_07_L003	0.01436	0memhg38noalt	TrueDI26830XA
LP0026_08_L003	0.2819	0memhg38noalt	TrueDI26830XA
LP0026_22_L003	0.2248	0memhg38noalt	TrueDI26830XA
LP0026_26_L004	0.4464	0memhg38noalt	TrueDI26830XA
LP0026_38_L004	0.154	0memhg38noalt	TrueDI26830XA
LP0026_42_L004	0.1397	0memhg38noalt	TrueDI26830XA
LP0027_26_L003	0.1225	0memhg38noalt	TrueDI26830XA
LP0027_35_L003	0.1515	0memhg38noalt	TrueDI26830XA
LP0027_39_L003	0.1596	0memhg38noalt	TrueDI26830XA
LP0028_01_L004	0.123	0memhg38noalt	TrueDI26830XA
LP0029_02_L004	0.009771	0memhg38noalt	TrueDI26830XA
LP0029_04_L003	0.01501	0memhg38noalt	TrueDI26830XA
LP0029_05_L004	0.006324	0memhg38noalt	TrueDI26830XA
LP0029_06_L003	0	0memhg38noalt	TrueDI26830XA
LP0030_03_L004	0.01172	0memhg38noalt	TrueDI26830XA
LP0030_05_L004	0.01934	0memhg38noalt	TrueDI26830XA
LP0020_01	0.01015	30memhg19	False40
LP0020_02	0.01658	30memhg19	False40
LP0020_03	0.01136	30memhg19	False40
LP0020_04	0.01842	30memhg19	False40
LP0020_05	0.01238	30memhg19	False40
LP0020_06	0.01278	30memhg19	False40
LP0020_07	0.01654	30memhg19	False40
LP0020_08	0.01391	30memhg19	False40
LP0025_01_L004	0.00832	30memhg19	False40
LP0025_02_L004	0.01423	30memhg19	False40
LP0025_03_L003	0.01329	30memhg19	False40
LP0025_04_L004	0	30memhg19	False40
LP0025_05_L003	0	30memhg19	False40
LP0025_06_L003	0.01868	30memhg19	False40
LP0025_07_L004	0.01193	30memhg19	False40
LP0025_08_L004	0.01745	30memhg19	False40
LP0025_10_L003	0.8359	30memhg19	False40
LP0025_11_L003	0.01841	30memhg19	False40
LP0025_12_L003	0.01217	30memhg19	False40
LP0025_15_L003	0.08588	30memhg19	False40
LP0025_17_L003	0.02265	30memhg19	False40
LP0025_21_L004	0.1093	30memhg19	False40
LP0025_24_L003	0.01306	30memhg19	False40
LP0026_05_L003	0.02736	30memhg19	False40
LP0026_07_L003	0	30memhg19	False40
LP0026_08_L003	0.2763	30memhg19	False40
LP0026_22_L003	0.2174	30memhg19	False40
LP0026_26_L004	0.449	30memhg19	False40
LP0026_38_L004	0.1538	30memhg19	False40
LP0026_42_L004	0.1517	30memhg19	False40
LP0027_26_L003	0.1392	30memhg19	False40
LP0027_35_L003	0.1602	30memhg19	False40
LP0027_39_L003	0.151	30memhg19	False40
LP0028_01_L004	0.1051	30memhg19	False40
LP0029_02_L004	0	30memhg19	False40
LP0029_04_L003	0.0159	30memhg19	False40
LP0029_05_L004	0.008171	30memhg19	False40
LP0029_06_L003	0.01061	30memhg19	False40
LP0030_03_L004	0.01325	30memhg19	False40
LP0030_05_L004	0.02494	30memhg19	False40
LP0020_01	0.0119	30memhg19	FalseDI26830XA
LP0020_02	0.0158	30memhg19	FalseDI26830XA
LP0020_03	0.01164	30memhg19	FalseDI26830XA
LP0020_04	0	30memhg19	FalseDI26830XA
LP0020_05	0.01018	30memhg19	FalseDI26830XA
LP0020_06	0.0177	30memhg19	FalseDI26830XA
LP0020_07	0.01391	30memhg19	FalseDI26830XA
LP0020_08	0.01389	30memhg19	FalseDI26830XA
LP0025_01_L004	0.008247	30memhg19	FalseDI26830XA
LP0025_02_L004	0.01387	30memhg19	FalseDI26830XA
LP0025_03_L003	0.01425	30memhg19	FalseDI26830XA
LP0025_04_L004	0	30memhg19	FalseDI26830XA
LP0025_05_L003	0	30memhg19	FalseDI26830XA
LP0025_06_L003	0.01931	30memhg19	FalseDI26830XA
LP0025_07_L004	0.01041	30memhg19	FalseDI26830XA
LP0025_08_L004	0.01852	30memhg19	FalseDI26830XA
LP0025_10_L003	0.8377	30memhg19	FalseDI26830XA
LP0025_11_L003	0.01983	30memhg19	FalseDI26830XA
LP0025_12_L003	0.01218	30memhg19	FalseDI26830XA
LP0025_15_L003	0.08578	30memhg19	FalseDI26830XA
LP0025_17_L003	0.01852	30memhg19	FalseDI26830XA
LP0025_21_L004	0.1078	30memhg19	FalseDI26830XA
LP0025_24_L003	0.01538	30memhg19	FalseDI26830XA
LP0026_05_L003	0.02515	30memhg19	FalseDI26830XA
LP0026_07_L003	0	30memhg19	FalseDI26830XA
LP0026_08_L003	0.2827	30memhg19	FalseDI26830XA
LP0026_22_L003	0.2186	30memhg19	FalseDI26830XA
LP0026_26_L004	0.4496	30memhg19	FalseDI26830XA
LP0026_38_L004	0.1548	30memhg19	FalseDI26830XA
LP0026_42_L004	0.1521	30memhg19	FalseDI26830XA
LP0027_26_L003	0.1382	30memhg19	FalseDI26830XA
LP0027_35_L003	0.1593	30memhg19	FalseDI26830XA
LP0027_39_L003	0.1571	30memhg19	FalseDI26830XA
LP0028_01_L004	0.1078	30memhg19	FalseDI26830XA
LP0029_02_L004	0.007344	30memhg19	FalseDI26830XA
LP0029_04_L003	0.01534	30memhg19	FalseDI26830XA
LP0029_05_L004	0.007193	30memhg19	FalseDI26830XA
LP0029_06_L003	0.01201	30memhg19	FalseDI26830XA
LP0030_03_L004	0.01459	30memhg19	FalseDI26830XA
LP0030_05_L004	0.0228	30memhg19	FalseDI26830XA
LP0020_01	0.009229	30memhg19	True40
LP0020_02	0.01889	30memhg19	True40
LP0020_03	0.01212	30memhg19	True40
LP0020_04	0	30memhg19	True40
LP0020_05	0.01096	30memhg19	True40
LP0020_06	0.01467	30memhg19	True40
LP0020_07	0.01648	30memhg19	True40
LP0020_08	0.01289	30memhg19	True40
LP0025_01_L004	0.01023	30memhg19	True40
LP0025_02_L004	0.01394	30memhg19	True40
LP0025_03_L003	0.01613	30memhg19	True40
LP0025_04_L004	0.01056	30memhg19	True40
LP0025_05_L003	0	30memhg19	True40
LP0025_06_L003	0.01889	30memhg19	True40
LP0025_07_L004	0.01163	30memhg19	True40
LP0025_08_L004	0.01748	30memhg19	True40
LP0025_10_L003	0.8345	30memhg19	True40
LP0025_11_L003	0.01792	30memhg19	True40
LP0025_12_L003	0.0141	30memhg19	True40
LP0025_15_L003	0.08756	30memhg19	True40
LP0025_17_L003	0.02674	30memhg19	True40
LP0025_21_L004	0.1095	30memhg19	True40
LP0025_24_L003	0.0122	30memhg19	True40
LP0026_05_L003	0.02846	30memhg19	True40
LP0026_07_L003	0.01169	30memhg19	True40
LP0026_08_L003	0.2775	30memhg19	True40
LP0026_22_L003	0.2146	30memhg19	True40
LP0026_26_L004	0.4489	30memhg19	True40
LP0026_38_L004	0.1529	30memhg19	True40
LP0026_42_L004	0.1532	30memhg19	True40
LP0027_26_L003	0.1392	30memhg19	True40
LP0027_35_L003	0.1588	30memhg19	True40
LP0027_39_L003	0.1508	30memhg19	True40
LP0028_01_L004	0.109	30memhg19	True40
LP0029_02_L004	0	30memhg19	True40
LP0029_04_L003	0.01385	30memhg19	True40
LP0029_05_L004	0.008121	30memhg19	True40
LP0029_06_L003	0.01156	30memhg19	True40
LP0030_03_L004	0.01426	30memhg19	True40
LP0030_05_L004	0.01972	30memhg19	True40
LP0020_01	0.01238	30memhg19	TrueDI26830XA
LP0020_02	0.01889	30memhg19	TrueDI26830XA
LP0020_03	0.009582	30memhg19	TrueDI26830XA
LP0020_04	0.01762	30memhg19	TrueDI26830XA
LP0020_05	0.01548	30memhg19	TrueDI26830XA
LP0020_06	0.0188	30memhg19	TrueDI26830XA
LP0020_07	0.02177	30memhg19	TrueDI26830XA
LP0020_08	0.01665	30memhg19	TrueDI26830XA
LP0025_01_L004	0.008262	30memhg19	TrueDI26830XA
LP0025_02_L004	0.01256	30memhg19	TrueDI26830XA
LP0025_03_L003	0.01408	30memhg19	TrueDI26830XA
LP0025_04_L004	0	30memhg19	TrueDI26830XA
LP0025_05_L003	0.01558	30memhg19	TrueDI26830XA
LP0025_06_L003	0.02031	30memhg19	TrueDI26830XA
LP0025_07_L004	0.01034	30memhg19	TrueDI26830XA
LP0025_08_L004	0.0202	30memhg19	TrueDI26830XA
LP0025_10_L003	0.8372	30memhg19	TrueDI26830XA
LP0025_11_L003	0.01957	30memhg19	TrueDI26830XA
LP0025_12_L003	0.01355	30memhg19	TrueDI26830XA
LP0025_15_L003	0.0908	30memhg19	TrueDI26830XA
LP0025_17_L003	0.02106	30memhg19	TrueDI26830XA
LP0025_21_L004	0.1086	30memhg19	TrueDI26830XA
LP0025_24_L003	0.01294	30memhg19	TrueDI26830XA
LP0026_05_L003	0.02576	30memhg19	TrueDI26830XA
LP0026_07_L003	0	30memhg19	TrueDI26830XA
LP0026_08_L003	0.2841	30memhg19	TrueDI26830XA
LP0026_22_L003	0.2184	30memhg19	TrueDI26830XA
LP0026_26_L004	0.449	30memhg19	TrueDI26830XA
LP0026_38_L004	0.1531	30memhg19	TrueDI26830XA
LP0026_42_L004	0.1579	30memhg19	TrueDI26830XA
LP0027_26_L003	0.1384	30memhg19	TrueDI26830XA
LP0027_35_L003	0.1519	30memhg19	TrueDI26830XA
LP0027_39_L003	0.1546	30memhg19	TrueDI26830XA
LP0028_01_L004	0.1078	30memhg19	TrueDI26830XA
LP0029_02_L004	0	30memhg19	TrueDI26830XA
LP0029_04_L003	0.01228	30memhg19	TrueDI26830XA
LP0029_05_L004	0.007925	30memhg19	TrueDI26830XA
LP0029_06_L003	0.01235	30memhg19	TrueDI26830XA
LP0030_03_L004	0.01539	30memhg19	TrueDI26830XA
LP0030_05_L004	0.02133	30memhg19	TrueDI26830XA
LP0020_01	0.01077	30memhg19decoy	False40
LP0020_02	0.01928	30memhg19decoy	False40
LP0020_03	0.01087	30memhg19decoy	False40
LP0020_04	0.02039	30memhg19decoy	False40
LP0020_05	0.01163	30memhg19decoy	False40
LP0020_06	0.01295	30memhg19decoy	False40
LP0020_07	0.01638	30memhg19decoy	False40
LP0020_08	0.01479	30memhg19decoy	False40
LP0025_01_L004	0.008226	30memhg19decoy	False40
LP0025_02_L004	0.01417	30memhg19decoy	False40
LP0025_03_L003	0.01336	30memhg19decoy	False40
LP0025_04_L004	0	30memhg19decoy	False40
LP0025_05_L003	0.01077	30memhg19decoy	False40
LP0025_06_L003	0.01791	30memhg19decoy	False40
LP0025_07_L004	0.01184	30memhg19decoy	False40
LP0025_08_L004	0.01777	30memhg19decoy	False40
LP0025_10_L003	0.8368	30memhg19decoy	False40
LP0025_11_L003	0.01876	30memhg19decoy	False40
LP0025_12_L003	0.01188	30memhg19decoy	False40
LP0025_15_L003	0.08586	30memhg19decoy	False40
LP0025_17_L003	0.02227	30memhg19decoy	False40
LP0025_21_L004	0.109	30memhg19decoy	False40
LP0025_24_L003	0.01309	30memhg19decoy	False40
LP0026_05_L003	0.02789	30memhg19decoy	False40
LP0026_07_L003	0	30memhg19decoy	False40
LP0026_08_L003	0.2766	30memhg19decoy	False40
LP0026_22_L003	0.2178	30memhg19decoy	False40
LP0026_26_L004	0.4489	30memhg19decoy	False40
LP0026_38_L004	0.1541	30memhg19decoy	False40
LP0026_42_L004	0.1509	30memhg19decoy	False40
LP0027_26_L003	0.1393	30memhg19decoy	False40
LP0027_35_L003	0.1605	30memhg19decoy	False40
LP0027_39_L003	0.1502	30memhg19decoy	False40
LP0028_01_L004	0.1048	30memhg19decoy	False40
LP0029_02_L004	0	30memhg19decoy	False40
LP0029_04_L003	0.01626	30memhg19decoy	False40
LP0029_05_L004	0.007937	30memhg19decoy	False40
LP0029_06_L003	0.01037	30memhg19decoy	False40
LP0030_03_L004	0.01333	30memhg19decoy	False40
LP0030_05_L004	0.02442	30memhg19decoy	False40
LP0020_01	0.01221	30memhg19decoy	FalseDI26830XA
LP0020_02	0.01597	30memhg19decoy	FalseDI26830XA
LP0020_03	0.01185	30memhg19decoy	FalseDI26830XA
LP0020_04	0.0156	30memhg19decoy	FalseDI26830XA
LP0020_05	0.01012	30memhg19decoy	FalseDI26830XA
LP0020_06	0.01717	30memhg19decoy	FalseDI26830XA
LP0020_07	0.01677	30memhg19decoy	FalseDI26830XA
LP0020_08	0.01503	30memhg19decoy	FalseDI26830XA
LP0025_01_L004	0.008218	30memhg19decoy	FalseDI26830XA
LP0025_02_L004	0.01409	30memhg19decoy	FalseDI26830XA
LP0025_03_L003	0.01445	30memhg19decoy	FalseDI26830XA
LP0025_04_L004	0	30memhg19decoy	FalseDI26830XA
LP0025_05_L003	0.01116	30memhg19decoy	FalseDI26830XA
LP0025_06_L003	0.01926	30memhg19decoy	FalseDI26830XA
LP0025_07_L004	0.01093	30memhg19decoy	FalseDI26830XA
LP0025_08_L004	0.01687	30memhg19decoy	FalseDI26830XA
LP0025_10_L003	0.8382	30memhg19decoy	FalseDI26830XA
LP0025_11_L003	0.02103	30memhg19decoy	FalseDI26830XA
LP0025_12_L003	0.01177	30memhg19decoy	FalseDI26830XA
LP0025_15_L003	0.08573	30memhg19decoy	FalseDI26830XA
LP0025_17_L003	0.01876	30memhg19decoy	FalseDI26830XA
LP0025_21_L004	0.108	30memhg19decoy	FalseDI26830XA
LP0025_24_L003	0.0155	30memhg19decoy	FalseDI26830XA
LP0026_05_L003	0.02499	30memhg19decoy	FalseDI26830XA
LP0026_07_L003	0.007718	30memhg19decoy	FalseDI26830XA
LP0026_08_L003	0.2834	30memhg19decoy	FalseDI26830XA
LP0026_22_L003	0.2191	30memhg19decoy	FalseDI26830XA
LP0026_26_L004	0.4495	30memhg19decoy	FalseDI26830XA
LP0026_38_L004	0.1552	30memhg19decoy	FalseDI26830XA
LP0026_42_L004	0.1556	30memhg19decoy	FalseDI26830XA
LP0027_26_L003	0.1381	30memhg19decoy	FalseDI26830XA
LP0027_35_L003	0.1596	30memhg19decoy	FalseDI26830XA
LP0027_39_L003	0.158	30memhg19decoy	FalseDI26830XA
LP0028_01_L004	0.1076	30memhg19decoy	FalseDI26830XA
LP0029_02_L004	0	30memhg19decoy	FalseDI26830XA
LP0029_04_L003	0.01631	30memhg19decoy	FalseDI26830XA
LP0029_05_L004	0.007074	30memhg19decoy	FalseDI26830XA
LP0029_06_L003	0.01177	30memhg19decoy	FalseDI26830XA
LP0030_03_L004	0.01508	30memhg19decoy	FalseDI26830XA
LP0030_05_L004	0.02284	30memhg19decoy	FalseDI26830XA
LP0020_01	0.0117	30memhg19decoy	True40
LP0020_02	0.01899	30memhg19decoy	True40
LP0020_03	0.02041	30memhg19decoy	True40
LP0020_04	0.01409	30memhg19decoy	True40
LP0020_05	0.01373	30memhg19decoy	True40
LP0020_06	0.01347	30memhg19decoy	True40
LP0020_07	0.02099	30memhg19decoy	True40
LP0020_08	0.01238	30memhg19decoy	True40
LP0025_01_L004	0.009302	30memhg19decoy	True40
LP0025_02_L004	0.01607	30memhg19decoy	True40
LP0025_03_L003	0.01447	30memhg19decoy	True40
LP0025_04_L004	0.008269	30memhg19decoy	True40
LP0025_05_L003	0.009436	30memhg19decoy	True40
LP0025_06_L003	0.01826	30memhg19decoy	True40
LP0025_07_L004	0.01403	30memhg19decoy	True40
LP0025_08_L004	0.01751	30memhg19decoy	True40
LP0025_10_L003	0.8385	30memhg19decoy	True40
LP0025_11_L003	0.01961	30memhg19decoy	True40
LP0025_12_L003	0.01485	30memhg19decoy	True40
LP0025_15_L003	0.08664	30memhg19decoy	True40
LP0025_17_L003	0.0235	30memhg19decoy	True40
LP0025_21_L004	0.1099	30memhg19decoy	True40
LP0025_24_L003	0.01313	30memhg19decoy	True40
LP0026_05_L003	0.02862	30memhg19decoy	True40
LP0026_07_L003	0.01059	30memhg19decoy	True40
LP0026_08_L003	0.2871	30memhg19decoy	True40
LP0026_22_L003	0.2171	30memhg19decoy	True40
LP0026_26_L004	0.4512	30memhg19decoy	True40
LP0026_38_L004	0.1531	30memhg19decoy	True40
LP0026_42_L004	0.1492	30memhg19decoy	True40
LP0027_26_L003	0.1399	30memhg19decoy	True40
LP0027_35_L003	0.1597	30memhg19decoy	True40
LP0027_39_L003	0.1491	30memhg19decoy	True40
LP0028_01_L004	0.1037	30memhg19decoy	True40
LP0029_02_L004	0	30memhg19decoy	True40
LP0029_04_L003	0.01407	30memhg19decoy	True40
LP0029_05_L004	0.007743	30memhg19decoy	True40
LP0029_06_L003	0.01293	30memhg19decoy	True40
LP0030_03_L004	0.01099	30memhg19decoy	True40
LP0030_05_L004	0.02062	30memhg19decoy	True40
LP0020_01	0.008258	30memhg19decoy	TrueDI26830XA
LP0020_02	0.02052	30memhg19decoy	TrueDI26830XA
LP0020_03	0.01412	30memhg19decoy	TrueDI26830XA
LP0020_04	0	30memhg19decoy	TrueDI26830XA
LP0020_05	0.01036	30memhg19decoy	TrueDI26830XA
LP0020_06	0.01844	30memhg19decoy	TrueDI26830XA
LP0020_07	0.01952	30memhg19decoy	TrueDI26830XA
LP0020_08	0.01241	30memhg19decoy	TrueDI26830XA
LP0025_01_L004	0	30memhg19decoy	TrueDI26830XA
LP0025_02_L004	0.0191	30memhg19decoy	TrueDI26830XA
LP0025_03_L003	0.01504	30memhg19decoy	TrueDI26830XA
LP0025_04_L004	0	30memhg19decoy	TrueDI26830XA
LP0025_05_L003	0.009321	30memhg19decoy	TrueDI26830XA
LP0025_06_L003	0.02291	30memhg19decoy	TrueDI26830XA
LP0025_07_L004	0.01324	30memhg19decoy	TrueDI26830XA
LP0025_08_L004	0.01049	30memhg19decoy	TrueDI26830XA
LP0025_10_L003	0.8397	30memhg19decoy	TrueDI26830XA
LP0025_11_L003	0.02091	30memhg19decoy	TrueDI26830XA
LP0025_12_L003	0.01167	30memhg19decoy	TrueDI26830XA
LP0025_15_L003	0.08286	30memhg19decoy	TrueDI26830XA
LP0025_17_L003	0.0205	30memhg19decoy	TrueDI26830XA
LP0025_21_L004	0.1072	30memhg19decoy	TrueDI26830XA
LP0025_24_L003	0.01321	30memhg19decoy	TrueDI26830XA
LP0026_05_L003	0.02166	30memhg19decoy	TrueDI26830XA
LP0026_07_L003	0.00787	30memhg19decoy	TrueDI26830XA
LP0026_08_L003	0.2797	30memhg19decoy	TrueDI26830XA
LP0026_22_L003	0.2186	30memhg19decoy	TrueDI26830XA
LP0026_26_L004	0.4508	30memhg19decoy	TrueDI26830XA
LP0026_38_L004	0.1533	30memhg19decoy	TrueDI26830XA
LP0026_42_L004	0.1482	30memhg19decoy	TrueDI26830XA
LP0027_26_L003	0.1367	30memhg19decoy	TrueDI26830XA
LP0027_35_L003	0.158	30memhg19decoy	TrueDI26830XA
LP0027_39_L003	0.156	30memhg19decoy	TrueDI26830XA
LP0028_01_L004	0.1054	30memhg19decoy	TrueDI26830XA
LP0029_02_L004	0.00808	30memhg19decoy	TrueDI26830XA
LP0029_04_L003	0.01381	30memhg19decoy	TrueDI26830XA
LP0029_05_L004	0.007115	30memhg19decoy	TrueDI26830XA
LP0029_06_L003	0.01276	30memhg19decoy	TrueDI26830XA
LP0030_03_L004	0.01659	30memhg19decoy	TrueDI26830XA
LP0030_05_L004	0.02141	30memhg19decoy	TrueDI26830XA
LP0020_01	0.01162	30memhg38	False40
LP0020_02	0.01485	30memhg38	False40
LP0020_03	0.01069	30memhg38	False40
LP0020_04	0.01393	30memhg38	False40
LP0020_05	0.02142	30memhg38	False40
LP0020_06	0.01384	30memhg38	False40
LP0020_07	0.02615	30memhg38	False40
LP0020_08	0.01686	30memhg38	False40
LP0025_01_L004	0	30memhg38	False40
LP0025_02_L004	0.01402	30memhg38	False40
LP0025_03_L003	0.01336	30memhg38	False40
LP0025_04_L004	0.009834	30memhg38	False40
LP0025_05_L003	0.0231	30memhg38	False40
LP0025_06_L003	0.01784	30memhg38	False40
LP0025_07_L004	0.01084	30memhg38	False40
LP0025_08_L004	0.01165	30memhg38	False40
LP0025_10_L003	0.8368	30memhg38	False40
LP0025_11_L003	0.02166	30memhg38	False40
LP0025_12_L003	0.01266	30memhg38	False40
LP0025_15_L003	0.08379	30memhg38	False40
LP0025_17_L003	0.0306	30memhg38	False40
LP0025_21_L004	0.1078	30memhg38	False40
LP0025_24_L003	0.01401	30memhg38	False40
LP0026_05_L003	0.02286	30memhg38	False40
LP0026_07_L003	0.01462	30memhg38	False40
LP0026_08_L003	0.2795	30memhg38	False40
LP0026_22_L003	0.2231	30memhg38	False40
LP0026_26_L004	0.4455	30memhg38	False40
LP0026_38_L004	0.1532	30memhg38	False40
LP0026_42_L004	0.1432	30memhg38	False40
LP0027_26_L003	0.144	30memhg38	False40
LP0027_35_L003	0.1606	30memhg38	False40
LP0027_39_L003	0.1457	30memhg38	False40
LP0028_01_L004	0.1066	30memhg38	False40
LP0029_02_L004	0.008686	30memhg38	False40
LP0029_04_L003	0.01148	30memhg38	False40
LP0029_05_L004	0	30memhg38	False40
LP0029_06_L003	0.01246	30memhg38	False40
LP0030_03_L004	0	30memhg38	False40
LP0030_05_L004	0.01886	30memhg38	False40
LP0020_01	0.01095	30memhg38	FalseDI26830XA
LP0020_02	0.01497	30memhg38	FalseDI26830XA
LP0020_03	0.01185	30memhg38	FalseDI26830XA
LP0020_04	0.01349	30memhg38	FalseDI26830XA
LP0020_05	0.01883	30memhg38	FalseDI26830XA
LP0020_06	0.01886	30memhg38	FalseDI26830XA
LP0020_07	0.02264	30memhg38	FalseDI26830XA
LP0020_08	0.0171	30memhg38	FalseDI26830XA
LP0025_01_L004	0	30memhg38	FalseDI26830XA
LP0025_02_L004	0.01356	30memhg38	FalseDI26830XA
LP0025_03_L003	0.0136	30memhg38	FalseDI26830XA
LP0025_04_L004	0.009186	30memhg38	FalseDI26830XA
LP0025_05_L003	0.02372	30memhg38	FalseDI26830XA
LP0025_06_L003	0.01964	30memhg38	FalseDI26830XA
LP0025_07_L004	0.0121	30memhg38	FalseDI26830XA
LP0025_08_L004	0.01213	30memhg38	FalseDI26830XA
LP0025_10_L003	0.8385	30memhg38	FalseDI26830XA
LP0025_11_L003	0.02192	30memhg38	FalseDI26830XA
LP0025_12_L003	0.01445	30memhg38	FalseDI26830XA
LP0025_15_L003	0.08581	30memhg38	FalseDI26830XA
LP0025_17_L003	0.02982	30memhg38	FalseDI26830XA
LP0025_21_L004	0.1084	30memhg38	FalseDI26830XA
LP0025_24_L003	0.01324	30memhg38	FalseDI26830XA
LP0026_05_L003	0.02373	30memhg38	FalseDI26830XA
LP0026_07_L003	0.01621	30memhg38	FalseDI26830XA
LP0026_08_L003	0.282	30memhg38	FalseDI26830XA
LP0026_22_L003	0.2204	30memhg38	FalseDI26830XA
LP0026_26_L004	0.4469	30memhg38	FalseDI26830XA
LP0026_38_L004	0.1579	30memhg38	FalseDI26830XA
LP0026_42_L004	0.1428	30memhg38	FalseDI26830XA
LP0027_26_L003	0.1425	30memhg38	FalseDI26830XA
LP0027_35_L003	0.1597	30memhg38	FalseDI26830XA
LP0027_39_L003	0.1528	30memhg38	FalseDI26830XA
LP0028_01_L004	0.114	30memhg38	FalseDI26830XA
LP0029_02_L004	0.008225	30memhg38	FalseDI26830XA
LP0029_04_L003	0.01193	30memhg38	FalseDI26830XA
LP0029_05_L004	0	30memhg38	FalseDI26830XA
LP0029_06_L003	0.011	30memhg38	FalseDI26830XA
LP0030_03_L004	0.009869	30memhg38	FalseDI26830XA
LP0030_05_L004	0.01681	30memhg38	FalseDI26830XA
LP0020_01	0.01002	30memhg38	True40
LP0020_02	0.01491	30memhg38	True40
LP0020_03	0	30memhg38	True40
LP0020_04	0.01687	30memhg38	True40
LP0020_05	0.01869	30memhg38	True40
LP0020_06	0.01254	30memhg38	True40
LP0020_07	0.01941	30memhg38	True40
LP0020_08	0.01236	30memhg38	True40
LP0025_01_L004	0	30memhg38	True40
LP0025_02_L004	0.01337	30memhg38	True40
LP0025_03_L003	0.01466	30memhg38	True40
LP0025_04_L004	0	30memhg38	True40
LP0025_05_L003	0.01929	30memhg38	True40
LP0025_06_L003	0.01884	30memhg38	True40
LP0025_07_L004	0.01166	30memhg38	True40
LP0025_08_L004	0.01202	30memhg38	True40
LP0025_10_L003	0.8382	30memhg38	True40
LP0025_11_L003	0.02117	30memhg38	True40
LP0025_12_L003	0.01316	30memhg38	True40
LP0025_15_L003	0.08531	30memhg38	True40
LP0025_17_L003	0.03248	30memhg38	True40
LP0025_21_L004	0.1062	30memhg38	True40
LP0025_24_L003	0.01395	30memhg38	True40
LP0026_05_L003	0.02465	30memhg38	True40
LP0026_07_L003	0.0162	30memhg38	True40
LP0026_08_L003	0.2803	30memhg38	True40
LP0026_22_L003	0.2194	30memhg38	True40
LP0026_26_L004	0.4459	30memhg38	True40
LP0026_38_L004	0.1517	30memhg38	True40
LP0026_42_L004	0.142	30memhg38	True40
LP0027_26_L003	0.1445	30memhg38	True40
LP0027_35_L003	0.1613	30memhg38	True40
LP0027_39_L003	0.1581	30memhg38	True40
LP0028_01_L004	0.12	30memhg38	True40
LP0029_02_L004	0.01004	30memhg38	True40
LP0029_04_L003	0.009585	30memhg38	True40
LP0029_05_L004	0	30memhg38	True40
LP0029_06_L003	0.0107	30memhg38	True40
LP0030_03_L004	0.01178	30memhg38	True40
LP0030_05_L004	0.01628	30memhg38	True40
LP0020_01	0.008763	30memhg38	TrueDI26830XA
LP0020_02	0.01638	30memhg38	TrueDI26830XA
LP0020_03	0.01155	30memhg38	TrueDI26830XA
LP0020_04	0	30memhg38	TrueDI26830XA
LP0020_05	0.01958	30memhg38	TrueDI26830XA
LP0020_06	0.01513	30memhg38	TrueDI26830XA
LP0020_07	0.02223	30memhg38	TrueDI26830XA
LP0020_08	0.01315	30memhg38	TrueDI26830XA
LP0025_01_L004	0.01063	30memhg38	TrueDI26830XA
LP0025_02_L004	0.01046	30memhg38	TrueDI26830XA
LP0025_03_L003	0.01572	30memhg38	TrueDI26830XA
LP0025_04_L004	0.01006	30memhg38	TrueDI26830XA
LP0025_05_L003	0.01922	30memhg38	TrueDI26830XA
LP0025_06_L003	0.024	30memhg38	TrueDI26830XA
LP0025_07_L004	0.01182	30memhg38	TrueDI26830XA
LP0025_08_L004	0.01311	30memhg38	TrueDI26830XA
LP0025_10_L003	0.8395	30memhg38	TrueDI26830XA
LP0025_11_L003	0.01933	30memhg38	TrueDI26830XA
LP0025_12_L003	0.01735	30memhg38	TrueDI26830XA
LP0025_15_L003	0.08503	30memhg38	TrueDI26830XA
LP0025_17_L003	0.03293	30memhg38	TrueDI26830XA
LP0025_21_L004	0.1079	30memhg38	TrueDI26830XA
LP0025_24_L003	0.01317	30memhg38	TrueDI26830XA
LP0026_05_L003	0.02032	30memhg38	TrueDI26830XA
LP0026_07_L003	0.01521	30memhg38	TrueDI26830XA
LP0026_08_L003	0.2818	30memhg38	TrueDI26830XA
LP0026_22_L003	0.2224	30memhg38	TrueDI26830XA
LP0026_26_L004	0.4479	30memhg38	TrueDI26830XA
LP0026_38_L004	0.153	30memhg38	TrueDI26830XA
LP0026_42_L004	0.1453	30memhg38	TrueDI26830XA
LP0027_26_L003	0.1429	30memhg38	TrueDI26830XA
LP0027_35_L003	0.1583	30memhg38	TrueDI26830XA
LP0027_39_L003	0.1595	30memhg38	TrueDI26830XA
LP0028_01_L004	0.1209	30memhg38	TrueDI26830XA
LP0029_02_L004	0.008969	30memhg38	TrueDI26830XA
LP0029_04_L003	0.01128	30memhg38	TrueDI26830XA
LP0029_05_L004	0	30memhg38	TrueDI26830XA
LP0029_06_L003	0.01297	30memhg38	TrueDI26830XA
LP0030_03_L004	0	30memhg38	TrueDI26830XA
LP0030_05_L004	0.01661	30memhg38	TrueDI26830XA
LP0020_01	0.01059	30memhg38noalt	False40
LP0020_02	0.0184	30memhg38noalt	False40
LP0020_03	0.01414	30memhg38noalt	False40
LP0020_04	0.01594	30memhg38noalt	False40
LP0020_05	0.02174	30memhg38noalt	False40
LP0020_06	0.01348	30memhg38noalt	False40
LP0020_07	0.01637	30memhg38noalt	False40
LP0020_08	0.01701	30memhg38noalt	False40
LP0025_01_L004	0.009	30memhg38noalt	False40
LP0025_02_L004	0.01497	30memhg38noalt	False40
LP0025_03_L003	0.01345	30memhg38noalt	False40
LP0025_04_L004	0.009779	30memhg38noalt	False40
LP0025_05_L003	0.02573	30memhg38noalt	False40
LP0025_06_L003	0.01735	30memhg38noalt	False40
LP0025_07_L004	0.01113	30memhg38noalt	False40
LP0025_08_L004	0.01262	30memhg38noalt	False40
LP0025_10_L003	0.8361	30memhg38noalt	False40
LP0025_11_L003	0.02089	30memhg38noalt	False40
LP0025_12_L003	0.01373	30memhg38noalt	False40
LP0025_15_L003	0.08447	30memhg38noalt	False40
LP0025_17_L003	0.02946	30memhg38noalt	False40
LP0025_21_L004	0.1074	30memhg38noalt	False40
LP0025_24_L003	0.01705	30memhg38noalt	False40
LP0026_05_L003	0.02732	30memhg38noalt	False40
LP0026_07_L003	0.01851	30memhg38noalt	False40
LP0026_08_L003	0.2814	30memhg38noalt	False40
LP0026_22_L003	0.2241	30memhg38noalt	False40
LP0026_26_L004	0.4453	30memhg38noalt	False40
LP0026_38_L004	0.1545	30memhg38noalt	False40
LP0026_42_L004	0.1423	30memhg38noalt	False40
LP0027_26_L003	0.1429	30memhg38noalt	False40
LP0027_35_L003	0.1607	30memhg38noalt	False40
LP0027_39_L003	0.1457	30memhg38noalt	False40
LP0028_01_L004	0.1198	30memhg38noalt	False40
LP0029_02_L004	0.008501	30memhg38noalt	False40
LP0029_04_L003	0.01361	30memhg38noalt	False40
LP0029_05_L004	0	30memhg38noalt	False40
LP0029_06_L003	0.01249	30memhg38noalt	False40
LP0030_03_L004	0.01012	30memhg38noalt	False40
LP0030_05_L004	0.01805	30memhg38noalt	False40
LP0020_01	0.01061	30memhg38noalt	FalseDI26830XA
LP0020_02	0.01835	30memhg38noalt	FalseDI26830XA
LP0020_03	0.01588	30memhg38noalt	FalseDI26830XA
LP0020_04	0.01602	30memhg38noalt	FalseDI26830XA
LP0020_05	0.02227	30memhg38noalt	FalseDI26830XA
LP0020_06	0.01684	30memhg38noalt	FalseDI26830XA
LP0020_07	0.01423	30memhg38noalt	FalseDI26830XA
LP0020_08	0.01814	30memhg38noalt	FalseDI26830XA
LP0025_01_L004	0.009083	30memhg38noalt	FalseDI26830XA
LP0025_02_L004	0.01437	30memhg38noalt	FalseDI26830XA
LP0025_03_L003	0.01349	30memhg38noalt	FalseDI26830XA
LP0025_04_L004	0	30memhg38noalt	FalseDI26830XA
LP0025_05_L003	0.0237	30memhg38noalt	FalseDI26830XA
LP0025_06_L003	0.01991	30memhg38noalt	FalseDI26830XA
LP0025_07_L004	0.01143	30memhg38noalt	FalseDI26830XA
LP0025_08_L004	0.0124	30memhg38noalt	FalseDI26830XA
LP0025_10_L003	0.8379	30memhg38noalt	FalseDI26830XA
LP0025_11_L003	0.02143	30memhg38noalt	FalseDI26830XA
LP0025_12_L003	0.01474	30memhg38noalt	FalseDI26830XA
LP0025_15_L003	0.08599	30memhg38noalt	FalseDI26830XA
LP0025_17_L003	0.03071	30memhg38noalt	FalseDI26830XA
LP0025_21_L004	0.1081	30memhg38noalt	FalseDI26830XA
LP0025_24_L003	0.01562	30memhg38noalt	FalseDI26830XA
LP0026_05_L003	0.02714	30memhg38noalt	FalseDI26830XA
LP0026_07_L003	0.0165	30memhg38noalt	FalseDI26830XA
LP0026_08_L003	0.2832	30memhg38noalt	FalseDI26830XA
LP0026_22_L003	0.2188	30memhg38noalt	FalseDI26830XA
LP0026_26_L004	0.4464	30memhg38noalt	FalseDI26830XA
LP0026_38_L004	0.1651	30memhg38noalt	FalseDI26830XA
LP0026_42_L004	0.1421	30memhg38noalt	FalseDI26830XA
LP0027_26_L003	0.142	30memhg38noalt	FalseDI26830XA
LP0027_35_L003	0.1597	30memhg38noalt	FalseDI26830XA
LP0027_39_L003	0.1546	30memhg38noalt	FalseDI26830XA
LP0028_01_L004	0.1203	30memhg38noalt	FalseDI26830XA
LP0029_02_L004	0.008197	30memhg38noalt	FalseDI26830XA
LP0029_04_L003	0.01279	30memhg38noalt	FalseDI26830XA
LP0029_05_L004	0	30memhg38noalt	FalseDI26830XA
LP0029_06_L003	0.01196	30memhg38noalt	FalseDI26830XA
LP0030_03_L004	0.01034	30memhg38noalt	FalseDI26830XA
LP0030_05_L004	0.01826	30memhg38noalt	FalseDI26830XA
LP0020_01	0.01085	30memhg38noalt	True40
LP0020_02	0.02086	30memhg38noalt	True40
LP0020_03	0.01227	30memhg38noalt	True40
LP0020_04	0.01631	30memhg38noalt	True40
LP0020_05	0.01775	30memhg38noalt	True40
LP0020_06	0.01731	30memhg38noalt	True40
LP0020_07	0.02279	30memhg38noalt	True40
LP0020_08	0.009111	30memhg38noalt	True40
LP0025_01_L004	0.008718	30memhg38noalt	True40
LP0025_02_L004	0.01355	30memhg38noalt	True40
LP0025_03_L003	0.01204	30memhg38noalt	True40
LP0025_04_L004	0.01039	30memhg38noalt	True40
LP0025_05_L003	0.02036	30memhg38noalt	True40
LP0025_06_L003	0.01636	30memhg38noalt	True40
LP0025_07_L004	0.01224	30memhg38noalt	True40
LP0025_08_L004	0.01337	30memhg38noalt	True40
LP0025_10_L003	0.8355	30memhg38noalt	True40
LP0025_11_L003	0.02111	30memhg38noalt	True40
LP0025_12_L003	0.01516	30memhg38noalt	True40
LP0025_15_L003	0.08488	30memhg38noalt	True40
LP0025_17_L003	0.03224	30memhg38noalt	True40
LP0025_21_L004	0.1064	30memhg38noalt	True40
LP0025_24_L003	0.01544	30memhg38noalt	True40
LP0026_05_L003	0.02388	30memhg38noalt	True40
LP0026_07_L003	0.01497	30memhg38noalt	True40
LP0026_08_L003	0.2794	30memhg38noalt	True40
LP0026_22_L003	0.222	30memhg38noalt	True40
LP0026_26_L004	0.4461	30memhg38noalt	True40
LP0026_38_L004	0.1535	30memhg38noalt	True40
LP0026_42_L004	0.1412	30memhg38noalt	True40
LP0027_26_L003	0.1445	30memhg38noalt	True40
LP0027_35_L003	0.1601	30memhg38noalt	True40
LP0027_39_L003	0.1564	30memhg38noalt	True40
LP0028_01_L004	0.1213	30memhg38noalt	True40
LP0029_02_L004	0.009735	30memhg38noalt	True40
LP0029_04_L003	0.01165	30memhg38noalt	True40
LP0029_05_L004	0.007623	30memhg38noalt	True40
LP0029_06_L003	0.01301	30memhg38noalt	True40
LP0030_03_L004	0.009987	30memhg38noalt	True40
LP0030_05_L004	0.01826	30memhg38noalt	True40
LP0020_01	0.0115	30memhg38noalt	TrueDI26830XA
LP0020_02	0.01481	30memhg38noalt	TrueDI26830XA
LP0020_03	0.009745	30memhg38noalt	TrueDI26830XA
LP0020_04	0.01782	30memhg38noalt	TrueDI26830XA
LP0020_05	0.02255	30memhg38noalt	TrueDI26830XA
LP0020_06	0.02051	30memhg38noalt	TrueDI26830XA
LP0020_07	0.01777	30memhg38noalt	TrueDI26830XA
LP0020_08	0.01918	30memhg38noalt	TrueDI26830XA
LP0025_01_L004	0	30memhg38noalt	TrueDI26830XA
LP0025_02_L004	0.01167	30memhg38noalt	TrueDI26830XA
LP0025_03_L003	0.01673	30memhg38noalt	TrueDI26830XA
LP0025_04_L004	0	30memhg38noalt	TrueDI26830XA
LP0025_05_L003	0.02352	30memhg38noalt	TrueDI26830XA
LP0025_06_L003	0.02349	30memhg38noalt	TrueDI26830XA
LP0025_07_L004	0.01039	30memhg38noalt	TrueDI26830XA
LP0025_08_L004	0.01566	30memhg38noalt	TrueDI26830XA
LP0025_10_L003	0.8383	30memhg38noalt	TrueDI26830XA
LP0025_11_L003	0.02391	30memhg38noalt	TrueDI26830XA
LP0025_12_L003	0.0182	30memhg38noalt	TrueDI26830XA
LP0025_15_L003	0.08498	30memhg38noalt	TrueDI26830XA
LP0025_17_L003	0.03321	30memhg38noalt	TrueDI26830XA
LP0025_21_L004	0.1086	30memhg38noalt	TrueDI26830XA
LP0025_24_L003	0.01641	30memhg38noalt	TrueDI26830XA
LP0026_05_L003	0.02603	30memhg38noalt	TrueDI26830XA
LP0026_07_L003	0.01715	30memhg38noalt	TrueDI26830XA
LP0026_08_L003	0.2829	30memhg38noalt	TrueDI26830XA
LP0026_22_L003	0.2209	30memhg38noalt	TrueDI26830XA
LP0026_26_L004	0.4477	30memhg38noalt	TrueDI26830XA
LP0026_38_L004	0.1603	30memhg38noalt	TrueDI26830XA
LP0026_42_L004	0.1403	30memhg38noalt	TrueDI26830XA
LP0027_26_L003	0.1419	30memhg38noalt	TrueDI26830XA
LP0027_35_L003	0.1509	30memhg38noalt	TrueDI26830XA
LP0027_39_L003	0.1564	30memhg38noalt	TrueDI26830XA
LP0028_01_L004	0.1193	30memhg38noalt	TrueDI26830XA
LP0029_02_L004	0.009403	30memhg38noalt	TrueDI26830XA
LP0029_04_L003	0.01197	30memhg38noalt	TrueDI26830XA
LP0029_05_L004	0	30memhg38noalt	TrueDI26830XA
LP0029_06_L003	0.01016	30memhg38noalt	TrueDI26830XA
LP0030_03_L004	0.01264	30memhg38noalt	TrueDI26830XA
LP0030_05_L004	0.01806	30memhg38noalt	TrueDI26830XA
