sample	tumor_fraction
	sample_id
LP0020_01	0.0196	0memhg19-False40
LP0020_02	0.02543	0memhg19-False40
LP0020_03	0.03074	0memhg19-False40
LP0020_04	0	0memhg19-False40
LP0020_05	0.02122	0memhg19-False40
LP0020_06	0.02602	0memhg19-False40
LP0020_07	0	0memhg19-False40
LP0020_08	0.02048	0memhg19-False40
LP0025_01_L004	0.003191	0memhg19-False40
LP0025_02_L004	0.01046	0memhg19-False40
LP0025_03_L003	0.006119	0memhg19-False40
LP0025_04_L004	0.00434	0memhg19-False40
LP0025_05_L003	0.02146	0memhg19-False40
LP0025_06_L003	0.0112	0memhg19-False40
LP0025_07_L004	0.01183	0memhg19-False40
LP0025_08_L004	0.003859	0memhg19-False40
LP0025_10_L003	0.003332	0memhg19-False40
LP0025_11_L003	0.02165	0memhg19-False40
LP0025_12_L003	0.03025	0memhg19-False40
LP0025_15_L003	0.1297	0memhg19-False40
LP0025_17_L003	0.06807	0memhg19-False40
LP0025_21_L004	0.1897	0memhg19-False40
LP0025_24_L003	0.01345	0memhg19-False40
LP0026_05_L003	0.02737	0memhg19-False40
LP0026_07_L003	0.02677	0memhg19-False40
LP0026_08_L003	0.3439	0memhg19-False40
LP0026_22_L003	0.443	0memhg19-False40
LP0026_26_L004	0.6453	0memhg19-False40
LP0026_38_L004	0.2539	0memhg19-False40
LP0026_42_L004	0.1199	0memhg19-False40
LP0027_26_L003	0.1236	0memhg19-False40
LP0027_35_L003	0.2381	0memhg19-False40
LP0027_39_L003	0.1617	0memhg19-False40
LP0028_01_L004	0.2701	0memhg19-False40
LP0029_02_L004	0.01094	0memhg19-False40
LP0029_04_L003	0.01945	0memhg19-False40
LP0029_05_L004	0.0123	0memhg19-False40
LP0029_06_L003	0.007739	0memhg19-False40
LP0030_03_L004	0.007644	0memhg19-False40
LP0030_05_L004	0.007818	0memhg19-False40
LP0020_01	0.01496	0memhg19-FalseDI26830XA
LP0020_02	0.02274	0memhg19-FalseDI26830XA
LP0020_03	0.03529	0memhg19-FalseDI26830XA
LP0020_04	0	0memhg19-FalseDI26830XA
LP0020_05	0.01915	0memhg19-FalseDI26830XA
LP0020_06	0.02635	0memhg19-FalseDI26830XA
LP0020_07	0	0memhg19-FalseDI26830XA
LP0020_08	0.02164	0memhg19-FalseDI26830XA
LP0025_01_L004	0.003533	0memhg19-FalseDI26830XA
LP0025_02_L004	0.01185	0memhg19-FalseDI26830XA
LP0025_03_L003	0.006017	0memhg19-FalseDI26830XA
LP0025_04_L004	0.003959	0memhg19-FalseDI26830XA
LP0025_05_L003	0.0173	0memhg19-FalseDI26830XA
LP0025_06_L003	0.01087	0memhg19-FalseDI26830XA
LP0025_07_L004	0.007076	0memhg19-FalseDI26830XA
LP0025_08_L004	0.003706	0memhg19-FalseDI26830XA
LP0025_10_L003	0.002529	0memhg19-FalseDI26830XA
LP0025_11_L003	0.02046	0memhg19-FalseDI26830XA
LP0025_12_L003	0.03065	0memhg19-FalseDI26830XA
LP0025_15_L003	0.1298	0memhg19-FalseDI26830XA
LP0025_17_L003	0.06929	0memhg19-FalseDI26830XA
LP0025_21_L004	0.225	0memhg19-FalseDI26830XA
LP0025_24_L003	0.0117	0memhg19-FalseDI26830XA
LP0026_05_L003	0.02567	0memhg19-FalseDI26830XA
LP0026_07_L003	0.02352	0memhg19-FalseDI26830XA
LP0026_08_L003	0.3439	0memhg19-FalseDI26830XA
LP0026_22_L003	0.4438	0memhg19-FalseDI26830XA
LP0026_26_L004	0.6463	0memhg19-FalseDI26830XA
LP0026_38_L004	0.2535	0memhg19-FalseDI26830XA
LP0026_42_L004	0.12	0memhg19-FalseDI26830XA
LP0027_26_L003	0.1227	0memhg19-FalseDI26830XA
LP0027_35_L003	0.2382	0memhg19-FalseDI26830XA
LP0027_39_L003	0.1607	0memhg19-FalseDI26830XA
LP0028_01_L004	0.2715	0memhg19-FalseDI26830XA
LP0029_02_L004	0.01078	0memhg19-FalseDI26830XA
LP0029_04_L003	0.01984	0memhg19-FalseDI26830XA
LP0029_05_L004	0.01134	0memhg19-FalseDI26830XA
LP0029_06_L003	0	0memhg19-FalseDI26830XA
LP0030_03_L004	0.007518	0memhg19-FalseDI26830XA
LP0030_05_L004	0.007311	0memhg19-FalseDI26830XA
LP0020_01	0.01903	0memhg19-TrueDI26830XA
LP0020_02	0.01863	0memhg19-TrueDI26830XA
LP0020_03	0.03792	0memhg19-TrueDI26830XA
LP0020_04	0	0memhg19-TrueDI26830XA
LP0020_05	0.02178	0memhg19-TrueDI26830XA
LP0020_06	0.02442	0memhg19-TrueDI26830XA
LP0020_07	0.01766	0memhg19-TrueDI26830XA
LP0020_08	0.02395	0memhg19-TrueDI26830XA
LP0025_01_L004	0.002998	0memhg19-TrueDI26830XA
LP0025_02_L004	0.01491	0memhg19-TrueDI26830XA
LP0025_03_L003	0.004981	0memhg19-TrueDI26830XA
LP0025_04_L004	0.003727	0memhg19-TrueDI26830XA
LP0025_05_L003	0.01796	0memhg19-TrueDI26830XA
LP0025_06_L003	0.01029	0memhg19-TrueDI26830XA
LP0025_07_L004	0.01209	0memhg19-TrueDI26830XA
LP0025_08_L004	0.003229	0memhg19-TrueDI26830XA
LP0025_10_L003	0.004888	0memhg19-TrueDI26830XA
LP0025_11_L003	0.0134	0memhg19-TrueDI26830XA
LP0025_12_L003	0.0328	0memhg19-TrueDI26830XA
LP0025_15_L003	0.1298	0memhg19-TrueDI26830XA
LP0025_17_L003	0.06718	0memhg19-TrueDI26830XA
LP0025_21_L004	0.2258	0memhg19-TrueDI26830XA
LP0025_24_L003	0.006185	0memhg19-TrueDI26830XA
LP0026_05_L003	0.02696	0memhg19-TrueDI26830XA
LP0026_07_L003	0.02674	0memhg19-TrueDI26830XA
LP0026_08_L003	0.3439	0memhg19-TrueDI26830XA
LP0026_22_L003	0.4425	0memhg19-TrueDI26830XA
LP0026_26_L004	0.6455	0memhg19-TrueDI26830XA
LP0026_38_L004	0.2543	0memhg19-TrueDI26830XA
LP0026_42_L004	0.1209	0memhg19-TrueDI26830XA
LP0027_26_L003	0.1243	0memhg19-TrueDI26830XA
LP0027_35_L003	0.2381	0memhg19-TrueDI26830XA
LP0027_39_L003	0.1616	0memhg19-TrueDI26830XA
LP0028_01_L004	0.2712	0memhg19-TrueDI26830XA
LP0029_02_L004	0.01252	0memhg19-TrueDI26830XA
LP0029_04_L003	0.01869	0memhg19-TrueDI26830XA
LP0029_05_L004	0.01237	0memhg19-TrueDI26830XA
LP0029_06_L003	0	0memhg19-TrueDI26830XA
LP0030_03_L004	0.006299	0memhg19-TrueDI26830XA
LP0030_05_L004	0.008726	0memhg19-TrueDI26830XA
LP0020_01	0.01805	0memhg19decoy-False40
LP0020_02	0.02912	0memhg19decoy-False40
LP0020_03	0.03104	0memhg19decoy-False40
LP0020_04	0	0memhg19decoy-False40
LP0020_05	0.0214	0memhg19decoy-False40
LP0020_06	0.02593	0memhg19decoy-False40
LP0020_07	0	0memhg19decoy-False40
LP0020_08	0.02064	0memhg19decoy-False40
LP0025_01_L004	0.00307	0memhg19decoy-False40
LP0025_02_L004	0.0104	0memhg19decoy-False40
LP0025_03_L003	0.005867	0memhg19decoy-False40
LP0025_04_L004	0.004319	0memhg19decoy-False40
LP0025_05_L003	0.02132	0memhg19decoy-False40
LP0025_06_L003	0.01112	0memhg19decoy-False40
LP0025_07_L004	0.01137	0memhg19decoy-False40
LP0025_08_L004	0.003765	0memhg19decoy-False40
LP0025_10_L003	0.003252	0memhg19decoy-False40
LP0025_11_L003	0.02058	0memhg19decoy-False40
LP0025_12_L003	0.03146	0memhg19decoy-False40
LP0025_15_L003	0.1298	0memhg19decoy-False40
LP0025_17_L003	0.0679	0memhg19decoy-False40
LP0025_21_L004	0.2252	0memhg19decoy-False40
LP0025_24_L003	0.01378	0memhg19decoy-False40
LP0026_05_L003	0.02726	0memhg19decoy-False40
LP0026_07_L003	0.02623	0memhg19decoy-False40
LP0026_08_L003	0.3435	0memhg19decoy-False40
LP0026_22_L003	0.4438	0memhg19decoy-False40
LP0026_26_L004	0.645	0memhg19decoy-False40
LP0026_38_L004	0.2543	0memhg19decoy-False40
LP0026_42_L004	0.12	0memhg19decoy-False40
LP0027_26_L003	0.1235	0memhg19decoy-False40
LP0027_35_L003	0.2385	0memhg19decoy-False40
LP0027_39_L003	0.1617	0memhg19decoy-False40
LP0028_01_L004	0.2701	0memhg19decoy-False40
LP0029_02_L004	0.01096	0memhg19decoy-False40
LP0029_04_L003	0.02004	0memhg19decoy-False40
LP0029_05_L004	0.0117	0memhg19decoy-False40
LP0029_06_L003	0	0memhg19decoy-False40
LP0030_03_L004	0.007689	0memhg19decoy-False40
LP0030_05_L004	0.00723	0memhg19decoy-False40
LP0020_01	0.01514	0memhg19decoy-FalseDI26830XA
LP0020_02	0.02361	0memhg19decoy-FalseDI26830XA
LP0020_03	0.03629	0memhg19decoy-FalseDI26830XA
LP0020_04	0	0memhg19decoy-FalseDI26830XA
LP0020_05	0.01987	0memhg19decoy-FalseDI26830XA
LP0020_06	0.0263	0memhg19decoy-FalseDI26830XA
LP0020_07	0	0memhg19decoy-FalseDI26830XA
LP0020_08	0.02102	0memhg19decoy-FalseDI26830XA
LP0025_01_L004	0.002495	0memhg19decoy-FalseDI26830XA
LP0025_02_L004	0.01168	0memhg19decoy-FalseDI26830XA
LP0025_03_L003	0.004867	0memhg19decoy-FalseDI26830XA
LP0025_04_L004	0.004134	0memhg19decoy-FalseDI26830XA
LP0025_05_L003	0.01713	0memhg19decoy-FalseDI26830XA
LP0025_06_L003	0.01087	0memhg19decoy-FalseDI26830XA
LP0025_07_L004	0.007225	0memhg19decoy-FalseDI26830XA
LP0025_08_L004	0.003744	0memhg19decoy-FalseDI26830XA
LP0025_10_L003	0.002261	0memhg19decoy-FalseDI26830XA
LP0025_11_L003	0.02081	0memhg19decoy-FalseDI26830XA
LP0025_12_L003	0.03272	0memhg19decoy-FalseDI26830XA
LP0025_15_L003	0.1299	0memhg19decoy-FalseDI26830XA
LP0025_17_L003	0.06873	0memhg19decoy-FalseDI26830XA
LP0025_21_L004	0.2254	0memhg19decoy-FalseDI26830XA
LP0025_24_L003	0.01199	0memhg19decoy-FalseDI26830XA
LP0026_05_L003	0.02474	0memhg19decoy-FalseDI26830XA
LP0026_07_L003	0.05713	0memhg19decoy-FalseDI26830XA
LP0026_08_L003	0.3442	0memhg19decoy-FalseDI26830XA
LP0026_22_L003	0.4443	0memhg19decoy-FalseDI26830XA
LP0026_26_L004	0.6459	0memhg19decoy-FalseDI26830XA
LP0026_38_L004	0.2541	0memhg19decoy-FalseDI26830XA
LP0026_42_L004	0.1205	0memhg19decoy-FalseDI26830XA
LP0027_26_L003	0.1225	0memhg19decoy-FalseDI26830XA
LP0027_35_L003	0.2386	0memhg19decoy-FalseDI26830XA
LP0027_39_L003	0.1617	0memhg19decoy-FalseDI26830XA
LP0028_01_L004	0.2715	0memhg19decoy-FalseDI26830XA
LP0029_02_L004	0.01074	0memhg19decoy-FalseDI26830XA
LP0029_04_L003	0.01661	0memhg19decoy-FalseDI26830XA
LP0029_05_L004	0.01287	0memhg19decoy-FalseDI26830XA
LP0029_06_L003	0	0memhg19decoy-FalseDI26830XA
LP0030_03_L004	0.006852	0memhg19decoy-FalseDI26830XA
LP0030_05_L004	0.007381	0memhg19decoy-FalseDI26830XA
LP0020_01	0.02339	0memhg19decoy-True40
LP0020_02	0.02588	0memhg19decoy-True40
LP0020_03	0.02637	0memhg19decoy-True40
LP0020_04	0	0memhg19decoy-True40
LP0020_05	0.02133	0memhg19decoy-True40
LP0020_06	0.02462	0memhg19decoy-True40
LP0020_07	0.0152	0memhg19decoy-True40
LP0020_08	0	0memhg19decoy-True40
LP0025_01_L004	0.003121	0memhg19decoy-True40
LP0025_02_L004	0.01477	0memhg19decoy-True40
LP0025_03_L003	0.005489	0memhg19decoy-True40
LP0025_04_L004	0.003614	0memhg19decoy-True40
LP0025_05_L003	0.01826	0memhg19decoy-True40
LP0025_06_L003	0.01204	0memhg19decoy-True40
LP0025_07_L004	0.006068	0memhg19decoy-True40
LP0025_08_L004	0.003164	0memhg19decoy-True40
LP0025_10_L003	0.006322	0memhg19decoy-True40
LP0025_11_L003	0.01962	0memhg19decoy-True40
LP0025_12_L003	0.03136	0memhg19decoy-True40
LP0025_15_L003	0.1288	0memhg19decoy-True40
LP0025_17_L003	0.06842	0memhg19decoy-True40
LP0025_21_L004	0.1902	0memhg19decoy-True40
LP0025_24_L003	0.006352	0memhg19decoy-True40
LP0026_05_L003	0.02606	0memhg19decoy-True40
LP0026_07_L003	0.02662	0memhg19decoy-True40
LP0026_08_L003	0.3423	0memhg19decoy-True40
LP0026_22_L003	0.4437	0memhg19decoy-True40
LP0026_26_L004	0.6449	0memhg19decoy-True40
LP0026_38_L004	0.2538	0memhg19decoy-True40
LP0026_42_L004	0.1193	0memhg19decoy-True40
LP0027_26_L003	0.1239	0memhg19decoy-True40
LP0027_35_L003	0.2384	0memhg19decoy-True40
LP0027_39_L003	0.1515	0memhg19decoy-True40
LP0028_01_L004	0.2697	0memhg19decoy-True40
LP0029_02_L004	0.008069	0memhg19decoy-True40
LP0029_04_L003	0.01422	0memhg19decoy-True40
LP0029_05_L004	0.00997	0memhg19decoy-True40
LP0029_06_L003	0	0memhg19decoy-True40
LP0030_03_L004	0.006274	0memhg19decoy-True40
LP0030_05_L004	0.006879	0memhg19decoy-True40
LP0020_01	0.01674	0memhg19decoy-TrueDI26830XA
LP0020_02	0.03069	0memhg19decoy-TrueDI26830XA
LP0020_03	0.03952	0memhg19decoy-TrueDI26830XA
LP0020_04	0	0memhg19decoy-TrueDI26830XA
LP0020_05	0.03202	0memhg19decoy-TrueDI26830XA
LP0020_06	0.0332	0memhg19decoy-TrueDI26830XA
LP0020_07	0.01121	0memhg19decoy-TrueDI26830XA
LP0020_08	0.02565	0memhg19decoy-TrueDI26830XA
LP0025_01_L004	0.003188	0memhg19decoy-TrueDI26830XA
LP0025_02_L004	0.01437	0memhg19decoy-TrueDI26830XA
LP0025_03_L003	0.005147	0memhg19decoy-TrueDI26830XA
LP0025_04_L004	0.003993	0memhg19decoy-TrueDI26830XA
LP0025_05_L003	0.01738	0memhg19decoy-TrueDI26830XA
LP0025_06_L003	0.0119	0memhg19decoy-TrueDI26830XA
LP0025_07_L004	0.01385	0memhg19decoy-TrueDI26830XA
LP0025_08_L004	0.003142	0memhg19decoy-TrueDI26830XA
LP0025_10_L003	0.005994	0memhg19decoy-TrueDI26830XA
LP0025_11_L003	0.02066	0memhg19decoy-TrueDI26830XA
LP0025_12_L003	0.03441	0memhg19decoy-TrueDI26830XA
LP0025_15_L003	0.13	0memhg19decoy-TrueDI26830XA
LP0025_17_L003	0.06711	0memhg19decoy-TrueDI26830XA
LP0025_21_L004	0.2257	0memhg19decoy-TrueDI26830XA
LP0025_24_L003	0.006477	0memhg19decoy-TrueDI26830XA
LP0026_05_L003	0.02572	0memhg19decoy-TrueDI26830XA
LP0026_07_L003	0.02562	0memhg19decoy-TrueDI26830XA
LP0026_08_L003	0.3438	0memhg19decoy-TrueDI26830XA
LP0026_22_L003	0.4433	0memhg19decoy-TrueDI26830XA
LP0026_26_L004	0.6455	0memhg19decoy-TrueDI26830XA
LP0026_38_L004	0.2531	0memhg19decoy-TrueDI26830XA
LP0026_42_L004	0.1202	0memhg19decoy-TrueDI26830XA
LP0027_26_L003	0.1235	0memhg19decoy-TrueDI26830XA
LP0027_35_L003	0.239	0memhg19decoy-TrueDI26830XA
LP0027_39_L003	0.1605	0memhg19decoy-TrueDI26830XA
LP0028_01_L004	0.2716	0memhg19decoy-TrueDI26830XA
LP0029_02_L004	0.009811	0memhg19decoy-TrueDI26830XA
LP0029_04_L003	0.01682	0memhg19decoy-TrueDI26830XA
LP0029_05_L004	0.01033	0memhg19decoy-TrueDI26830XA
LP0029_06_L003	0	0memhg19decoy-TrueDI26830XA
LP0030_03_L004	0.005887	0memhg19decoy-TrueDI26830XA
LP0030_05_L004	0.008159	0memhg19decoy-TrueDI26830XA
LP0020_01	0.01823	0memhg38-False40
LP0020_02	0.02792	0memhg38-False40
LP0020_03	0.03461	0memhg38-False40
LP0020_04	0.03247	0memhg38-False40
LP0020_05	0	0memhg38-False40
LP0020_06	0.02221	0memhg38-False40
LP0020_07	0.01845	0memhg38-False40
LP0020_08	0	0memhg38-False40
LP0025_01_L004	0.005373	0memhg38-False40
LP0025_02_L004	0.01194	0memhg38-False40
LP0025_03_L003	0.005151	0memhg38-False40
LP0025_04_L004	0.00519	0memhg38-False40
LP0025_05_L003	0.01719	0memhg38-False40
LP0025_06_L003	0.0144	0memhg38-False40
LP0025_07_L004	0.01172	0memhg38-False40
LP0025_08_L004	0	0memhg38-False40
LP0025_10_L003	0.8935	0memhg38-False40
LP0025_11_L003	0.01787	0memhg38-False40
LP0025_12_L003	0.02996	0memhg38-False40
LP0025_15_L003	0.1412	0memhg38-False40
LP0025_17_L003	0.06629	0memhg38-False40
LP0025_21_L004	0.1888	0memhg38-False40
LP0025_24_L003	0.01335	0memhg38-False40
LP0026_05_L003	0.02843	0memhg38-False40
LP0026_07_L003	0.05612	0memhg38-False40
LP0026_08_L003	0.3428	0memhg38-False40
LP0026_22_L003	0.4416	0memhg38-False40
LP0026_26_L004	0.6453	0memhg38-False40
LP0026_38_L004	0.2542	0memhg38-False40
LP0026_42_L004	0.1208	0memhg38-False40
LP0027_26_L003	0.1229	0memhg38-False40
LP0027_35_L003	0.2387	0memhg38-False40
LP0027_39_L003	0.1604	0memhg38-False40
LP0028_01_L004	0.2687	0memhg38-False40
LP0029_02_L004	0.009833	0memhg38-False40
LP0029_04_L003	0.0151	0memhg38-False40
LP0029_05_L004	0.007392	0memhg38-False40
LP0029_06_L003	0.007705	0memhg38-False40
LP0030_03_L004	0.00673	0memhg38-False40
LP0030_05_L004	0.009147	0memhg38-False40
LP0020_01	0.01678	0memhg38-FalseDI26830XA
LP0020_02	0.0272	0memhg38-FalseDI26830XA
LP0020_03	0.03263	0memhg38-FalseDI26830XA
LP0020_04	0.03427	0memhg38-FalseDI26830XA
LP0020_05	0	0memhg38-FalseDI26830XA
LP0020_06	0.02524	0memhg38-FalseDI26830XA
LP0020_07	0.01838	0memhg38-FalseDI26830XA
LP0020_08	0	0memhg38-FalseDI26830XA
LP0025_01_L004	0	0memhg38-FalseDI26830XA
LP0025_02_L004	0.01207	0memhg38-FalseDI26830XA
LP0025_03_L003	0.003326	0memhg38-FalseDI26830XA
LP0025_04_L004	0	0memhg38-FalseDI26830XA
LP0025_05_L003	0.01636	0memhg38-FalseDI26830XA
LP0025_06_L003	0.01611	0memhg38-FalseDI26830XA
LP0025_07_L004	0.01242	0memhg38-FalseDI26830XA
LP0025_08_L004	0	0memhg38-FalseDI26830XA
LP0025_10_L003	0.8941	0memhg38-FalseDI26830XA
LP0025_11_L003	0.01706	0memhg38-FalseDI26830XA
LP0025_12_L003	0.03136	0memhg38-FalseDI26830XA
LP0025_15_L003	0.1332	0memhg38-FalseDI26830XA
LP0025_17_L003	0.06669	0memhg38-FalseDI26830XA
LP0025_21_L004	0.1888	0memhg38-FalseDI26830XA
LP0025_24_L003	0.009224	0memhg38-FalseDI26830XA
LP0026_05_L003	0.02604	0memhg38-FalseDI26830XA
LP0026_07_L003	0.0554	0memhg38-FalseDI26830XA
LP0026_08_L003	0.3425	0memhg38-FalseDI26830XA
LP0026_22_L003	0.4426	0memhg38-FalseDI26830XA
LP0026_26_L004	0.6459	0memhg38-FalseDI26830XA
LP0026_38_L004	0.2547	0memhg38-FalseDI26830XA
LP0026_42_L004	0.1209	0memhg38-FalseDI26830XA
LP0027_26_L003	0.1235	0memhg38-FalseDI26830XA
LP0027_35_L003	0.2391	0memhg38-FalseDI26830XA
LP0027_39_L003	0.1598	0memhg38-FalseDI26830XA
LP0028_01_L004	0.27	0memhg38-FalseDI26830XA
LP0029_02_L004	0.00943	0memhg38-FalseDI26830XA
LP0029_04_L003	0.01385	0memhg38-FalseDI26830XA
LP0029_05_L004	0.005938	0memhg38-FalseDI26830XA
LP0029_06_L003	0.005972	0memhg38-FalseDI26830XA
LP0030_03_L004	0.005825	0memhg38-FalseDI26830XA
LP0030_05_L004	0.008076	0memhg38-FalseDI26830XA
LP0020_01	0.01598	0memhg38-True40
LP0020_02	0	0memhg38-True40
LP0020_03	0.03403	0memhg38-True40
LP0020_04	0.03324	0memhg38-True40
LP0020_05	0.0158	0memhg38-True40
LP0020_06	0.02445	0memhg38-True40
LP0020_07	0.01621	0memhg38-True40
LP0020_08	0.02435	0memhg38-True40
LP0025_01_L004	0.005113	0memhg38-True40
LP0025_02_L004	0.01214	0memhg38-True40
LP0025_03_L003	0.007079	0memhg38-True40
LP0025_04_L004	0.005801	0memhg38-True40
LP0025_05_L003	0.01615	0memhg38-True40
LP0025_06_L003	0.01398	0memhg38-True40
LP0025_07_L004	0.009952	0memhg38-True40
LP0025_08_L004	0.006274	0memhg38-True40
LP0025_10_L003	0.893	0memhg38-True40
LP0025_11_L003	0.01435	0memhg38-True40
LP0025_12_L003	0.03121	0memhg38-True40
LP0025_15_L003	0.1398	0memhg38-True40
LP0025_17_L003	0.06657	0memhg38-True40
LP0025_21_L004	0.1898	0memhg38-True40
LP0025_24_L003	0.01408	0memhg38-True40
LP0026_05_L003	0.02485	0memhg38-True40
LP0026_07_L003	0.05705	0memhg38-True40
LP0026_08_L003	0.3422	0memhg38-True40
LP0026_22_L003	0.4406	0memhg38-True40
LP0026_26_L004	0.6448	0memhg38-True40
LP0026_38_L004	0.2529	0memhg38-True40
LP0026_42_L004	0.1195	0memhg38-True40
LP0027_26_L003	0.1229	0memhg38-True40
LP0027_35_L003	0.2374	0memhg38-True40
LP0027_39_L003	0.1611	0memhg38-True40
LP0028_01_L004	0.2696	0memhg38-True40
LP0029_02_L004	0.008666	0memhg38-True40
LP0029_04_L003	0.01394	0memhg38-True40
LP0029_05_L004	0.005911	0memhg38-True40
LP0029_06_L003	0.008812	0memhg38-True40
LP0030_03_L004	0.005679	0memhg38-True40
LP0030_05_L004	0.008181	0memhg38-True40
LP0020_01	0.01947	0memhg38-TrueDI26830XA
LP0020_02	0.03141	0memhg38-TrueDI26830XA
LP0020_03	0.03464	0memhg38-TrueDI26830XA
LP0020_04	0.05048	0memhg38-TrueDI26830XA
LP0020_05	0	0memhg38-TrueDI26830XA
LP0020_06	0.03031	0memhg38-TrueDI26830XA
LP0020_07	0.01956	0memhg38-TrueDI26830XA
LP0020_08	0	0memhg38-TrueDI26830XA
LP0025_01_L004	0	0memhg38-TrueDI26830XA
LP0025_02_L004	0.01149	0memhg38-TrueDI26830XA
LP0025_03_L003	0.005483	0memhg38-TrueDI26830XA
LP0025_04_L004	0.007672	0memhg38-TrueDI26830XA
LP0025_05_L003	0.01331	0memhg38-TrueDI26830XA
LP0025_06_L003	0.009386	0memhg38-TrueDI26830XA
LP0025_07_L004	0.01142	0memhg38-TrueDI26830XA
LP0025_08_L004	0.005862	0memhg38-TrueDI26830XA
LP0025_10_L003	0.8937	0memhg38-TrueDI26830XA
LP0025_11_L003	0.01377	0memhg38-TrueDI26830XA
LP0025_12_L003	0.0337	0memhg38-TrueDI26830XA
LP0025_15_L003	0.1321	0memhg38-TrueDI26830XA
LP0025_17_L003	0.06654	0memhg38-TrueDI26830XA
LP0025_21_L004	0.1893	0memhg38-TrueDI26830XA
LP0025_24_L003	0.01235	0memhg38-TrueDI26830XA
LP0026_05_L003	0.02525	0memhg38-TrueDI26830XA
LP0026_07_L003	0.05352	0memhg38-TrueDI26830XA
LP0026_08_L003	0.3425	0memhg38-TrueDI26830XA
LP0026_22_L003	0.4413	0memhg38-TrueDI26830XA
LP0026_26_L004	0.6454	0memhg38-TrueDI26830XA
LP0026_38_L004	0.253	0memhg38-TrueDI26830XA
LP0026_42_L004	0.1204	0memhg38-TrueDI26830XA
LP0027_26_L003	0.1231	0memhg38-TrueDI26830XA
LP0027_35_L003	0.2378	0memhg38-TrueDI26830XA
LP0027_39_L003	0.1577	0memhg38-TrueDI26830XA
LP0028_01_L004	0.2707	0memhg38-TrueDI26830XA
LP0029_02_L004	0.00875	0memhg38-TrueDI26830XA
LP0029_04_L003	0.01354	0memhg38-TrueDI26830XA
LP0029_05_L004	0.006318	0memhg38-TrueDI26830XA
LP0029_06_L003	0	0memhg38-TrueDI26830XA
LP0030_03_L004	0.005077	0memhg38-TrueDI26830XA
LP0030_05_L004	0.008322	0memhg38-TrueDI26830XA
LP0020_01	0.0175	0memhg38noalt-False40
LP0020_02	0.03368	0memhg38noalt-False40
LP0020_03	0.0329	0memhg38noalt-False40
LP0020_04	0.04279	0memhg38noalt-False40
LP0020_05	0.01596	0memhg38noalt-False40
LP0020_06	0.02078	0memhg38noalt-False40
LP0020_07	0.02271	0memhg38noalt-False40
LP0020_08	0	0memhg38noalt-False40
LP0025_01_L004	0.003543	0memhg38noalt-False40
LP0025_02_L004	0.0132	0memhg38noalt-False40
LP0025_03_L003	0.007059	0memhg38noalt-False40
LP0025_04_L004	0.006227	0memhg38noalt-False40
LP0025_05_L003	0.01732	0memhg38noalt-False40
LP0025_06_L003	0.008902	0memhg38noalt-False40
LP0025_07_L004	0.01197	0memhg38noalt-False40
LP0025_08_L004	0.003295	0memhg38noalt-False40
LP0025_10_L003	0.002082	0memhg38noalt-False40
LP0025_11_L003	0.02015	0memhg38noalt-False40
LP0025_12_L003	0.02883	0memhg38noalt-False40
LP0025_15_L003	0.1296	0memhg38noalt-False40
LP0025_17_L003	0.06689	0memhg38noalt-False40
LP0025_21_L004	0.1892	0memhg38noalt-False40
LP0025_24_L003	0.007534	0memhg38noalt-False40
LP0026_05_L003	0.02673	0memhg38noalt-False40
LP0026_07_L003	0.05913	0memhg38noalt-False40
LP0026_08_L003	0.342	0memhg38noalt-False40
LP0026_22_L003	0.4419	0memhg38noalt-False40
LP0026_26_L004	0.6453	0memhg38noalt-False40
LP0026_38_L004	0.254	0memhg38noalt-False40
LP0026_42_L004	0.119	0memhg38noalt-False40
LP0027_26_L003	0.1225	0memhg38noalt-False40
LP0027_35_L003	0.2385	0memhg38noalt-False40
LP0027_39_L003	0.1621	0memhg38noalt-False40
LP0028_01_L004	0.2692	0memhg38noalt-False40
LP0029_02_L004	0.01158	0memhg38noalt-False40
LP0029_04_L003	0.01575	0memhg38noalt-False40
LP0029_05_L004	0.01006	0memhg38noalt-False40
LP0029_06_L003	0.006364	0memhg38noalt-False40
LP0030_03_L004	0.006018	0memhg38noalt-False40
LP0030_05_L004	0.008333	0memhg38noalt-False40
LP0020_01	0.01711	0memhg38noalt-FalseDI26830XA
LP0020_02	0.03066	0memhg38noalt-FalseDI26830XA
LP0020_03	0.0373	0memhg38noalt-FalseDI26830XA
LP0020_04	0.04254	0memhg38noalt-FalseDI26830XA
LP0020_05	0	0memhg38noalt-FalseDI26830XA
LP0020_06	0.02392	0memhg38noalt-FalseDI26830XA
LP0020_07	0.02284	0memhg38noalt-FalseDI26830XA
LP0020_08	0	0memhg38noalt-FalseDI26830XA
LP0025_01_L004	0.0025	0memhg38noalt-FalseDI26830XA
LP0025_02_L004	0.01041	0memhg38noalt-FalseDI26830XA
LP0025_03_L003	0	0memhg38noalt-FalseDI26830XA
LP0025_04_L004	0.006375	0memhg38noalt-FalseDI26830XA
LP0025_05_L003	0.01753	0memhg38noalt-FalseDI26830XA
LP0025_06_L003	0.008343	0memhg38noalt-FalseDI26830XA
LP0025_07_L004	0.01036	0memhg38noalt-FalseDI26830XA
LP0025_08_L004	0.003498	0memhg38noalt-FalseDI26830XA
LP0025_10_L003	0.001919	0memhg38noalt-FalseDI26830XA
LP0025_11_L003	0.01919	0memhg38noalt-FalseDI26830XA
LP0025_12_L003	0.03209	0memhg38noalt-FalseDI26830XA
LP0025_15_L003	0.1298	0memhg38noalt-FalseDI26830XA
LP0025_17_L003	0.06749	0memhg38noalt-FalseDI26830XA
LP0025_21_L004	0.1894	0memhg38noalt-FalseDI26830XA
LP0025_24_L003	0.01105	0memhg38noalt-FalseDI26830XA
LP0026_05_L003	0.02598	0memhg38noalt-FalseDI26830XA
LP0026_07_L003	0.05792	0memhg38noalt-FalseDI26830XA
LP0026_08_L003	0.3423	0memhg38noalt-FalseDI26830XA
LP0026_22_L003	0.4435	0memhg38noalt-FalseDI26830XA
LP0026_26_L004	0.646	0memhg38noalt-FalseDI26830XA
LP0026_38_L004	0.2546	0memhg38noalt-FalseDI26830XA
LP0026_42_L004	0.1196	0memhg38noalt-FalseDI26830XA
LP0027_26_L003	0.1225	0memhg38noalt-FalseDI26830XA
LP0027_35_L003	0.2383	0memhg38noalt-FalseDI26830XA
LP0027_39_L003	0.1614	0memhg38noalt-FalseDI26830XA
LP0028_01_L004	0.2703	0memhg38noalt-FalseDI26830XA
LP0029_02_L004	0.007343	0memhg38noalt-FalseDI26830XA
LP0029_04_L003	0.01554	0memhg38noalt-FalseDI26830XA
LP0029_05_L004	0.009599	0memhg38noalt-FalseDI26830XA
LP0029_06_L003	0	0memhg38noalt-FalseDI26830XA
LP0030_03_L004	0.003499	0memhg38noalt-FalseDI26830XA
LP0030_05_L004	0.007726	0memhg38noalt-FalseDI26830XA
LP0020_01	0.02184	0memhg38noalt-True40
LP0020_02	0.03412	0memhg38noalt-True40
LP0020_03	0.04056	0memhg38noalt-True40
LP0020_04	0.0467	0memhg38noalt-True40
LP0020_05	0.01649	0memhg38noalt-True40
LP0020_06	0.02466	0memhg38noalt-True40
LP0020_07	0.01518	0memhg38noalt-True40
LP0020_08	0.02299	0memhg38noalt-True40
LP0025_01_L004	0.005977	0memhg38noalt-True40
LP0025_02_L004	0.01033	0memhg38noalt-True40
LP0025_03_L003	0.008125	0memhg38noalt-True40
LP0025_04_L004	0.006965	0memhg38noalt-True40
LP0025_05_L003	0.01519	0memhg38noalt-True40
LP0025_06_L003	0.006949	0memhg38noalt-True40
LP0025_07_L004	0.01114	0memhg38noalt-True40
LP0025_08_L004	0.002744	0memhg38noalt-True40
LP0025_10_L003	0.002391	0memhg38noalt-True40
LP0025_11_L003	0.02192	0memhg38noalt-True40
LP0025_12_L003	0.03312	0memhg38noalt-True40
LP0025_15_L003	0.1297	0memhg38noalt-True40
LP0025_17_L003	0.06675	0memhg38noalt-True40
LP0025_21_L004	0.2237	0memhg38noalt-True40
LP0025_24_L003	0.006909	0memhg38noalt-True40
LP0026_05_L003	0.02883	0memhg38noalt-True40
LP0026_07_L003	0.05987	0memhg38noalt-True40
LP0026_08_L003	0.3414	0memhg38noalt-True40
LP0026_22_L003	0.4416	0memhg38noalt-True40
LP0026_26_L004	0.6446	0memhg38noalt-True40
LP0026_38_L004	0.2544	0memhg38noalt-True40
LP0026_42_L004	0.1195	0memhg38noalt-True40
LP0027_26_L003	0.1228	0memhg38noalt-True40
LP0027_35_L003	0.2374	0memhg38noalt-True40
LP0027_39_L003	0.1615	0memhg38noalt-True40
LP0028_01_L004	0.2675	0memhg38noalt-True40
LP0029_02_L004	0.01085	0memhg38noalt-True40
LP0029_04_L003	0.01479	0memhg38noalt-True40
LP0029_05_L004	0.01114	0memhg38noalt-True40
LP0029_06_L003	0	0memhg38noalt-True40
LP0030_03_L004	0.003362	0memhg38noalt-True40
LP0030_05_L004	0.008254	0memhg38noalt-True40
LP0020_01	0.01861	0memhg38noalt-TrueDI26830XA
LP0020_02	0.0378	0memhg38noalt-TrueDI26830XA
LP0020_03	0.03072	0memhg38noalt-TrueDI26830XA
LP0020_04	0.05993	0memhg38noalt-TrueDI26830XA
LP0020_05	0.01568	0memhg38noalt-TrueDI26830XA
LP0020_06	0.02523	0memhg38noalt-TrueDI26830XA
LP0020_07	0	0memhg38noalt-TrueDI26830XA
LP0020_08	0	0memhg38noalt-TrueDI26830XA
LP0025_01_L004	0.00252	0memhg38noalt-TrueDI26830XA
LP0025_02_L004	0.0143	0memhg38noalt-TrueDI26830XA
LP0025_03_L003	0.004669	0memhg38noalt-TrueDI26830XA
LP0025_04_L004	0.007087	0memhg38noalt-TrueDI26830XA
LP0025_05_L003	0.01707	0memhg38noalt-TrueDI26830XA
LP0025_06_L003	0.007347	0memhg38noalt-TrueDI26830XA
LP0025_07_L004	0.01117	0memhg38noalt-TrueDI26830XA
LP0025_08_L004	0.003218	0memhg38noalt-TrueDI26830XA
LP0025_10_L003	0.002104	0memhg38noalt-TrueDI26830XA
LP0025_11_L003	0.01441	0memhg38noalt-TrueDI26830XA
LP0025_12_L003	0.03525	0memhg38noalt-TrueDI26830XA
LP0025_15_L003	0.1248	0memhg38noalt-TrueDI26830XA
LP0025_17_L003	0.0671	0memhg38noalt-TrueDI26830XA
LP0025_21_L004	0.2261	0memhg38noalt-TrueDI26830XA
LP0025_24_L003	0.009085	0memhg38noalt-TrueDI26830XA
LP0026_05_L003	0.02901	0memhg38noalt-TrueDI26830XA
LP0026_07_L003	0.02621	0memhg38noalt-TrueDI26830XA
LP0026_08_L003	0.342	0memhg38noalt-TrueDI26830XA
LP0026_22_L003	0.443	0memhg38noalt-TrueDI26830XA
LP0026_26_L004	0.6455	0memhg38noalt-TrueDI26830XA
LP0026_38_L004	0.2528	0memhg38noalt-TrueDI26830XA
LP0026_42_L004	0.1197	0memhg38noalt-TrueDI26830XA
LP0027_26_L003	0.1243	0memhg38noalt-TrueDI26830XA
LP0027_35_L003	0.2388	0memhg38noalt-TrueDI26830XA
LP0027_39_L003	0.163	0memhg38noalt-TrueDI26830XA
LP0028_01_L004	0.2702	0memhg38noalt-TrueDI26830XA
LP0029_02_L004	0.01052	0memhg38noalt-TrueDI26830XA
LP0029_04_L003	0.01554	0memhg38noalt-TrueDI26830XA
LP0029_05_L004	0.004863	0memhg38noalt-TrueDI26830XA
LP0029_06_L003	0.007418	0memhg38noalt-TrueDI26830XA
LP0030_03_L004	0.002658	0memhg38noalt-TrueDI26830XA
LP0030_05_L004	0.005318	0memhg38noalt-TrueDI26830XA
LP0020_01	0.01809	30memhg19-False40
LP0020_02	0.02979	30memhg19-False40
LP0020_03	0.03076	30memhg19-False40
LP0020_04	0	30memhg19-False40
LP0020_05	0	30memhg19-False40
LP0020_06	0.0208	30memhg19-False40
LP0020_07	0.01692	30memhg19-False40
LP0020_08	0.02141	30memhg19-False40
LP0025_01_L004	0.003338	30memhg19-False40
LP0025_02_L004	0.01093	30memhg19-False40
LP0025_03_L003	0.00555	30memhg19-False40
LP0025_04_L004	0.004035	30memhg19-False40
LP0025_05_L003	0.01811	30memhg19-False40
LP0025_06_L003	0.01402	30memhg19-False40
LP0025_07_L004	0.01158	30memhg19-False40
LP0025_08_L004	0.005139	30memhg19-False40
LP0025_10_L003	0.003787	30memhg19-False40
LP0025_11_L003	0.02115	30memhg19-False40
LP0025_12_L003	0.03036	30memhg19-False40
LP0025_15_L003	0.1271	30memhg19-False40
LP0025_17_L003	0.06803	30memhg19-False40
LP0025_21_L004	0.1925	30memhg19-False40
LP0025_24_L003	0.01299	30memhg19-False40
LP0026_05_L003	0.02924	30memhg19-False40
LP0026_07_L003	0.02644	30memhg19-False40
LP0026_08_L003	0.3472	30memhg19-False40
LP0026_22_L003	0.4512	30memhg19-False40
LP0026_26_L004	0.6517	30memhg19-False40
LP0026_38_L004	0.2558	30memhg19-False40
LP0026_42_L004	0.1217	30memhg19-False40
LP0027_26_L003	0.1242	30memhg19-False40
LP0027_35_L003	0.2407	30memhg19-False40
LP0027_39_L003	0.1623	30memhg19-False40
LP0028_01_L004	0.27	30memhg19-False40
LP0029_02_L004	0.01197	30memhg19-False40
LP0029_04_L003	0.01609	30memhg19-False40
LP0029_05_L004	0.01168	30memhg19-False40
LP0029_06_L003	0	30memhg19-False40
LP0030_03_L004	0.006766	30memhg19-False40
LP0030_05_L004	0.008438	30memhg19-False40
LP0020_01	0.01488	30memhg19-FalseDI26830XA
LP0020_02	0.02732	30memhg19-FalseDI26830XA
LP0020_03	0.03298	30memhg19-FalseDI26830XA
LP0020_04	0	30memhg19-FalseDI26830XA
LP0020_05	0	30memhg19-FalseDI26830XA
LP0020_06	0.02206	30memhg19-FalseDI26830XA
LP0020_07	0.01722	30memhg19-FalseDI26830XA
LP0020_08	0.02318	30memhg19-FalseDI26830XA
LP0025_01_L004	0.00267	30memhg19-FalseDI26830XA
LP0025_02_L004	0.0145	30memhg19-FalseDI26830XA
LP0025_03_L003	0.005806	30memhg19-FalseDI26830XA
LP0025_04_L004	0.003751	30memhg19-FalseDI26830XA
LP0025_05_L003	0.01783	30memhg19-FalseDI26830XA
LP0025_06_L003	0.01152	30memhg19-FalseDI26830XA
LP0025_07_L004	0.008063	30memhg19-FalseDI26830XA
LP0025_08_L004	0.00505	30memhg19-FalseDI26830XA
LP0025_10_L003	0.003261	30memhg19-FalseDI26830XA
LP0025_11_L003	0.01993	30memhg19-FalseDI26830XA
LP0025_12_L003	0.02914	30memhg19-FalseDI26830XA
LP0025_15_L003	0.1281	30memhg19-FalseDI26830XA
LP0025_17_L003	0.06894	30memhg19-FalseDI26830XA
LP0025_21_L004	0.1932	30memhg19-FalseDI26830XA
LP0025_24_L003	0.01191	30memhg19-FalseDI26830XA
LP0026_05_L003	0.02797	30memhg19-FalseDI26830XA
LP0026_07_L003	0.02413	30memhg19-FalseDI26830XA
LP0026_08_L003	0.3475	30memhg19-FalseDI26830XA
LP0026_22_L003	0.4522	30memhg19-FalseDI26830XA
LP0026_26_L004	0.6526	30memhg19-FalseDI26830XA
LP0026_38_L004	0.2557	30memhg19-FalseDI26830XA
LP0026_42_L004	0.1222	30memhg19-FalseDI26830XA
LP0027_26_L003	0.1236	30memhg19-FalseDI26830XA
LP0027_35_L003	0.2406	30memhg19-FalseDI26830XA
LP0027_39_L003	0.1611	30memhg19-FalseDI26830XA
LP0028_01_L004	0.2711	30memhg19-FalseDI26830XA
LP0029_02_L004	0.01102	30memhg19-FalseDI26830XA
LP0029_04_L003	0.02236	30memhg19-FalseDI26830XA
LP0029_05_L004	0.01301	30memhg19-FalseDI26830XA
LP0029_06_L003	0	30memhg19-FalseDI26830XA
LP0030_03_L004	0.006556	30memhg19-FalseDI26830XA
LP0030_05_L004	0.007431	30memhg19-FalseDI26830XA
LP0020_01	0.02175	30memhg19-True40
LP0020_02	0.02871	30memhg19-True40
LP0020_03	0.04051	30memhg19-True40
LP0020_04	0	30memhg19-True40
LP0020_05	0.0199	30memhg19-True40
LP0020_06	0.02407	30memhg19-True40
LP0020_07	0.01314	30memhg19-True40
LP0020_08	0	30memhg19-True40
LP0025_01_L004	0.003346	30memhg19-True40
LP0025_02_L004	0.01449	30memhg19-True40
LP0025_03_L003	0	30memhg19-True40
LP0025_04_L004	0.004293	30memhg19-True40
LP0025_05_L003	0.01707	30memhg19-True40
LP0025_06_L003	0	30memhg19-True40
LP0025_07_L004	0.007491	30memhg19-True40
LP0025_08_L004	0	30memhg19-True40
LP0025_10_L003	0.004832	30memhg19-True40
LP0025_11_L003	0.0217	30memhg19-True40
LP0025_12_L003	0.03105	30memhg19-True40
LP0025_15_L003	0.1271	30memhg19-True40
LP0025_17_L003	0.06826	30memhg19-True40
LP0025_21_L004	0.1927	30memhg19-True40
LP0025_24_L003	0.007638	30memhg19-True40
LP0026_05_L003	0.02717	30memhg19-True40
LP0026_07_L003	0.02592	30memhg19-True40
LP0026_08_L003	0.3476	30memhg19-True40
LP0026_22_L003	0.4518	30memhg19-True40
LP0026_26_L004	0.6516	30memhg19-True40
LP0026_38_L004	0.2558	30memhg19-True40
LP0026_42_L004	0.121	30memhg19-True40
LP0027_26_L003	0.1237	30memhg19-True40
LP0027_35_L003	0.2416	30memhg19-True40
LP0027_39_L003	0.1451	30memhg19-True40
LP0028_01_L004	0.2697	30memhg19-True40
LP0029_02_L004	0.01328	30memhg19-True40
LP0029_04_L003	0.02022	30memhg19-True40
LP0029_05_L004	0.007281	30memhg19-True40
LP0029_06_L003	0	30memhg19-True40
LP0030_03_L004	0.006662	30memhg19-True40
LP0030_05_L004	0.009107	30memhg19-True40
LP0020_01	0.014	30memhg19-TrueDI26830XA
LP0020_02	0.03064	30memhg19-TrueDI26830XA
LP0020_03	0.04003	30memhg19-TrueDI26830XA
LP0020_04	0	30memhg19-TrueDI26830XA
LP0020_05	0.01928	30memhg19-TrueDI26830XA
LP0020_06	0.0296	30memhg19-TrueDI26830XA
LP0020_07	0.01727	30memhg19-TrueDI26830XA
LP0020_08	0.02774	30memhg19-TrueDI26830XA
LP0025_01_L004	0.003112	30memhg19-TrueDI26830XA
LP0025_02_L004	0.01419	30memhg19-TrueDI26830XA
LP0025_03_L003	0.00355	30memhg19-TrueDI26830XA
LP0025_04_L004	0.003917	30memhg19-TrueDI26830XA
LP0025_05_L003	0.01737	30memhg19-TrueDI26830XA
LP0025_06_L003	0.006894	30memhg19-TrueDI26830XA
LP0025_07_L004	0.01172	30memhg19-TrueDI26830XA
LP0025_08_L004	0.005006	30memhg19-TrueDI26830XA
LP0025_10_L003	0.004661	30memhg19-TrueDI26830XA
LP0025_11_L003	0.01953	30memhg19-TrueDI26830XA
LP0025_12_L003	0.03236	30memhg19-TrueDI26830XA
LP0025_15_L003	0.1324	30memhg19-TrueDI26830XA
LP0025_17_L003	0.06922	30memhg19-TrueDI26830XA
LP0025_21_L004	0.2301	30memhg19-TrueDI26830XA
LP0025_24_L003	0.007024	30memhg19-TrueDI26830XA
LP0026_05_L003	0.0282	30memhg19-TrueDI26830XA
LP0026_07_L003	0.0309	30memhg19-TrueDI26830XA
LP0026_08_L003	0.3473	30memhg19-TrueDI26830XA
LP0026_22_L003	0.4515	30memhg19-TrueDI26830XA
LP0026_26_L004	0.6526	30memhg19-TrueDI26830XA
LP0026_38_L004	0.2547	30memhg19-TrueDI26830XA
LP0026_42_L004	0.1215	30memhg19-TrueDI26830XA
LP0027_26_L003	0.1237	30memhg19-TrueDI26830XA
LP0027_35_L003	0.2406	30memhg19-TrueDI26830XA
LP0027_39_L003	0.1481	30memhg19-TrueDI26830XA
LP0028_01_L004	0.2721	30memhg19-TrueDI26830XA
LP0029_02_L004	0.01349	30memhg19-TrueDI26830XA
LP0029_04_L003	0.01854	30memhg19-TrueDI26830XA
LP0029_05_L004	0.007094	30memhg19-TrueDI26830XA
LP0029_06_L003	0	30memhg19-TrueDI26830XA
LP0030_03_L004	0.00483	30memhg19-TrueDI26830XA
LP0030_05_L004	0.003203	30memhg19-TrueDI26830XA
LP0020_01	0.01738	30memhg19decoy-False40
LP0020_02	0.02947	30memhg19decoy-False40
LP0020_03	0.03763	30memhg19decoy-False40
LP0020_04	0	30memhg19decoy-False40
LP0020_05	0	30memhg19decoy-False40
LP0020_06	0.02222	30memhg19decoy-False40
LP0020_07	0.01763	30memhg19decoy-False40
LP0020_08	0.02156	30memhg19decoy-False40
LP0025_01_L004	0.003073	30memhg19decoy-False40
LP0025_02_L004	0.01078	30memhg19decoy-False40
LP0025_03_L003	0.005178	30memhg19decoy-False40
LP0025_04_L004	0.00397	30memhg19decoy-False40
LP0025_05_L003	0.01783	30memhg19decoy-False40
LP0025_06_L003	0.01138	30memhg19decoy-False40
LP0025_07_L004	0.01157	30memhg19decoy-False40
LP0025_08_L004	0.005265	30memhg19decoy-False40
LP0025_10_L003	0.005032	30memhg19decoy-False40
LP0025_11_L003	0.0203	30memhg19decoy-False40
LP0025_12_L003	0.03022	30memhg19decoy-False40
LP0025_15_L003	0.1298	30memhg19decoy-False40
LP0025_17_L003	0.06791	30memhg19decoy-False40
LP0025_21_L004	0.1926	30memhg19decoy-False40
LP0025_24_L003	0.01361	30memhg19decoy-False40
LP0026_05_L003	0.02958	30memhg19decoy-False40
LP0026_07_L003	0.02702	30memhg19decoy-False40
LP0026_08_L003	0.3475	30memhg19decoy-False40
LP0026_22_L003	0.4519	30memhg19decoy-False40
LP0026_26_L004	0.6513	30memhg19decoy-False40
LP0026_38_L004	0.256	30memhg19decoy-False40
LP0026_42_L004	0.1219	30memhg19decoy-False40
LP0027_26_L003	0.1239	30memhg19decoy-False40
LP0027_35_L003	0.2412	30memhg19decoy-False40
LP0027_39_L003	0.1622	30memhg19decoy-False40
LP0028_01_L004	0.2699	30memhg19decoy-False40
LP0029_02_L004	0.01092	30memhg19decoy-False40
LP0029_04_L003	0.01612	30memhg19decoy-False40
LP0029_05_L004	0.01143	30memhg19decoy-False40
LP0029_06_L003	0	30memhg19decoy-False40
LP0030_03_L004	0.006378	30memhg19decoy-False40
LP0030_05_L004	0.007529	30memhg19decoy-False40
LP0020_01	0.0144	30memhg19decoy-FalseDI26830XA
LP0020_02	0.02865	30memhg19decoy-FalseDI26830XA
LP0020_03	0.03417	30memhg19decoy-FalseDI26830XA
LP0020_04	0	30memhg19decoy-FalseDI26830XA
LP0020_05	0	30memhg19decoy-FalseDI26830XA
LP0020_06	0.02267	30memhg19decoy-FalseDI26830XA
LP0020_07	0.01805	30memhg19decoy-FalseDI26830XA
LP0020_08	0.02307	30memhg19decoy-FalseDI26830XA
LP0025_01_L004	0.002566	30memhg19decoy-FalseDI26830XA
LP0025_02_L004	0.01423	30memhg19decoy-FalseDI26830XA
LP0025_03_L003	0.005355	30memhg19decoy-FalseDI26830XA
LP0025_04_L004	0.003867	30memhg19decoy-FalseDI26830XA
LP0025_05_L003	0.01996	30memhg19decoy-FalseDI26830XA
LP0025_06_L003	0.01162	30memhg19decoy-FalseDI26830XA
LP0025_07_L004	0.00847	30memhg19decoy-FalseDI26830XA
LP0025_08_L004	0.00491	30memhg19decoy-FalseDI26830XA
LP0025_10_L003	0.003259	30memhg19decoy-FalseDI26830XA
LP0025_11_L003	0.01988	30memhg19decoy-FalseDI26830XA
LP0025_12_L003	0.02912	30memhg19decoy-FalseDI26830XA
LP0025_15_L003	0.1323	30memhg19decoy-FalseDI26830XA
LP0025_17_L003	0.06832	30memhg19decoy-FalseDI26830XA
LP0025_21_L004	0.1935	30memhg19decoy-FalseDI26830XA
LP0025_24_L003	0.01191	30memhg19decoy-FalseDI26830XA
LP0026_05_L003	0.02812	30memhg19decoy-FalseDI26830XA
LP0026_07_L003	0.02654	30memhg19decoy-FalseDI26830XA
LP0026_08_L003	0.3475	30memhg19decoy-FalseDI26830XA
LP0026_22_L003	0.4525	30memhg19decoy-FalseDI26830XA
LP0026_26_L004	0.6523	30memhg19decoy-FalseDI26830XA
LP0026_38_L004	0.2562	30memhg19decoy-FalseDI26830XA
LP0026_42_L004	0.1221	30memhg19decoy-FalseDI26830XA
LP0027_26_L003	0.1236	30memhg19decoy-FalseDI26830XA
LP0027_35_L003	0.2409	30memhg19decoy-FalseDI26830XA
LP0027_39_L003	0.1622	30memhg19decoy-FalseDI26830XA
LP0028_01_L004	0.2711	30memhg19decoy-FalseDI26830XA
LP0029_02_L004	0.01114	30memhg19decoy-FalseDI26830XA
LP0029_04_L003	0.02105	30memhg19decoy-FalseDI26830XA
LP0029_05_L004	0.01449	30memhg19decoy-FalseDI26830XA
LP0029_06_L003	0	30memhg19decoy-FalseDI26830XA
LP0030_03_L004	0.006685	30memhg19decoy-FalseDI26830XA
LP0030_05_L004	0.007569	30memhg19decoy-FalseDI26830XA
LP0020_01	0.01987	30memhg19decoy-True40
LP0020_02	0.03917	30memhg19decoy-True40
LP0020_03	0.03423	30memhg19decoy-True40
LP0020_04	0	30memhg19decoy-True40
LP0020_05	0.01701	30memhg19decoy-True40
LP0020_06	0.03358	30memhg19decoy-True40
LP0020_07	0	30memhg19decoy-True40
LP0020_08	0.02277	30memhg19decoy-True40
LP0025_01_L004	0.003637	30memhg19decoy-True40
LP0025_02_L004	0.01405	30memhg19decoy-True40
LP0025_03_L003	0	30memhg19decoy-True40
LP0025_04_L004	0.004524	30memhg19decoy-True40
LP0025_05_L003	0.01835	30memhg19decoy-True40
LP0025_06_L003	0.009839	30memhg19decoy-True40
LP0025_07_L004	0.006513	30memhg19decoy-True40
LP0025_08_L004	0.004943	30memhg19decoy-True40
LP0025_10_L003	0.00536	30memhg19decoy-True40
LP0025_11_L003	0.02107	30memhg19decoy-True40
LP0025_12_L003	0.0332	30memhg19decoy-True40
LP0025_15_L003	0.1285	30memhg19decoy-True40
LP0025_17_L003	0.06866	30memhg19decoy-True40
LP0025_21_L004	0.2301	30memhg19decoy-True40
LP0025_24_L003	0.007946	30memhg19decoy-True40
LP0026_05_L003	0.03002	30memhg19decoy-True40
LP0026_07_L003	0.04951	30memhg19decoy-True40
LP0026_08_L003	0.3473	30memhg19decoy-True40
LP0026_22_L003	0.4516	30memhg19decoy-True40
LP0026_26_L004	0.6515	30memhg19decoy-True40
LP0026_38_L004	0.2551	30memhg19decoy-True40
LP0026_42_L004	0.1219	30memhg19decoy-True40
LP0027_26_L003	0.1251	30memhg19decoy-True40
LP0027_35_L003	0.2411	30memhg19decoy-True40
LP0027_39_L003	0.1428	30memhg19decoy-True40
LP0028_01_L004	0.2709	30memhg19decoy-True40
LP0029_02_L004	0.01007	30memhg19decoy-True40
LP0029_04_L003	0.01926	30memhg19decoy-True40
LP0029_05_L004	0.0133	30memhg19decoy-True40
LP0029_06_L003	0	30memhg19decoy-True40
LP0030_03_L004	0.007009	30memhg19decoy-True40
LP0030_05_L004	0.006575	30memhg19decoy-True40
LP0020_01	0.0207	30memhg19decoy-TrueDI26830XA
LP0020_02	0.03469	30memhg19decoy-TrueDI26830XA
LP0020_03	0.03503	30memhg19decoy-TrueDI26830XA
LP0020_04	0.04259	30memhg19decoy-TrueDI26830XA
LP0020_05	0.02575	30memhg19decoy-TrueDI26830XA
LP0020_06	0.02906	30memhg19decoy-TrueDI26830XA
LP0020_07	0	30memhg19decoy-TrueDI26830XA
LP0020_08	0.02594	30memhg19decoy-TrueDI26830XA
LP0025_01_L004	0.002878	30memhg19decoy-TrueDI26830XA
LP0025_02_L004	0.01672	30memhg19decoy-TrueDI26830XA
LP0025_03_L003	0.003541	30memhg19decoy-TrueDI26830XA
LP0025_04_L004	0.004147	30memhg19decoy-TrueDI26830XA
LP0025_05_L003	0.02439	30memhg19decoy-TrueDI26830XA
LP0025_06_L003	0.01085	30memhg19decoy-TrueDI26830XA
LP0025_07_L004	0.006148	30memhg19decoy-TrueDI26830XA
LP0025_08_L004	0.004308	30memhg19decoy-TrueDI26830XA
LP0025_10_L003	0.006226	30memhg19decoy-TrueDI26830XA
LP0025_11_L003	0.01993	30memhg19decoy-TrueDI26830XA
LP0025_12_L003	0.03337	30memhg19decoy-TrueDI26830XA
LP0025_15_L003	0.1286	30memhg19decoy-TrueDI26830XA
LP0025_17_L003	0.06831	30memhg19decoy-TrueDI26830XA
LP0025_21_L004	0.2299	30memhg19decoy-TrueDI26830XA
LP0025_24_L003	0.006506	30memhg19decoy-TrueDI26830XA
LP0026_05_L003	0.03067	30memhg19decoy-TrueDI26830XA
LP0026_07_L003	0.02918	30memhg19decoy-TrueDI26830XA
LP0026_08_L003	0.3476	30memhg19decoy-TrueDI26830XA
LP0026_22_L003	0.4526	30memhg19decoy-TrueDI26830XA
LP0026_26_L004	0.6526	30memhg19decoy-TrueDI26830XA
LP0026_38_L004	0.2553	30memhg19decoy-TrueDI26830XA
LP0026_42_L004	0.1218	30memhg19decoy-TrueDI26830XA
LP0027_26_L003	0.1238	30memhg19decoy-TrueDI26830XA
LP0027_35_L003	0.2416	30memhg19decoy-TrueDI26830XA
LP0027_39_L003	0.162	30memhg19decoy-TrueDI26830XA
LP0028_01_L004	0.2721	30memhg19decoy-TrueDI26830XA
LP0029_02_L004	0.01177	30memhg19decoy-TrueDI26830XA
LP0029_04_L003	0.02074	30memhg19decoy-TrueDI26830XA
LP0029_05_L004	0.01374	30memhg19decoy-TrueDI26830XA
LP0029_06_L003	0	30memhg19decoy-TrueDI26830XA
LP0030_03_L004	0.004948	30memhg19decoy-TrueDI26830XA
LP0030_05_L004	0.009904	30memhg19decoy-TrueDI26830XA
LP0020_01	0.02082	30memhg38-False40
LP0020_02	0.02748	30memhg38-False40
LP0020_03	0.03663	30memhg38-False40
LP0020_04	0.0312	30memhg38-False40
LP0020_05	0.01815	30memhg38-False40
LP0020_06	0.02255	30memhg38-False40
LP0020_07	0.01784	30memhg38-False40
LP0020_08	0.02075	30memhg38-False40
LP0025_01_L004	0.004887	30memhg38-False40
LP0025_02_L004	0.01248	30memhg38-False40
LP0025_03_L003	0.00494	30memhg38-False40
LP0025_04_L004	0	30memhg38-False40
LP0025_05_L003	0.01643	30memhg38-False40
LP0025_06_L003	0.01327	30memhg38-False40
LP0025_07_L004	0.01228	30memhg38-False40
LP0025_08_L004	0.005633	30memhg38-False40
LP0025_10_L003	0.8947	30memhg38-False40
LP0025_11_L003	0.01936	30memhg38-False40
LP0025_12_L003	0.02901	30memhg38-False40
LP0025_15_L003	0.1372	30memhg38-False40
LP0025_17_L003	0.06753	30memhg38-False40
LP0025_21_L004	0.1919	30memhg38-False40
LP0025_24_L003	0.01514	30memhg38-False40
LP0026_05_L003	0.02897	30memhg38-False40
LP0026_07_L003	0.05742	30memhg38-False40
LP0026_08_L003	0.3464	30memhg38-False40
LP0026_22_L003	0.4503	30memhg38-False40
LP0026_26_L004	0.6517	30memhg38-False40
LP0026_38_L004	0.2569	30memhg38-False40
LP0026_42_L004	0.1209	30memhg38-False40
LP0027_26_L003	0.125	30memhg38-False40
LP0027_35_L003	0.2397	30memhg38-False40
LP0027_39_L003	0.1618	30memhg38-False40
LP0028_01_L004	0.2685	30memhg38-False40
LP0029_02_L004	0.009865	30memhg38-False40
LP0029_04_L003	0.01737	30memhg38-False40
LP0029_05_L004	0.006849	30memhg38-False40
LP0029_06_L003	0.00626	30memhg38-False40
LP0030_03_L004	0.006059	30memhg38-False40
LP0030_05_L004	0.008537	30memhg38-False40
LP0020_01	0.01877	30memhg38-FalseDI26830XA
LP0020_02	0.02602	30memhg38-FalseDI26830XA
LP0020_03	0.04039	30memhg38-FalseDI26830XA
LP0020_04	0.04564	30memhg38-FalseDI26830XA
LP0020_05	0.01814	30memhg38-FalseDI26830XA
LP0020_06	0.02784	30memhg38-FalseDI26830XA
LP0020_07	0.01709	30memhg38-FalseDI26830XA
LP0020_08	0	30memhg38-FalseDI26830XA
LP0025_01_L004	0.004735	30memhg38-FalseDI26830XA
LP0025_02_L004	0.01261	30memhg38-FalseDI26830XA
LP0025_03_L003	0.003744	30memhg38-FalseDI26830XA
LP0025_04_L004	0.004342	30memhg38-FalseDI26830XA
LP0025_05_L003	0.01854	30memhg38-FalseDI26830XA
LP0025_06_L003	0.01373	30memhg38-FalseDI26830XA
LP0025_07_L004	0.01239	30memhg38-FalseDI26830XA
LP0025_08_L004	0.005591	30memhg38-FalseDI26830XA
LP0025_10_L003	0.8951	30memhg38-FalseDI26830XA
LP0025_11_L003	0.01758	30memhg38-FalseDI26830XA
LP0025_12_L003	0.03081	30memhg38-FalseDI26830XA
LP0025_15_L003	0.1291	30memhg38-FalseDI26830XA
LP0025_17_L003	0.06731	30memhg38-FalseDI26830XA
LP0025_21_L004	0.1919	30memhg38-FalseDI26830XA
LP0025_24_L003	0.009723	30memhg38-FalseDI26830XA
LP0026_05_L003	0.02783	30memhg38-FalseDI26830XA
LP0026_07_L003	0.05564	30memhg38-FalseDI26830XA
LP0026_08_L003	0.3462	30memhg38-FalseDI26830XA
LP0026_22_L003	0.4514	30memhg38-FalseDI26830XA
LP0026_26_L004	0.6528	30memhg38-FalseDI26830XA
LP0026_38_L004	0.2574	30memhg38-FalseDI26830XA
LP0026_42_L004	0.121	30memhg38-FalseDI26830XA
LP0027_26_L003	0.1241	30memhg38-FalseDI26830XA
LP0027_35_L003	0.24	30memhg38-FalseDI26830XA
LP0027_39_L003	0.1618	30memhg38-FalseDI26830XA
LP0028_01_L004	0.2703	30memhg38-FalseDI26830XA
LP0029_02_L004	0.009595	30memhg38-FalseDI26830XA
LP0029_04_L003	0.01358	30memhg38-FalseDI26830XA
LP0029_05_L004	0.006431	30memhg38-FalseDI26830XA
LP0029_06_L003	0.006225	30memhg38-FalseDI26830XA
LP0030_03_L004	0.005886	30memhg38-FalseDI26830XA
LP0030_05_L004	0.00769	30memhg38-FalseDI26830XA
LP0020_01	0.01928	30memhg38-True40
LP0020_02	0.02714	30memhg38-True40
LP0020_03	0.02896	30memhg38-True40
LP0020_04	0	30memhg38-True40
LP0020_05	0	30memhg38-True40
LP0020_06	0.02373	30memhg38-True40
LP0020_07	0	30memhg38-True40
LP0020_08	0.02628	30memhg38-True40
LP0025_01_L004	0	30memhg38-True40
LP0025_02_L004	0.01049	30memhg38-True40
LP0025_03_L003	0.006898	30memhg38-True40
LP0025_04_L004	0.006391	30memhg38-True40
LP0025_05_L003	0.01419	30memhg38-True40
LP0025_06_L003	0.0134	30memhg38-True40
LP0025_07_L004	0.01024	30memhg38-True40
LP0025_08_L004	0.005694	30memhg38-True40
LP0025_10_L003	0.8943	30memhg38-True40
LP0025_11_L003	0.01571	30memhg38-True40
LP0025_12_L003	0.03193	30memhg38-True40
LP0025_15_L003	0.1381	30memhg38-True40
LP0025_17_L003	0.0689	30memhg38-True40
LP0025_21_L004	0.1924	30memhg38-True40
LP0025_24_L003	0.01576	30memhg38-True40
LP0026_05_L003	0.02949	30memhg38-True40
LP0026_07_L003	0.05594	30memhg38-True40
LP0026_08_L003	0.3462	30memhg38-True40
LP0026_22_L003	0.4492	30memhg38-True40
LP0026_26_L004	0.6514	30memhg38-True40
LP0026_38_L004	0.2563	30memhg38-True40
LP0026_42_L004	0.1187	30memhg38-True40
LP0027_26_L003	0.1239	30memhg38-True40
LP0027_35_L003	0.2384	30memhg38-True40
LP0027_39_L003	0.1623	30memhg38-True40
LP0028_01_L004	0.2698	30memhg38-True40
LP0029_02_L004	0.008463	30memhg38-True40
LP0029_04_L003	0.01571	30memhg38-True40
LP0029_05_L004	0.006271	30memhg38-True40
LP0029_06_L003	0.006722	30memhg38-True40
LP0030_03_L004	0.007032	30memhg38-True40
LP0030_05_L004	0.008423	30memhg38-True40
LP0020_01	0.01688	30memhg38-TrueDI26830XA
LP0020_02	0.02886	30memhg38-TrueDI26830XA
LP0020_03	0.03448	30memhg38-TrueDI26830XA
LP0020_04	0.04464	30memhg38-TrueDI26830XA
LP0020_05	0	30memhg38-TrueDI26830XA
LP0020_06	0	30memhg38-TrueDI26830XA
LP0020_07	0	30memhg38-TrueDI26830XA
LP0020_08	0.02241	30memhg38-TrueDI26830XA
LP0025_01_L004	0	30memhg38-TrueDI26830XA
LP0025_02_L004	0.01233	30memhg38-TrueDI26830XA
LP0025_03_L003	0.004803	30memhg38-TrueDI26830XA
LP0025_04_L004	0.006812	30memhg38-TrueDI26830XA
LP0025_05_L003	0.0141	30memhg38-TrueDI26830XA
LP0025_06_L003	0.0147	30memhg38-TrueDI26830XA
LP0025_07_L004	0.009143	30memhg38-TrueDI26830XA
LP0025_08_L004	0.006592	30memhg38-TrueDI26830XA
LP0025_10_L003	0.8944	30memhg38-TrueDI26830XA
LP0025_11_L003	0.01702	30memhg38-TrueDI26830XA
LP0025_12_L003	0.03122	30memhg38-TrueDI26830XA
LP0025_15_L003	0.1306	30memhg38-TrueDI26830XA
LP0025_17_L003	0.06685	30memhg38-TrueDI26830XA
LP0025_21_L004	0.1921	30memhg38-TrueDI26830XA
LP0025_24_L003	0.0131	30memhg38-TrueDI26830XA
LP0026_05_L003	0.02492	30memhg38-TrueDI26830XA
LP0026_07_L003	0.05551	30memhg38-TrueDI26830XA
LP0026_08_L003	0.3451	30memhg38-TrueDI26830XA
LP0026_22_L003	0.4508	30memhg38-TrueDI26830XA
LP0026_26_L004	0.6516	30memhg38-TrueDI26830XA
LP0026_38_L004	0.2556	30memhg38-TrueDI26830XA
LP0026_42_L004	0.1205	30memhg38-TrueDI26830XA
LP0027_26_L003	0.1261	30memhg38-TrueDI26830XA
LP0027_35_L003	0.2384	30memhg38-TrueDI26830XA
LP0027_39_L003	0.1618	30memhg38-TrueDI26830XA
LP0028_01_L004	0.2691	30memhg38-TrueDI26830XA
LP0029_02_L004	0.00745	30memhg38-TrueDI26830XA
LP0029_04_L003	0.01365	30memhg38-TrueDI26830XA
LP0029_05_L004	0.005771	30memhg38-TrueDI26830XA
LP0029_06_L003	0.01051	30memhg38-TrueDI26830XA
LP0030_03_L004	0.004733	30memhg38-TrueDI26830XA
LP0030_05_L004	0.008838	30memhg38-TrueDI26830XA
LP0020_01	0.02152	30memhg38noalt-False40
LP0020_02	0.03271	30memhg38noalt-False40
LP0020_03	0.03422	30memhg38noalt-False40
LP0020_04	0.03715	30memhg38noalt-False40
LP0020_05	0	30memhg38noalt-False40
LP0020_06	0.02085	30memhg38noalt-False40
LP0020_07	0.02086	30memhg38noalt-False40
LP0020_08	0.02142	30memhg38noalt-False40
LP0025_01_L004	0.002968	30memhg38noalt-False40
LP0025_02_L004	0.01449	30memhg38noalt-False40
LP0025_03_L003	0.007201	30memhg38noalt-False40
LP0025_04_L004	0.00585	30memhg38noalt-False40
LP0025_05_L003	0.01694	30memhg38noalt-False40
LP0025_06_L003	0.007801	30memhg38noalt-False40
LP0025_07_L004	0.01141	30memhg38noalt-False40
LP0025_08_L004	0.00388	30memhg38noalt-False40
LP0025_10_L003	0.002275	30memhg38noalt-False40
LP0025_11_L003	0.02035	30memhg38noalt-False40
LP0025_12_L003	0.02857	30memhg38noalt-False40
LP0025_15_L003	0.1271	30memhg38noalt-False40
LP0025_17_L003	0.06785	30memhg38noalt-False40
LP0025_21_L004	0.1926	30memhg38noalt-False40
LP0025_24_L003	0.007651	30memhg38noalt-False40
LP0026_05_L003	0.02738	30memhg38noalt-False40
LP0026_07_L003	0.06071	30memhg38noalt-False40
LP0026_08_L003	0.3456	30memhg38noalt-False40
LP0026_22_L003	0.4506	30memhg38noalt-False40
LP0026_26_L004	0.6518	30memhg38noalt-False40
LP0026_38_L004	0.2571	30memhg38noalt-False40
LP0026_42_L004	0.1191	30memhg38noalt-False40
LP0027_26_L003	0.1243	30memhg38noalt-False40
LP0027_35_L003	0.2396	30memhg38noalt-False40
LP0027_39_L003	0.1627	30memhg38noalt-False40
LP0028_01_L004	0.2693	30memhg38noalt-False40
LP0029_02_L004	0.01161	30memhg38noalt-False40
LP0029_04_L003	0.01765	30memhg38noalt-False40
LP0029_05_L004	0.009739	30memhg38noalt-False40
LP0029_06_L003	0	30memhg38noalt-False40
LP0030_03_L004	0.003238	30memhg38noalt-False40
LP0030_05_L004	0.008175	30memhg38noalt-False40
LP0020_01	0.02	30memhg38noalt-FalseDI26830XA
LP0020_02	0.02751	30memhg38noalt-FalseDI26830XA
LP0020_03	0.0378	30memhg38noalt-FalseDI26830XA
LP0020_04	0.04404	30memhg38noalt-FalseDI26830XA
LP0020_05	0	30memhg38noalt-FalseDI26830XA
LP0020_06	0.02452	30memhg38noalt-FalseDI26830XA
LP0020_07	0.02108	30memhg38noalt-FalseDI26830XA
LP0020_08	0.02576	30memhg38noalt-FalseDI26830XA
LP0025_01_L004	0.003155	30memhg38noalt-FalseDI26830XA
LP0025_02_L004	0.01393	30memhg38noalt-FalseDI26830XA
LP0025_03_L003	0.006003	30memhg38noalt-FalseDI26830XA
LP0025_04_L004	0.005488	30memhg38noalt-FalseDI26830XA
LP0025_05_L003	0.01847	30memhg38noalt-FalseDI26830XA
LP0025_06_L003	0.007369	30memhg38noalt-FalseDI26830XA
LP0025_07_L004	0.01121	30memhg38noalt-FalseDI26830XA
LP0025_08_L004	0.00429	30memhg38noalt-FalseDI26830XA
LP0025_10_L003	0.002139	30memhg38noalt-FalseDI26830XA
LP0025_11_L003	0.01826	30memhg38noalt-FalseDI26830XA
LP0025_12_L003	0.02886	30memhg38noalt-FalseDI26830XA
LP0025_15_L003	0.127	30memhg38noalt-FalseDI26830XA
LP0025_17_L003	0.06791	30memhg38noalt-FalseDI26830XA
LP0025_21_L004	0.1925	30memhg38noalt-FalseDI26830XA
LP0025_24_L003	0.008475	30memhg38noalt-FalseDI26830XA
LP0026_05_L003	0.02739	30memhg38noalt-FalseDI26830XA
LP0026_07_L003	0.02626	30memhg38noalt-FalseDI26830XA
LP0026_08_L003	0.3457	30memhg38noalt-FalseDI26830XA
LP0026_22_L003	0.4521	30memhg38noalt-FalseDI26830XA
LP0026_26_L004	0.6527	30memhg38noalt-FalseDI26830XA
LP0026_38_L004	0.2579	30memhg38noalt-FalseDI26830XA
LP0026_42_L004	0.1204	30memhg38noalt-FalseDI26830XA
LP0027_26_L003	0.1246	30memhg38noalt-FalseDI26830XA
LP0027_35_L003	0.2395	30memhg38noalt-FalseDI26830XA
LP0027_39_L003	0.1617	30memhg38noalt-FalseDI26830XA
LP0028_01_L004	0.2709	30memhg38noalt-FalseDI26830XA
LP0029_02_L004	0.007695	30memhg38noalt-FalseDI26830XA
LP0029_04_L003	0.0164	30memhg38noalt-FalseDI26830XA
LP0029_05_L004	0.00962	30memhg38noalt-FalseDI26830XA
LP0029_06_L003	0.004626	30memhg38noalt-FalseDI26830XA
LP0030_03_L004	0.003578	30memhg38noalt-FalseDI26830XA
LP0030_05_L004	0.007395	30memhg38noalt-FalseDI26830XA
LP0020_01	0.02475	30memhg38noalt-True40
LP0020_02	0.03019	30memhg38noalt-True40
LP0020_03	0.02525	30memhg38noalt-True40
LP0020_04	0.05581	30memhg38noalt-True40
LP0020_05	0	30memhg38noalt-True40
LP0020_06	0.02661	30memhg38noalt-True40
LP0020_07	0.0203	30memhg38noalt-True40
LP0020_08	0	30memhg38noalt-True40
LP0025_01_L004	0.003115	30memhg38noalt-True40
LP0025_02_L004	0.01422	30memhg38noalt-True40
LP0025_03_L003	0.005872	30memhg38noalt-True40
LP0025_04_L004	0.006523	30memhg38noalt-True40
LP0025_05_L003	0.01289	30memhg38noalt-True40
LP0025_06_L003	0.007431	30memhg38noalt-True40
LP0025_07_L004	0.009681	30memhg38noalt-True40
LP0025_08_L004	0.004231	30memhg38noalt-True40
LP0025_10_L003	0.002439	30memhg38noalt-True40
LP0025_11_L003	0.01915	30memhg38noalt-True40
LP0025_12_L003	0.02849	30memhg38noalt-True40
LP0025_15_L003	0.1263	30memhg38noalt-True40
LP0025_17_L003	0.06826	30memhg38noalt-True40
LP0025_21_L004	0.2275	30memhg38noalt-True40
LP0025_24_L003	0.008976	30memhg38noalt-True40
LP0026_05_L003	0.02884	30memhg38noalt-True40
LP0026_07_L003	0.05899	30memhg38noalt-True40
LP0026_08_L003	0.3455	30memhg38noalt-True40
LP0026_22_L003	0.4503	30memhg38noalt-True40
LP0026_26_L004	0.6508	30memhg38noalt-True40
LP0026_38_L004	0.2564	30memhg38noalt-True40
LP0026_42_L004	0.1199	30memhg38noalt-True40
LP0027_26_L003	0.1251	30memhg38noalt-True40
LP0027_35_L003	0.2383	30memhg38noalt-True40
LP0027_39_L003	0.1625	30memhg38noalt-True40
LP0028_01_L004	0.2696	30memhg38noalt-True40
LP0029_02_L004	0.01185	30memhg38noalt-True40
LP0029_04_L003	0.01528	30memhg38noalt-True40
LP0029_05_L004	0.004555	30memhg38noalt-True40
LP0029_06_L003	0	30memhg38noalt-True40
LP0030_03_L004	0.003272	30memhg38noalt-True40
LP0030_05_L004	0.004208	30memhg38noalt-True40
LP0020_01	0.02268	30memhg38noalt-TrueDI26830XA
LP0020_02	0.03386	30memhg38noalt-TrueDI26830XA
LP0020_03	0.02789	30memhg38noalt-TrueDI26830XA
LP0020_04	0.03967	30memhg38noalt-TrueDI26830XA
LP0020_05	0	30memhg38noalt-TrueDI26830XA
LP0020_06	0.03215	30memhg38noalt-TrueDI26830XA
LP0020_07	0.01719	30memhg38noalt-TrueDI26830XA
LP0020_08	0.02107	30memhg38noalt-TrueDI26830XA
LP0025_01_L004	0.002896	30memhg38noalt-TrueDI26830XA
LP0025_02_L004	0.01625	30memhg38noalt-TrueDI26830XA
LP0025_03_L003	0.004876	30memhg38noalt-TrueDI26830XA
LP0025_04_L004	0.006435	30memhg38noalt-TrueDI26830XA
LP0025_05_L003	0.0146	30memhg38noalt-TrueDI26830XA
LP0025_06_L003	0.007535	30memhg38noalt-TrueDI26830XA
LP0025_07_L004	0.009811	30memhg38noalt-TrueDI26830XA
LP0025_08_L004	0.004284	30memhg38noalt-TrueDI26830XA
LP0025_10_L003	0.002482	30memhg38noalt-TrueDI26830XA
LP0025_11_L003	0.01433	30memhg38noalt-TrueDI26830XA
LP0025_12_L003	0.03385	30memhg38noalt-TrueDI26830XA
LP0025_15_L003	0.1275	30memhg38noalt-TrueDI26830XA
LP0025_17_L003	0.06785	30memhg38noalt-TrueDI26830XA
LP0025_21_L004	0.2284	30memhg38noalt-TrueDI26830XA
LP0025_24_L003	0.01011	30memhg38noalt-TrueDI26830XA
LP0026_05_L003	0.03102	30memhg38noalt-TrueDI26830XA
LP0026_07_L003	0.02481	30memhg38noalt-TrueDI26830XA
LP0026_08_L003	0.3449	30memhg38noalt-TrueDI26830XA
LP0026_22_L003	0.4508	30memhg38noalt-TrueDI26830XA
LP0026_26_L004	0.6519	30memhg38noalt-TrueDI26830XA
LP0026_38_L004	0.2555	30memhg38noalt-TrueDI26830XA
LP0026_42_L004	0.1185	30memhg38noalt-TrueDI26830XA
LP0027_26_L003	0.1262	30memhg38noalt-TrueDI26830XA
LP0027_35_L003	0.238	30memhg38noalt-TrueDI26830XA
LP0027_39_L003	0.1621	30memhg38noalt-TrueDI26830XA
LP0028_01_L004	0.2706	30memhg38noalt-TrueDI26830XA
LP0029_02_L004	0.0118	30memhg38noalt-TrueDI26830XA
LP0029_04_L003	0.01541	30memhg38noalt-TrueDI26830XA
LP0029_05_L004	0.004088	30memhg38noalt-TrueDI26830XA
LP0029_06_L003	0.006062	30memhg38noalt-TrueDI26830XA
LP0030_03_L004	0.004052	30memhg38noalt-TrueDI26830XA
LP0030_05_L004	0.007694	30memhg38noalt-TrueDI26830XA
