sampleID	tMAD_vs_control	ref_genome	settings
LP0020_01	0.00924281023717264	0memhg19	False40
LP0020_02	0.0175990931520782	0memhg19	False40
LP0020_03	0.0216768028381661	0memhg19	False40
LP0020_04	0.0141842115158752	0memhg19	False40
LP0020_05	0.0156097945093745	0memhg19	False40
LP0020_06	0.0179893545350701	0memhg19	False40
LP0020_07	0.00993786232693153	0memhg19	False40
LP0020_08	0.0157916036716334	0memhg19	False40
LP0025_01_L004	0.00503851824354892	0memhg19	False40
LP0025_02_L004	0.00533275364417026	0memhg19	False40
LP0025_03_L003	0.00404945297619116	0memhg19	False40
LP0025_04_L004	0.00727225203810039	0memhg19	False40
LP0025_07_L004	0.0082336391662244	0memhg19	False40
LP0025_08_L004	0.00434174592540831	0memhg19	False40
LP0029_02_L004	0.00364017613700113	0memhg19	False40
LP0029_04_L003	0.00503623654009176	0memhg19	False40
LP0029_05_L004	0.00404214794247672	0memhg19	False40
LP0029_06_L003	0.0092415509847982	0memhg19	False40
LP0030_03_L004	0.00334423141670305	0memhg19	False40
LP0030_05_L004	0.00405128222065593	0memhg19	False40
LP0025_05_L003	0.0111004061681368	0memhg19	False40
LP0025_06_L003	0.00433900474841292	0memhg19	False40
LP0025_10_L003	0.0369564663514588	0memhg19	False40
LP0025_11_L003	0.00824322702962755	0memhg19	False40
LP0025_12_L003	0.0176305910792274	0memhg19	False40
LP0025_15_L003	0.0722679981854354	0memhg19	False40
LP0025_17_L003	0.0284888367143174	0memhg19	False40
LP0025_21_L004	0.173671732718684	0memhg19	False40
LP0025_24_L003	0.013899375	0memhg19	False40
LP0026_05_L003	0.026254375	0memhg19	False40
LP0026_07_L003	0.00812955293084365	0memhg19	False40
LP0026_08_L003	0.330081355668981	0memhg19	False40
LP0026_22_L003	0.0233414440549278	0memhg19	False40
LP0026_26_L004	0.0637032686265587	0memhg19	False40
LP0026_38_L004	0.0905778953594468	0memhg19	False40
LP0026_42_L004	0.0926801808391556	0memhg19	False40
LP0027_26_L003	0.075674375	0memhg19	False40
LP0027_35_L003	0.0524513562896005	0memhg19	False40
LP0027_39_L003	0.0668772319879932	0memhg19	False40
LP0028_01_L004	0.172589123777814	0memhg19	False40
LP0020_01	0.00853666053066995	0memhg19	FalseDI26830XA
LP0020_02	0.013749173258842	0memhg19	FalseDI26830XA
LP0020_03	0.0236710076862636	0memhg19	FalseDI26830XA
LP0020_04	0.0282764945022976	0memhg19	FalseDI26830XA
LP0020_05	0.0154127608972503	0memhg19	FalseDI26830XA
LP0020_06	0.0270680178131275	0memhg19	FalseDI26830XA
LP0020_07	0.00813413128039225	0memhg19	FalseDI26830XA
LP0020_08	0.01761134155464	0memhg19	FalseDI26830XA
LP0025_01_L004	0.003641546053641	0memhg19	FalseDI26830XA
LP0025_02_L004	0.00573906009037668	0memhg19	FalseDI26830XA
LP0025_03_L003	0.00364051844834812	0memhg19	FalseDI26830XA
LP0025_04_L004	0.00503908913540877	0memhg19	FalseDI26830XA
LP0025_07_L004	0.00584075439014354	0memhg19	FalseDI26830XA
LP0025_08_L004	0.00404945297619115	0memhg19	FalseDI26830XA
LP0029_02_L004	0.00294214640117728	0memhg19	FalseDI26830XA
LP0029_04_L003	0.0061528009847982	0memhg19	FalseDI26830XA
LP0029_05_L004	0.0036398339374384	0memhg19	FalseDI26830XA
LP0029_06_L003	0.00613270882688173	0memhg19	FalseDI26830XA
LP0030_03_L004	0.003641546053641	0memhg19	FalseDI26830XA
LP0030_05_L004	0.00405402833164115	0memhg19	FalseDI26830XA
LP0025_05_L003	0.0072121384847182	0memhg19	FalseDI26830XA
LP0025_06_L003	0.00684225601856212	0memhg19	FalseDI26830XA
LP0025_10_L003	0.0282678775791605	0memhg19	FalseDI26830XA
LP0025_11_L003	0.0113191973847082	0memhg19	FalseDI26830XA
LP0025_12_L003	0.020897379726358	0memhg19	FalseDI26830XA
LP0025_15_L003	0.0685010041957434	0memhg19	FalseDI26830XA
LP0025_17_L003	0.0273337053095868	0memhg19	FalseDI26830XA
LP0025_21_L004	0.168177323172207	0memhg19	FalseDI26830XA
LP0025_24_L003	0.00812783913540873	0memhg19	FalseDI26830XA
LP0026_05_L003	0.023165625	0memhg19	FalseDI26830XA
LP0026_07_L003	0.00923651809218913	0memhg19	FalseDI26830XA
LP0026_08_L003	0.323946091952837	0memhg19	FalseDI26830XA
LP0026_22_L003	0.0191549956598396	0memhg19	FalseDI26830XA
LP0026_26_L004	0.0658569855455373	0memhg19	FalseDI26830XA
LP0026_38_L004	0.0911989113129528	0memhg19	FalseDI26830XA
LP0026_42_L004	0.110593562584219	0memhg19	FalseDI26830XA
LP0027_26_L003	0.075674375	0memhg19	FalseDI26830XA
LP0027_35_L003	0.0572376509272836	0memhg19	FalseDI26830XA
LP0027_39_L003	0.039964853036978	0memhg19	FalseDI26830XA
LP0028_01_L004	0.205396505137534	0memhg19	FalseDI26830XA
LP0020_01	0.0123240108972503	0memhg19	True40
LP0020_02	0.0211548581610675	0memhg19	True40
LP0020_03	0.0211814395019891	0memhg19	True40
LP0020_04	0.0330638905091573	0memhg19	True40
LP0020_05	0.0177869464013696	0memhg19	True40
LP0020_06	0.0211268251478518	0memhg19	True40
LP0020_07	0.00574867935339298	0memhg19	True40
LP0020_08	0.0178847940651959	0memhg19	True40
LP0025_01_L004	0.00656185511549069	0memhg19	True40
LP0025_02_L004	0.00574111765370146	0memhg19	True40
LP0025_03_L003	0.00404214794247672	0memhg19	True40
LP0025_04_L004	0.00573700454361375	0memhg19	True40
LP0025_07_L004	0.00404397241162495	0memhg19	True40
LP0025_08_L004	0.00574043157501386	0memhg19	True40
LP0029_02_L004	0.00334263578798594	0memhg19	True40
LP0029_04_L003	0.00503680668654123	0memhg19	True40
LP0029_05_L004	0.00404123615456631	0memhg19	True40
LP0029_06_L003	0.00474611122737776	0memhg19	True40
LP0030_03_L004	0.00265099572060908	0memhg19	True40
LP0030_05_L004	0.00404032466423528	0memhg19	True40
LP0025_05_L003	0.00981664987344652	0memhg19	True40
LP0025_06_L003	0.0043367245346824	0memhg19	True40
LP0025_10_L003	0.0303470378968421	0memhg19	True40
LP0025_11_L003	0.0067316677623406	0memhg19	True40
LP0025_12_L003	0.0157144420188858	0memhg19	True40
LP0025_15_L003	0.0659838929169327	0memhg19	True40
LP0025_17_L003	0.0200237132074792	0memhg19	True40
LP0025_21_L004	0.169980414470544	0memhg19	True40
LP0025_24_L003	0.010810625	0memhg19	True40
LP0026_05_L003	0.0232495178537935	0memhg19	True40
LP0026_07_L003	0.00853095067550051	0memhg19	True40
LP0026_08_L003	0.329803433374068	0memhg19	True40
LP0026_22_L003	0.0134699521000163	0memhg19	True40
LP0026_26_L004	0.0708320808531219	0memhg19	True40
LP0026_38_L004	0.0931357706607197	0memhg19	True40
LP0026_42_L004	0.0882850386549188	0memhg19	True40
LP0027_26_L003	0.0512757514835909	0memhg19	True40
LP0027_35_L003	0.0617745684111521	0memhg19	True40
LP0027_39_L003	0.0477242764432558	0memhg19	True40
LP0028_01_L004	0.168347650707629	0memhg19	True40
LP0020_01	0.0109215563515941	0memhg19	TrueDI26830XA
LP0020_02	0.0226246377713815	0memhg19	TrueDI26830XA
LP0020_03	0.0343679340797509	0memhg19	TrueDI26830XA
LP0020_04	0.041698125	0memhg19	TrueDI26830XA
LP0020_05	0.0142291154148424	0memhg19	TrueDI26830XA
LP0020_06	0.0220344810141173	0memhg19	TrueDI26830XA
LP0020_07	0.0103629513450856	0memhg19	TrueDI26830XA
LP0020_08	0.0171864153961822	0memhg19	TrueDI26830XA
LP0025_01_L004	0.00384042155629168	0memhg19	TrueDI26830XA
LP0025_02_L004	0.0119138198089716	0memhg19	TrueDI26830XA
LP0025_03_L003	0.00224343200543535	0memhg19	TrueDI26830XA
LP0025_04_L004	0.00474713916895719	0memhg19	TrueDI26830XA
LP0025_07_L004	0.00713637492731292	0memhg19	TrueDI26830XA
LP0025_08_L004	0.00364223168376402	0memhg19	TrueDI26830XA
LP0029_02_L004	0.0036398339374384	0memhg19	TrueDI26830XA
LP0029_04_L003	0.00965060511549069	0memhg19	TrueDI26830XA
LP0029_05_L004	0.00513850768626358	0memhg19	TrueDI26830XA
LP0029_06_L003	0.00533189654088385	0memhg19	TrueDI26830XA
LP0030_03_L004	0.00404306002811488	0memhg19	TrueDI26830XA
LP0030_05_L004	0.00404762492731292	0memhg19	TrueDI26830XA
LP0025_05_L003	0.00821451968246003	0memhg19	TrueDI26830XA
LP0025_06_L003	0.00503566657976673	0memhg19	TrueDI26830XA
LP0025_10_L003	0.0303930751478517	0memhg19	TrueDI26830XA
LP0025_11_L003	0.0103493195858466	0memhg19	TrueDI26830XA
LP0025_12_L003	0.0137223547588343	0memhg19	TrueDI26830XA
LP0025_15_L003	0.0687863033252068	0memhg19	TrueDI26830XA
LP0025_17_L003	0.0325813246696309	0memhg19	TrueDI26830XA
LP0025_21_L004	0.172420431885551	0memhg19	TrueDI26830XA
LP0025_24_L003	0.010810625	0memhg19	TrueDI26830XA
LP0026_05_L003	0.0212095912732443	0memhg19	TrueDI26830XA
LP0026_07_L003	0.00503623654009176	0memhg19	TrueDI26830XA
LP0026_08_L003	0.338851421924256	0memhg19	TrueDI26830XA
LP0026_22_L003	0.0170663599708713	0memhg19	TrueDI26830XA
LP0026_26_L004	0.0686469969583557	0memhg19	TrueDI26830XA
LP0026_38_L004	0.0809157377940327	0memhg19	TrueDI26830XA
LP0026_42_L004	0.0933480877653508	0memhg19	TrueDI26830XA
LP0027_26_L003	0.069496875	0memhg19	TrueDI26830XA
LP0027_35_L003	0.0505584800431419	0memhg19	TrueDI26830XA
LP0027_39_L003	0.0465899174776258	0memhg19	TrueDI26830XA
LP0028_01_L004	0.170297643939619	0memhg19	TrueDI26830XA
LP0020_01	0.0120473985309532	0memhg19decoy	False40
LP0020_02	0.0148974195036984	0memhg19decoy	False40
LP0020_03	0.0251840567097441	0memhg19decoy	False40
LP0020_04	0.0168349356127447	0memhg19decoy	False40
LP0020_05	0.0166832603643216	0memhg19decoy	False40
LP0020_06	0.0204653264062442	0memhg19decoy	False40
LP0020_07	0.0134361247391618	0memhg19decoy	False40
LP0020_08	0.0183046207612856	0memhg19decoy	False40
LP0025_01_L004	0.00503908913540877	0memhg19decoy	False40
LP0025_02_L004	0.00545935828550322	0memhg19decoy	False40
LP0025_03_L003	0.0043426608464635	0memhg19decoy	False40
LP0025_04_L004	0.00516889413196674	0memhg19decoy	False40
LP0025_07_L004	0.00643937436477936	0memhg19decoy	False40
LP0025_08_L004	0.00545362972635798	0memhg19decoy	False40
LP0029_02_L004	0.00434220331113831	0memhg19decoy	False40
LP0029_04_L003	0.00643697505078684	0memhg19decoy	False40
LP0029_05_L004	0.00463312499999998	0memhg19decoy	False40
LP0029_06_L003	0.00615406023717263	0memhg19decoy	False40
LP0030_03_L004	0.00265305395678038	0memhg19decoy	False40
LP0030_05_L004	0.00335142465913676	0memhg19decoy	False40
LP0025_05_L003	0.0113954389519515	0memhg19decoy	False40
LP0025_06_L003	0.00543422252681689	0memhg19decoy	False40
LP0025_10_L003	0.0351957210170327	0memhg19decoy	False40
LP0025_11_L003	0.0082416277468553	0memhg19decoy	False40
LP0025_12_L003	0.0148351562524918	0memhg19decoy	False40
LP0025_15_L003	0.0666867400942703	0memhg19decoy	False40
LP0025_17_L003	0.0232813579654242	0memhg19decoy	False40
LP0025_21_L004	0.179193191254751	0memhg19decoy	False40
LP0025_24_L003	0.010810625	0memhg19decoy	False40
LP0026_05_L003	0.013899375	0memhg19decoy	False40
LP0026_07_L003	0.0068449971973152	0memhg19decoy	False40
LP0026_08_L003	0.331950426403483	0memhg19decoy	False40
LP0026_22_L003	0.0192583677418223	0memhg19decoy	False40
LP0026_26_L004	0.0726646358956365	0memhg19decoy	False40
LP0026_38_L004	0.0943583551734286	0memhg19decoy	False40
LP0026_42_L004	0.106869789502344	0memhg19decoy	False40
LP0027_26_L003	0.069496875	0memhg19decoy	False40
LP0027_35_L003	0.0613615015333505	0memhg19decoy	False40
LP0027_39_L003	0.0532339069204953	0memhg19decoy	False40
LP0028_01_L004	0.199124886294838	0memhg19decoy	False40
LP0020_01	0.00993649016856775	0memhg19decoy	FalseDI26830XA
LP0020_02	0.0163138867593844	0memhg19decoy	FalseDI26830XA
LP0020_03	0.0209822995780724	0memhg19decoy	FalseDI26830XA
LP0020_04	0.0295162714803202	0memhg19decoy	FalseDI26830XA
LP0020_05	0.0132037137746932	0memhg19decoy	FalseDI26830XA
LP0020_06	0.0277928925116211	0memhg19decoy	FalseDI26830XA
LP0020_07	0.00813470441727883	0memhg19decoy	FalseDI26830XA
LP0020_08	0.0197027027966078	0memhg19decoy	FalseDI26830XA
LP0025_01_L004	0.00463312499999998	0memhg19decoy	FalseDI26830XA
LP0025_02_L004	0.006157840467664	0memhg19decoy	FalseDI26830XA
LP0025_03_L003	0.00364086087153321	0memhg19decoy	FalseDI26830XA
LP0025_04_L004	0.00772187500000002	0memhg19decoy	FalseDI26830XA
LP0025_07_L004	0.00603158180723791	0memhg19decoy	FalseDI26830XA
LP0025_08_L004	0.00405219729159922	0memhg19decoy	FalseDI26830XA
LP0029_02_L004	0.00334502962185949	0memhg19decoy	FalseDI26830XA
LP0029_04_L003	0.00503966021385057	0memhg19decoy	FalseDI26830XA
LP0029_05_L004	0.00404397241162496	0memhg19decoy	FalseDI26830XA
LP0029_06_L003	0.00613396151317501	0memhg19decoy	FalseDI26830XA
LP0030_03_L004	0.00294260326387553	0memhg19decoy	FalseDI26830XA
LP0030_05_L004	0.00404762492731296	0memhg19decoy	FalseDI26830XA
LP0025_05_L003	0.00791198468038279	0memhg19decoy	FalseDI26830XA
LP0025_06_L003	0.00403850257573663	0memhg19decoy	FalseDI26830XA
LP0025_10_L003	0.0293055948400727	0memhg19decoy	FalseDI26830XA
LP0025_11_L003	0.011320793014955	0memhg19decoy	FalseDI26830XA
LP0025_12_L003	0.0185090602371726	0memhg19decoy	FalseDI26830XA
LP0025_15_L003	0.0678036790211889	0memhg19decoy	FalseDI26830XA
LP0025_17_L003	0.0280371934961356	0memhg19decoy	FalseDI26830XA
LP0025_21_L004	0.17057042647822	0memhg19decoy	FalseDI26830XA
LP0025_24_L003	0.00812841021385053	0memhg19decoy	FalseDI26830XA
LP0026_05_L003	0.0179565858755879	0memhg19decoy	FalseDI26830XA
LP0026_07_L003	0.00748853175460814	0memhg19decoy	FalseDI26830XA
LP0026_08_L003	0.325416244899129	0memhg19decoy	FalseDI26830XA
LP0026_22_L003	0.0174522302420088	0memhg19decoy	FalseDI26830XA
LP0026_26_L004	0.0501428744003804	0memhg19decoy	FalseDI26830XA
LP0026_38_L004	0.0902616603192374	0memhg19decoy	FalseDI26830XA
LP0026_42_L004	0.108881273698096	0memhg19decoy	FalseDI26830XA
LP0027_26_L003	0.0702796203987757	0memhg19decoy	FalseDI26830XA
LP0027_35_L003	0.0606068496202305	0memhg19decoy	FalseDI26830XA
LP0027_39_L003	0.0501371559612127	0memhg19decoy	FalseDI26830XA
LP0028_01_L004	0.178082638925324	0memhg19decoy	FalseDI26830XA
LP0020_01	0.0158171296322809	0memhg19decoy	True40
LP0020_02	0.013434180528412	0memhg19decoy	True40
LP0020_03	0.0131574586405391	0memhg19decoy	True40
LP0020_04	0.0263019679808696	0memhg19decoy	True40
LP0020_05	0.0191999971973152	0memhg19decoy	True40
LP0020_06	0.0288746824036169	0memhg19decoy	True40
LP0020_07	0.00854467002511402	0memhg19decoy	True40
LP0020_08	0.0155079140273441	0memhg19decoy	True40
LP0025_01_L004	0.00772187500000002	0memhg19decoy	True40
LP0025_02_L004	0.00783383362164485	0memhg19decoy	True40
LP0025_03_L003	0.00404579807284711	0memhg19decoy	True40
LP0025_04_L004	0.00544905362183323	0memhg19decoy	True40
LP0025_07_L004	0.00713454807284715	0memhg19decoy	True40
LP0025_08_L004	0.00404579807284715	0memhg19decoy	True40
LP0029_02_L004	0.00364017613700113	0memhg19decoy	True40
LP0029_04_L003	0.00573906009037665	0memhg19decoy	True40
LP0029_05_L004	0.00404214794247672	0memhg19decoy	True40
LP0029_06_L003	0.00755228850104819	0memhg19decoy	True40
LP0030_03_L004	0.00279463004657692	0memhg19decoy	True40
LP0030_05_L004	0.00294146166664519	0memhg19decoy	True40
LP0025_05_L003	0.00911964640117727	0memhg19decoy	True40
LP0025_06_L003	0.00643058836417041	0memhg19decoy	True40
LP0025_10_L003	0.0307494104455057	0memhg19decoy	True40
LP0025_11_L003	0.00755228850104819	0memhg19decoy	True40
LP0025_12_L003	0.0157227261450169	0memhg19decoy	True40
LP0025_15_L003	0.0645699196155758	0memhg19decoy	True40
LP0025_17_L003	0.0242339809878751	0memhg19decoy	True40
LP0025_21_L004	0.165206531031139	0memhg19decoy	True40
LP0025_24_L003	0.00772187499999998	0memhg19decoy	True40
LP0026_05_L003	0.016988125	0memhg19decoy	True40
LP0026_07_L003	0.00685460545043784	0memhg19decoy	True40
LP0026_08_L003	0.327629159822206	0memhg19decoy	True40
LP0026_22_L003	0.0176838848348654	0memhg19decoy	True40
LP0026_26_L004	0.0828269652170568	0memhg19decoy	True40
LP0026_38_L004	0.0876406692032518	0memhg19decoy	True40
LP0026_42_L004	0.112370363031526	0memhg19decoy	True40
LP0027_26_L003	0.069496875	0memhg19decoy	True40
LP0027_35_L003	0.0529956295643158	0memhg19decoy	True40
LP0027_39_L003	0.0512305274274944	0memhg19decoy	True40
LP0028_01_L004	0.17500771130967	0memhg19decoy	True40
LP0020_01	0.01200630081896	0memhg19decoy	TrueDI26830XA
LP0020_02	0.0239857606823803	0memhg19decoy	TrueDI26830XA
LP0020_03	0.0193301482151597	0memhg19decoy	TrueDI26830XA
LP0020_04	0.0444343406937019	0memhg19decoy	TrueDI26830XA
LP0020_05	0.016701326523288	0memhg19decoy	TrueDI26830XA
LP0020_06	0.0263916839275841	0memhg19decoy	TrueDI26830XA
LP0020_07	0.00644337845511503	0memhg19decoy	TrueDI26830XA
LP0020_08	0.0252910314708386	0memhg19decoy	TrueDI26830XA
LP0025_01_L004	0.00194976824354888	0memhg19decoy	TrueDI26830XA
LP0025_02_L004	0.0136070816024387	0memhg19decoy	TrueDI26830XA
LP0025_03_L003	0.00334822505078681	0memhg19decoy	TrueDI26830XA
LP0025_04_L004	0.00574043157501386	0memhg19decoy	TrueDI26830XA
LP0025_07_L004	0.00912010326387554	0memhg19decoy	TrueDI26830XA
LP0025_08_L004	0.0033522252152206	0memhg19decoy	TrueDI26830XA
LP0029_02_L004	0.00364017613700113	0memhg19decoy	TrueDI26830XA
LP0029_04_L003	0.00433946123811359	0memhg19decoy	TrueDI26830XA
LP0029_05_L004	0.00463312499999998	0memhg19decoy	TrueDI26830XA
LP0029_06_L003	0.00403850257573663	0memhg19decoy	TrueDI26830XA
LP0030_03_L004	0.00364120340661261	0memhg19decoy	TrueDI26830XA
LP0030_05_L004	0.00404397241162495	0memhg19decoy	TrueDI26830XA
LP0025_05_L003	0.00533138327874691	0memhg19decoy	TrueDI26830XA
LP0025_06_L003	0.00433763617351135	0memhg19decoy	TrueDI26830XA
LP0025_10_L003	0.0338765546475147	0memhg19decoy	TrueDI26830XA
LP0025_11_L003	0.00965243645736787	0memhg19decoy	TrueDI26830XA
LP0025_12_L003	0.0215890041131923	0memhg19decoy	TrueDI26830XA
LP0025_15_L003	0.069613932476304	0memhg19decoy	TrueDI26830XA
LP0025_17_L003	0.0186245662057808	0memhg19decoy	TrueDI26830XA
LP0025_21_L004	0.161814218014895	0memhg19decoy	TrueDI26830XA
LP0025_24_L003	0.010810625	0memhg19decoy	TrueDI26830XA
LP0026_05_L003	0.023165625	0memhg19decoy	TrueDI26830XA
LP0026_07_L003	0.0043385484077943	0memhg19decoy	TrueDI26830XA
LP0026_08_L003	0.318850190288316	0memhg19decoy	TrueDI26830XA
LP0026_22_L003	0.0177608772766008	0memhg19decoy	TrueDI26830XA
LP0026_26_L004	0.0758947223609152	0memhg19decoy	TrueDI26830XA
LP0026_38_L004	0.0926391588467313	0memhg19decoy	TrueDI26830XA
LP0026_42_L004	0.109145100808576	0memhg19decoy	TrueDI26830XA
LP0027_26_L003	0.069496875	0memhg19decoy	TrueDI26830XA
LP0027_35_L003	0.0619933518839254	0memhg19decoy	TrueDI26830XA
LP0027_39_L003	0.0458751275148985	0memhg19decoy	TrueDI26830XA
LP0028_01_L004	0.172134317233403	0memhg19decoy	TrueDI26830XA
LP0020_01	0.00882301694634714	0memhg38	False40
LP0020_02	0.0286687311572816	0memhg38	False40
LP0020_03	0.0314433849236585	0memhg38	False40
LP0020_04	0.0256374847193761	0memhg38	False40
LP0020_05	0.0148525654086786	0memhg38	False40
LP0020_06	0.0176569339173221	0memhg38	False40
LP0020_07	0.00961228484664208	0memhg38	False40
LP0020_08	0.0193013516400091	0memhg38	False40
LP0025_01_L004	0.00335062436477932	0memhg38	False40
LP0025_02_L004	0.00921770321924464	0memhg38	False40
LP0025_03_L003	0.00544676781312743	0memhg38	False40
LP0025_04_L004	0.00404945297619116	0memhg38	False40
LP0025_07_L004	0.00434037466505283	0memhg38	False40
LP0025_08_L004	0.0051528777468553	0memhg38	False40
LP0029_02_L004	0.00364120340661261	0memhg38	False40
LP0029_04_L003	0.00433763617351135	0memhg38	False40
LP0029_05_L004	0.00434083160243871	0memhg38	False40
LP0029_06_L003	0.00433763617351138	0memhg38	False40
LP0030_03_L004	0.00334822505078681	0memhg38	False40
LP0030_05_L004	0.00334343347212082	0memhg38	False40
LP0025_05_L003	0.00783486122737776	0memhg38	False40
LP0025_06_L003	0.00363914987344653	0memhg38	False40
LP0025_10_L003	0.0379300088923532	0memhg38	False40
LP0025_11_L003	0.0093172520628274	0memhg38	False40
LP0025_12_L003	0.0166653549709631	0memhg38	False40
LP0025_15_L003	0.0577999595113388	0memhg38	False40
LP0025_17_L003	0.0414416202155376	0memhg38	False40
LP0025_21_L004	0.158300768951636	0memhg38	False40
LP0025_24_L003	0.00882096609337726	0memhg38	False40
LP0026_05_L003	0.0166944612381136	0memhg38	False40
LP0026_07_L003	0.00573700454361376	0memhg38	False40
LP0026_08_L003	0.222268872405754	0memhg38	False40
LP0026_22_L003	0.0195440313819102	0memhg38	False40
LP0026_26_L004	0.0670146076479668	0memhg38	False40
LP0026_38_L004	0.0807920992162758	0memhg38	False40
LP0026_42_L004	0.0938246798178525	0memhg38	False40
LP0027_26_L003	0.0575547044172788	0memhg38	False40
LP0027_35_L003	0.0419404689922338	0memhg38	False40
LP0027_39_L003	0.0569948262980077	0memhg38	False40
LP0028_01_L004	0.171561246337741	0memhg38	False40
LP0020_01	0.0112108885978947	0memhg38	FalseDI26830XA
LP0020_02	0.0143872514887434	0memhg38	FalseDI26830XA
LP0020_03	0.020076875	0memhg38	FalseDI26830XA
LP0020_04	0.0545744770296275	0memhg38	FalseDI26830XA
LP0020_05	0.0253994913053823	0memhg38	FalseDI26830XA
LP0020_06	0.025341539999078	0memhg38	FalseDI26830XA
LP0020_07	0.0168872909212322	0memhg38	FalseDI26830XA
LP0020_08	0.0190048587001485	0memhg38	FalseDI26830XA
LP0025_01_L004	0.00573358310554044	0memhg38	FalseDI26830XA
LP0025_02_L004	0.00712907466423527	0memhg38	FalseDI26830XA
LP0025_03_L003	0.00503680668654123	0memhg38	FalseDI26830XA
LP0025_04_L004	0.00533195361141184	0memhg38	FalseDI26830XA
LP0025_07_L004	0.00544220067550048	0memhg38	FalseDI26830XA
LP0025_08_L004	0.00545592002511402	0memhg38	FalseDI26830XA
LP0029_02_L004	0.00573495101044766	0memhg38	FalseDI26830XA
LP0029_04_L003	0.00512895106898009	0memhg38	FalseDI26830XA
LP0029_05_L004	0.00405494430103416	0memhg38	FalseDI26830XA
LP0029_06_L003	0.009819046053641	0memhg38	FalseDI26830XA
LP0030_03_L004	0.00294214640117728	0memhg38	FalseDI26830XA
LP0030_05_L004	0.00404488509315385	0memhg38	FalseDI26830XA
LP0025_05_L003	0.0109246391689572	0memhg38	FalseDI26830XA
LP0025_06_L003	0.00503338859789474	0memhg38	FalseDI26830XA
LP0025_10_L003	0.0402584793580136	0memhg38	FalseDI26830XA
LP0025_11_L003	0.0117052414879356	0memhg38	FalseDI26830XA
LP0025_12_L003	0.0186360158507737	0memhg38	FalseDI26830XA
LP0025_15_L003	0.0609774224859485	0memhg38	FalseDI26830XA
LP0025_17_L003	0.0284147260438046	0memhg38	FalseDI26830XA
LP0025_21_L004	0.186840989721244	0memhg38	FalseDI26830XA
LP0025_24_L003	0.00503281956682788	0memhg38	FalseDI26830XA
LP0026_05_L003	0.0123787596184671	0memhg38	FalseDI26830XA
LP0026_07_L003	0.00822725768626357	0memhg38	FalseDI26830XA
LP0026_08_L003	0.30620157501833	0memhg38	FalseDI26830XA
LP0026_22_L003	0.0229661922492113	0memhg38	FalseDI26830XA
LP0026_26_L004	0.0705690821359288	0memhg38	FalseDI26830XA
LP0026_38_L004	0.101595120379105	0memhg38	FalseDI26830XA
LP0026_42_L004	0.103632651726712	0memhg38	FalseDI26830XA
LP0027_26_L003	0.0438484483237991	0memhg38	FalseDI26830XA
LP0027_35_L003	0.0475949182404818	0memhg38	FalseDI26830XA
LP0027_39_L003	0.0701283899141907	0memhg38	FalseDI26830XA
LP0028_01_L004	0.161248865065286	0memhg38	FalseDI26830XA
LP0020_01	0.014789673183476	0memhg38	True40
LP0020_02	0.0293409597076138	0memhg38	True40
LP0020_03	0.0258573762711945	0memhg38	True40
LP0020_04	0.030658962881977	0memhg38	True40
LP0020_05	0.020076875	0memhg38	True40
LP0020_06	0.0203452096974663	0memhg38	True40
LP0020_07	0.011311227039894	0memhg38	True40
LP0020_08	0.0186591587418208	0memhg38	True40
LP0025_01_L004	0.00294168983693629	0memhg38	True40
LP0025_02_L004	0.00614148622429818	0memhg38	True40
LP0025_03_L003	0.00503623654009176	0memhg38	True40
LP0025_04_L004	0.00294237479520081	0memhg38	True40
LP0025_07_L004	0.00463312499999999	0memhg38	True40
LP0025_08_L004	0.00334902456073258	0memhg38	True40
LP0029_02_L004	0.00404671135085164	0memhg38	True40
LP0029_04_L003	0.00772187499999998	0memhg38	True40
LP0029_05_L004	0.0047502250104214	0memhg38	True40
LP0029_06_L003	0.00853209190039175	0memhg38	True40
LP0030_03_L004	0.00294100554954012	0memhg38	True40
LP0030_05_L004	0.00533172536658036	0memhg38	True40
LP0025_05_L003	0.00963962963228087	0memhg38	True40
LP0025_06_L003	0.0064353768144069	0memhg38	True40
LP0025_10_L003	0.027970212128653	0memhg38	True40
LP0025_11_L003	0.00723146351719768	0memhg38	True40
LP0025_12_L003	0.0176516584496967	0memhg38	True40
LP0025_15_L003	0.0564205981955763	0memhg38	True40
LP0025_17_L003	0.0333167827513425	0memhg38	True40
LP0025_21_L004	0.158958259886566	0memhg38	True40
LP0025_24_L003	0.00952252962185946	0memhg38	True40
LP0026_05_L003	0.0267613522752298	0memhg38	True40
LP0026_07_L003	0.00961956370653925	0memhg38	True40
LP0026_08_L003	0.317872429377344	0memhg38	True40
LP0026_22_L003	0.0178157067561395	0memhg38	True40
LP0026_26_L004	0.0732000124609372	0memhg38	True40
LP0026_38_L004	0.0904874687798594	0memhg38	True40
LP0026_42_L004	0.0958020749596875	0memhg38	True40
LP0027_26_L003	0.050964375	0memhg38	True40
LP0027_35_L003	0.0596059184160863	0memhg38	True40
LP0027_39_L003	0.0646748155692969	0memhg38	True40
LP0028_01_L004	0.149842446807743	0memhg38	True40
LP0020_01	0.0148465998918281	0memhg38	TrueDI26830XA
LP0020_02	0.0203068089702324	0memhg38	TrueDI26830XA
LP0020_03	0.0252137433412015	0memhg38	TrueDI26830XA
LP0020_04	0.0338822262474205	0memhg38	TrueDI26830XA
LP0020_05	0.0145260766817428	0memhg38	TrueDI26830XA
LP0020_06	0.0370687097215028	0memhg38	TrueDI26830XA
LP0020_07	0.0199685407018461	0memhg38	TrueDI26830XA
LP0020_08	0.0256388836954372	0memhg38	TrueDI26830XA
LP0025_01_L004	0.00294168983693629	0memhg38	TrueDI26830XA
LP0025_02_L004	0.00853323349817094	0memhg38	TrueDI26830XA
LP0025_03_L003	0.00642979120054811	0memhg38	TrueDI26830XA
LP0025_04_L004	0.00334343347212081	0memhg38	TrueDI26830XA
LP0025_07_L004	0.004336268938381	0memhg38	TrueDI26830XA
LP0025_08_L004	0.00434174592540828	0memhg38	TrueDI26830XA
LP0029_02_L004	0.00782460025602372	0memhg38	TrueDI26830XA
LP0029_04_L003	0.00783691744654705	0memhg38	TrueDI26830XA
LP0029_05_L004	0.00364120340661264	0memhg38	TrueDI26830XA
LP0029_06_L003	0.00852183427846929	0memhg38	TrueDI26830XA
LP0030_03_L004	0.00264551694634714	0memhg38	TrueDI26830XA
LP0030_05_L004	0.00404123615456631	0memhg38	TrueDI26830XA
LP0025_05_L003	0.00891755081895998	0memhg38	TrueDI26830XA
LP0025_06_L003	0.00613396151317498	0memhg38	TrueDI26830XA
LP0025_10_L003	0.0320579328519319	0memhg38	TrueDI26830XA
LP0025_11_L003	0.00991459649035394	0memhg38	TrueDI26830XA
LP0025_12_L003	0.0130238684587695	0memhg38	TrueDI26830XA
LP0025_15_L003	0.0583914802965677	0memhg38	TrueDI26830XA
LP0025_17_L003	0.0225041392971967	0memhg38	TrueDI26830XA
LP0025_21_L004	0.184922053251577	0memhg38	TrueDI26830XA
LP0025_24_L003	0.0068367790315348	0memhg38	TrueDI26830XA
LP0026_05_L003	0.0206030280158476	0memhg38	TrueDI26830XA
LP0026_07_L003	0.00403850257573663	0memhg38	TrueDI26830XA
LP0026_08_L003	0.218081303425036	0memhg38	TrueDI26830XA
LP0026_22_L003	0.0208859406639104	0memhg38	TrueDI26830XA
LP0026_26_L004	0.0783551928939844	0memhg38	TrueDI26830XA
LP0026_38_L004	0.0713949278554971	0memhg38	TrueDI26830XA
LP0026_42_L004	0.084940625	0memhg38	TrueDI26830XA
LP0027_26_L003	0.0481398979722904	0memhg38	TrueDI26830XA
LP0027_35_L003	0.0615471251982707	0memhg38	TrueDI26830XA
LP0027_39_L003	0.0563814233352526	0memhg38	TrueDI26830XA
LP0028_01_L004	0.153865012215055	0memhg38	TrueDI26830XA
LP0020_01	0.00894319910600614	0memhg38noalt	False40
LP0020_02	0.0161387301575729	0memhg38noalt	False40
LP0020_03	0.0270794618234938	0memhg38noalt	False40
LP0020_04	0.0159092572702486	0memhg38noalt	False40
LP0020_05	0.019780018938381	0memhg38noalt	False40
LP0020_06	0.015558734250354	0memhg38noalt	False40
LP0020_07	0.00895177650407887	0memhg38noalt	False40
LP0020_08	0.0200061153065542	0memhg38noalt	False40
LP0025_01_L004	0.00404488509315383	0memhg38noalt	False40
LP0025_02_L004	0.0112125968054756	0memhg38noalt	False40
LP0025_03_L003	0.00643457808771849	0memhg38noalt	False40
LP0025_04_L004	0.00265031009037665	0memhg38noalt	False40
LP0025_07_L004	0.00463312500000002	0memhg38noalt	False40
LP0025_08_L004	0.00573768950198914	0memhg38noalt	False40
LP0029_02_L004	0.00294168983693626	0memhg38noalt	False40
LP0029_04_L003	0.00433581349072387	0memhg38noalt	False40
LP0029_05_L004	0.00463312500000001	0memhg38noalt	False40
LP0029_06_L003	0.00433718027970194	0memhg38noalt	False40
LP0030_03_L004	0.00334343347212081	0memhg38noalt	False40
LP0030_05_L004	0.0036384662559355	0memhg38noalt	False40
LP0025_05_L003	0.00991596149799157	0memhg38noalt	False40
LP0025_06_L003	0.00573358310554041	0memhg38noalt	False40
LP0025_10_L003	0.0271037892478534	0memhg38noalt	False40
LP0025_11_L003	0.0099351184587695	0memhg38noalt	False40
LP0025_12_L003	0.0159578150928851	0memhg38noalt	False40
LP0025_15_L003	0.0600841834258811	0memhg38noalt	False40
LP0025_17_L003	0.0253532263411106	0memhg38noalt	False40
LP0025_21_L004	0.16886044019527	0memhg38noalt	False40
LP0025_24_L003	0.00823363916622436	0memhg38noalt	False40
LP0026_05_L003	0.0190169998542407	0memhg38noalt	False40
LP0026_07_L003	0.00772187500000002	0memhg38noalt	False40
LP0026_08_L003	0.222935432042528	0memhg38noalt	False40
LP0026_22_L003	0.014989602214693	0memhg38noalt	False40
LP0026_26_L004	0.0608476567157308	0memhg38noalt	False40
LP0026_38_L004	0.0809886693344991	0memhg38noalt	False40
LP0026_42_L004	0.097206987039621	0memhg38noalt	False40
LP0027_26_L003	0.053500031446852	0memhg38noalt	False40
LP0027_35_L003	0.0614481546801077	0memhg38noalt	False40
LP0027_39_L003	0.0474645000344315	0memhg38noalt	False40
LP0028_01_L004	0.151240037490821	0memhg38noalt	False40
LP0020_01	0.00923023622429819	0memhg38noalt	FalseDI26830XA
LP0020_02	0.020076875	0memhg38noalt	FalseDI26830XA
LP0020_03	0.0254091500327676	0memhg38noalt	FalseDI26830XA
LP0020_04	0.0228802036293131	0memhg38noalt	FalseDI26830XA
LP0020_05	0.0189480696275628	0memhg38noalt	FalseDI26830XA
LP0020_06	0.0199416409218829	0memhg38noalt	FalseDI26830XA
LP0020_07	0.00772187500000001	0memhg38noalt	FalseDI26830XA
LP0020_08	0.0186337244228812	0memhg38noalt	FalseDI26830XA
LP0025_01_L004	0.003641546053641	0memhg38noalt	FalseDI26830XA
LP0025_02_L004	0.00782664977140611	0memhg38noalt	FalseDI26830XA
LP0025_03_L003	0.00433946123811358	0memhg38noalt	FalseDI26830XA
LP0025_04_L004	0.003353026033159	0memhg38noalt	FalseDI26830XA
LP0025_07_L004	0.00544676781312742	0memhg38noalt	FalseDI26830XA
LP0025_08_L004	0.00463312499999998	0memhg38noalt	FalseDI26830XA
LP0029_02_L004	0.00405219729159923	0memhg38noalt	FalseDI26830XA
LP0029_04_L003	0.00224274727079316	0memhg38noalt	FalseDI26830XA
LP0029_05_L004	0.00434357636619093	0memhg38noalt	FalseDI26830XA
LP0029_06_L003	0.00713454807284711	0memhg38noalt	FalseDI26830XA
LP0030_03_L004	0.00404488509315386	0memhg38noalt	FalseDI26830XA
LP0030_05_L004	0.00405219729159923	0memhg38noalt	FalseDI26830XA
LP0025_05_L003	0.0051416973847082	0memhg38noalt	FalseDI26830XA
LP0025_06_L003	0.0043408316024387	0memhg38noalt	FalseDI26830XA
LP0025_10_L003	0.0303721302697025	0memhg38noalt	FalseDI26830XA
LP0025_11_L003	0.00672961087153318	0memhg38noalt	FalseDI26830XA
LP0025_12_L003	0.0159121061530863	0memhg38noalt	FalseDI26830XA
LP0025_15_L003	0.0637981386594079	0memhg38noalt	FalseDI26830XA
LP0025_17_L003	0.0210717355108177	0memhg38noalt	FalseDI26830XA
LP0025_21_L004	0.182134861941907	0memhg38noalt	FalseDI26830XA
LP0025_24_L003	0.00473789977140612	0memhg38noalt	FalseDI26830XA
LP0026_05_L003	0.0152976032638755	0memhg38noalt	FalseDI26830XA
LP0026_07_L003	0.00713272241162495	0memhg38noalt	FalseDI26830XA
LP0026_08_L003	0.323553833599274	0memhg38noalt	FalseDI26830XA
LP0026_22_L003	0.00924934486694088	0memhg38noalt	FalseDI26830XA
LP0026_26_L004	0.0590794567135291	0memhg38noalt	FalseDI26830XA
LP0026_38_L004	0.0970142215276604	0memhg38noalt	FalseDI26830XA
LP0026_42_L004	0.102333128848606	0memhg38noalt	FalseDI26830XA
LP0027_26_L003	0.0584839726567453	0memhg38noalt	FalseDI26830XA
LP0027_35_L003	0.0392499777889781	0memhg38noalt	FalseDI26830XA
LP0027_39_L003	0.0450007653709714	0memhg38noalt	FalseDI26830XA
LP0028_01_L004	0.1606672476836	0memhg38noalt	FalseDI26830XA
LP0020_01	0.0106172932159076	0memhg38noalt	True40
LP0020_02	0.034073166468388	0memhg38noalt	True40
LP0020_03	0.0266796939370798	0memhg38noalt	True40
LP0020_04	0.0272190096645385	0memhg38noalt	True40
LP0020_05	0.00476259870645923	0memhg38noalt	True40
LP0020_06	0.0277360398476087	0memhg38noalt	True40
LP0020_07	0.0124356352694082	0memhg38noalt	True40
LP0020_08	0.0196680558015564	0memhg38noalt	True40
LP0025_01_L004	0.00264620101044764	0memhg38noalt	True40
LP0025_02_L004	0.0126088857879859	0memhg38noalt	True40
LP0025_03_L003	0.00363983393743839	0memhg38noalt	True40
LP0025_04_L004	0.00335142465913676	0memhg38noalt	True40
LP0025_07_L004	0.00573358310554044	0memhg38noalt	True40
LP0025_08_L004	0.00433991787696854	0memhg38noalt	True40
LP0029_02_L004	0.00294054973016183	0memhg38noalt	True40
LP0029_04_L003	0.00841956387624933	0memhg38noalt	True40
LP0029_05_L004	0.00433854840779429	0memhg38noalt	True40
LP0029_06_L003	0.00573153292180117	0memhg38noalt	True40
LP0030_03_L004	0.00264551694634714	0memhg38noalt	True40
LP0030_05_L004	0.0040421479424767	0memhg38noalt	True40
LP0025_05_L003	0.00742821123811355	0memhg38noalt	True40
LP0025_06_L003	0.00293872942409285	0memhg38noalt	True40
LP0025_10_L003	0.0400397824868304	0memhg38noalt	True40
LP0025_11_L003	0.00772187500000001	0memhg38noalt	True40
LP0025_12_L003	0.0242243632623986	0memhg38noalt	True40
LP0025_15_L003	0.0563894870029238	0memhg38noalt	True40
LP0025_17_L003	0.0166564154594654	0memhg38noalt	True40
LP0025_21_L004	0.168247757914626	0memhg38noalt	True40
LP0025_24_L003	0.00681630388648636	0memhg38noalt	True40
LP0026_05_L003	0.0141615911081925	0memhg38noalt	True40
LP0026_07_L003	0.0119117669463471	0memhg38noalt	True40
LP0026_08_L003	0.255825550882289	0memhg38noalt	True40
LP0026_22_L003	0.0122864852080081	0memhg38noalt	True40
LP0026_26_L004	0.0639153119786692	0memhg38noalt	True40
LP0026_38_L004	0.115746897439628	0memhg38noalt	True40
LP0026_42_L004	0.0995397235990227	0memhg38noalt	True40
LP0027_26_L003	0.0517417097900591	0memhg38noalt	True40
LP0027_35_L003	0.0663460456060457	0memhg38noalt	True40
LP0027_39_L003	0.0615588141036131	0memhg38noalt	True40
LP0028_01_L004	0.159315995149176	0memhg38noalt	True40
LP0020_01	0.0127192498221929	0memhg38noalt	TrueDI26830XA
LP0020_02	0.025568954723609	0memhg38noalt	TrueDI26830XA
LP0020_03	0.026254375	0memhg38noalt	TrueDI26830XA
LP0020_04	0.0311442116484371	0memhg38noalt	TrueDI26830XA
LP0020_05	0.0224767899603939	0memhg38noalt	TrueDI26830XA
LP0020_06	0.019766155147804	0memhg38noalt	TrueDI26830XA
LP0020_07	0.00842167532282105	0memhg38noalt	TrueDI26830XA
LP0020_08	0.0185630602498013	0memhg38noalt	TrueDI26830XA
LP0025_01_L004	0.00404671135085165	0memhg38noalt	TrueDI26830XA
LP0025_02_L004	0.00612895321924463	0memhg38noalt	TrueDI26830XA
LP0025_03_L003	0.00683541090234884	0memhg38noalt	TrueDI26830XA
LP0025_04_L004	0.00265031009037665	0memhg38noalt	TrueDI26830XA
LP0025_07_L004	0.00533104152577366	0memhg38noalt	TrueDI26830XA
LP0025_08_L004	0.00294260326387557	0memhg38noalt	TrueDI26830XA
LP0029_02_L004	0.00404671135085165	0memhg38noalt	TrueDI26830XA
LP0029_04_L003	0.00602998357085799	0memhg38noalt	TrueDI26830XA
LP0029_05_L004	0.00434128868919939	0memhg38noalt	TrueDI26830XA
LP0029_06_L003	0.00612020440805725	0memhg38noalt	TrueDI26830XA
LP0030_03_L004	0.00294168983693629	0memhg38noalt	TrueDI26830XA
LP0030_05_L004	0.00224320361141184	0memhg38noalt	TrueDI26830XA
LP0025_05_L003	0.00822885227522983	0memhg38noalt	TrueDI26830XA
LP0025_06_L003	0.00404032466423527	0memhg38noalt	TrueDI26830XA
LP0025_10_L003	0.0360727511662706	0memhg38noalt	TrueDI26830XA
LP0025_11_L003	0.00533183947035589	0memhg38noalt	TrueDI26830XA
LP0025_12_L003	0.00924029214431442	0memhg38noalt	TrueDI26830XA
LP0025_15_L003	0.0679818840640222	0memhg38noalt	TrueDI26830XA
LP0025_17_L003	0.0155426837448038	0memhg38noalt	TrueDI26830XA
LP0025_21_L004	0.181556944539968	0memhg38noalt	TrueDI26830XA
LP0025_24_L003	0.0111743098432565	0memhg38noalt	TrueDI26830XA
LP0026_05_L003	0.0181957543901435	0memhg38noalt	TrueDI26830XA
LP0026_07_L003	0.0068299428493273	0memhg38noalt	TrueDI26830XA
LP0026_08_L003	0.301671123207089	0memhg38noalt	TrueDI26830XA
LP0026_22_L003	0.00911260301460337	0memhg38noalt	TrueDI26830XA
LP0026_26_L004	0.0486077512863148	0memhg38noalt	TrueDI26830XA
LP0026_38_L004	0.0943605611265506	0memhg38noalt	TrueDI26830XA
LP0026_42_L004	0.0969901407684755	0memhg38noalt	TrueDI26830XA
LP0027_26_L003	0.057141875	0memhg38noalt	TrueDI26830XA
LP0027_35_L003	0.0514127486254428	0memhg38noalt	TrueDI26830XA
LP0027_39_L003	0.047120509572531	0memhg38noalt	TrueDI26830XA
LP0028_01_L004	0.158444370446047	0memhg38noalt	TrueDI26830XA
LP0020_01	0.0110602875868981	30memhg19	False40
LP0020_02	0.0200161663189285	30memhg19	False40
LP0020_03	0.0249614942969897	30memhg19	False40
LP0020_04	0.0113866654046113	30memhg19	False40
LP0020_05	0.0144868005367115	30memhg19	False40
LP0020_06	0.0244572701782803	30memhg19	False40
LP0020_07	0.00910363080138028	30memhg19	False40
LP0020_08	0.0161973625238601	30memhg19	False40
LP0025_01_L004	0.00364257466696806	30memhg19	False40
LP0025_02_L004	0.0067313246669681	30memhg19	False40
LP0025_03_L003	0.00434083160243871	30memhg19	False40
LP0025_04_L004	0.00882575454361375	30memhg19	False40
LP0025_07_L004	0.00615406023717263	30memhg19	False40
LP0025_08_L004	0.00475125429703456	30memhg19	False40
LP0029_02_L004	0.00264620101044767	30memhg19	False40
LP0029_04_L003	0.0119117669463471	30memhg19	False40
LP0029_05_L004	0.003641546053641	30memhg19	False40
LP0029_06_L003	0.0047502250104214	30memhg19	False40
LP0030_03_L004	0.00474919606031405	30memhg19	False40
LP0030_05_L004	0.00364257466696806	30memhg19	False40
LP0025_05_L003	0.0088264395019891	30memhg19	False40
LP0025_06_L003	0.00473585025602372	30memhg19	False40
LP0025_10_L003	0.0321208649362015	30memhg19	False40
LP0025_11_L003	0.00533263924164424	30memhg19	False40
LP0025_12_L003	0.0178303560109961	30memhg19	False40
LP0025_15_L003	0.0722679981854354	30memhg19	False40
LP0025_17_L003	0.0432836324274132	30memhg19	False40
LP0025_21_L004	0.150603463301666	30memhg19	False40
LP0025_24_L003	0.0134089635171977	30memhg19	False40
LP0026_05_L003	0.0178040536218332	30memhg19	False40
LP0026_07_L003	0.00912010326387557	30memhg19	False40
LP0026_08_L003	0.329069208058211	30memhg19	False40
LP0026_22_L003	0.0171578294630478	30memhg19	False40
LP0026_26_L004	0.0701654471817467	30memhg19	False40
LP0026_38_L004	0.0905778953594468	30memhg19	False40
LP0026_42_L004	0.107867859652027	30memhg19	False40
LP0027_26_L003	0.0701797383075228	30memhg19	False40
LP0027_35_L003	0.0534122092186172	30memhg19	False40
LP0027_39_L003	0.0696952554543849	30memhg19	False40
LP0028_01_L004	0.174309566985763	30memhg19	False40
LP0020_01	0.00923526089725033	30memhg19	FalseDI26830XA
LP0020_02	0.0137506678166197	30memhg19	FalseDI26830XA
LP0020_03	0.0222736928493273	30memhg19	FalseDI26830XA
LP0020_04	0.0303799967562879	30memhg19	FalseDI26830XA
LP0020_05	0.0277290119572969	30memhg19	FalseDI26830XA
LP0020_06	0.0284919188817366	30memhg19	FalseDI26830XA
LP0020_07	0.00925163655373908	30memhg19	FalseDI26830XA
LP0020_08	0.0218005155038267	30memhg19	FalseDI26830XA
LP0025_01_L004	0.00334902456073255	30memhg19	FalseDI26830XA
LP0025_02_L004	0.00643857433202094	30memhg19	FalseDI26830XA
LP0025_03_L003	0.00294283180723791	30memhg19	FalseDI26830XA
LP0025_04_L004	0.00503908913540877	30memhg19	FalseDI26830XA
LP0025_07_L004	0.00644017465913676	30memhg19	FalseDI26830XA
LP0025_08_L004	0.00364051844834812	30memhg19	FalseDI26830XA
LP0029_02_L004	0.00404397241162495	30memhg19	FalseDI26830XA
LP0029_04_L003	0.0082528337143134	30memhg19	FalseDI26830XA
LP0029_05_L004	0.00404397241162495	30memhg19	FalseDI26830XA
LP0029_06_L003	0.0068299428493273	30memhg19	FalseDI26830XA
LP0030_03_L004	0.00334582808771852	30memhg19	FalseDI26830XA
LP0030_05_L004	0.00474508362164486	30memhg19	FalseDI26830XA
LP0025_05_L003	0.00812498654009172	30memhg19	FalseDI26830XA
LP0025_06_L003	0.00544448349817093	30memhg19	FalseDI26830XA
LP0025_10_L003	0.0357889596974662	30memhg19	FalseDI26830XA
LP0025_11_L003	0.00823204301495502	30memhg19	FalseDI26830XA
LP0025_12_L003	0.0199072885010482	30memhg19	FalseDI26830XA
LP0025_15_L003	0.0675150465063666	30memhg19	FalseDI26830XA
LP0025_17_L003	0.0349600384931668	30memhg19	FalseDI26830XA
LP0025_21_L004	0.169150345570424	30memhg19	FalseDI26830XA
LP0025_24_L003	0.00792425975639837	30memhg19	FalseDI26830XA
LP0026_05_L003	0.0179544022351044	30memhg19	FalseDI26830XA
LP0026_07_L003	0.00713004320645408	30memhg19	FalseDI26830XA
LP0026_08_L003	0.325416244899129	30memhg19	FalseDI26830XA
LP0026_22_L003	0.014082410328647	30memhg19	FalseDI26830XA
LP0026_26_L004	0.0677035004145291	30memhg19	FalseDI26830XA
LP0026_38_L004	0.0918899507030739	30memhg19	FalseDI26830XA
LP0026_42_L004	0.101038137262532	30memhg19	FalseDI26830XA
LP0027_26_L003	0.063319375	30memhg19	FalseDI26830XA
LP0027_35_L003	0.0544141876068878	30memhg19	FalseDI26830XA
LP0027_39_L003	0.0487208740958533	30memhg19	FalseDI26830XA
LP0028_01_L004	0.185698531494419	30memhg19	FalseDI26830XA
LP0020_01	0.0110561623436265	30memhg19	True40
LP0020_02	0.0141449123436265	30memhg19	True40
LP0020_03	0.0228428549709631	30memhg19	True40
LP0020_04	0.0251397914189869	30memhg19	True40
LP0020_05	0.0169048199961625	30memhg19	True40
LP0020_06	0.0295823540205242	30memhg19	True40
LP0020_07	0.00656002437258141	30memhg19	True40
LP0020_08	0.0190828600002935	30memhg19	True40
LP0025_01_L004	0.00772187500000002	30memhg19	True40
LP0025_02_L004	0.00797360122161167	30memhg19	True40
LP0025_03_L003	0.00434037466505286	30memhg19	True40
LP0025_04_L004	0.00463312500000002	30memhg19	True40
LP0025_07_L004	0.00433991787696851	30memhg19	True40
LP0025_08_L004	0.00488900708311219	30memhg19	True40
LP0029_02_L004	0.00463312499999998	30memhg19	True40
LP0029_04_L003	0.00782562484652981	30memhg19	True40
LP0029_05_L004	0.00685185799023353	30memhg19	True40
LP0029_06_L003	0.00474200281788034	30memhg19	True40
LP0030_03_L004	0.00433809221618533	30memhg19	True40
LP0030_05_L004	0.00405036744890223	30memhg19	True40
LP0025_05_L003	0.00981801844834808	30memhg19	True40
LP0025_06_L003	0.00473277848908283	30memhg19	True40
LP0025_10_L003	0.0293326533623846	30memhg19	True40
LP0025_11_L003	0.00812955293084362	30memhg19	True40
LP0025_12_L003	0.0171083138804389	30memhg19	True40
LP0025_15_L003	0.0704740776011269	30memhg19	True40
LP0025_17_L003	0.0203758624982631	30memhg19	True40
LP0025_21_L004	0.170581450484061	30memhg19	True40
LP0025_24_L003	0.0126136758020539	30memhg19	True40
LP0026_05_L003	0.016000322575294	30memhg19	True40
LP0026_07_L003	0.00685323149561285	30memhg19	True40
LP0026_08_L003	0.324028583104529	30memhg19	True40
LP0026_22_L003	0.0170745021489627	30memhg19	True40
LP0026_26_L004	0.0814122665778049	30memhg19	True40
LP0026_38_L004	0.0837755107161865	30memhg19	True40
LP0026_42_L004	0.0997102369875424	30memhg19	True40
LP0027_26_L003	0.0781849443010342	30memhg19	True40
LP0027_35_L003	0.0596794855455373	30memhg19	True40
LP0027_39_L003	0.0686866841010742	30memhg19	True40
LP0028_01_L004	0.168142996042964	30memhg19	True40
LP0020_01	0.0131406359126731	30memhg19	TrueDI26830XA
LP0020_02	0.0155794247784645	30memhg19	TrueDI26830XA
LP0020_03	0.0231904277776396	30memhg19	TrueDI26830XA
LP0020_04	0.047875625	30memhg19	TrueDI26830XA
LP0020_05	0.0169988042020382	30memhg19	TrueDI26830XA
LP0020_06	0.0207724642781093	30memhg19	TrueDI26830XA
LP0020_07	0.0113608537696566	30memhg19	TrueDI26830XA
LP0020_08	0.0215132582923858	30memhg19	TrueDI26830XA
LP0025_01_L004	0.00334263578798594	30memhg19	TrueDI26830XA
LP0025_02_L004	0.0106247002899751	30memhg19	TrueDI26830XA
LP0025_03_L003	0.0047502250104214	30memhg19	TrueDI26830XA
LP0025_04_L004	0.00473995062492222	30memhg19	TrueDI26830XA
LP0025_07_L004	0.0105151361735114	30memhg19	TrueDI26830XA
LP0025_08_L004	0.00404306002811488	30memhg19	TrueDI26830XA
LP0029_02_L004	0.00334502962185949	30memhg19	TrueDI26830XA
LP0029_04_L003	0.00852752923633404	30memhg19	TrueDI26830XA
LP0029_05_L004	0.00404306002811487	30memhg19	TrueDI26830XA
LP0029_06_L003	0.00615028371551968	30memhg19	TrueDI26830XA
LP0030_03_L004	0.00294214640117727	30memhg19	TrueDI26830XA
LP0030_05_L004	0.00265031009037665	30memhg19	TrueDI26830XA
LP0025_05_L003	0.0068190281237652	30memhg19	TrueDI26830XA
LP0025_06_L003	0.00473277848908283	30memhg19	TrueDI26830XA
LP0025_10_L003	0.0313098438277546	30memhg19	TrueDI26830XA
LP0025_11_L003	0.0089260862976754	30memhg19	TrueDI26830XA
LP0025_12_L003	0.017800625469022	30memhg19	TrueDI26830XA
LP0025_15_L003	0.0763669663484635	30memhg19	TrueDI26830XA
LP0025_17_L003	0.0231551533623847	30memhg19	TrueDI26830XA
LP0025_21_L004	0.172450058134762	30memhg19	TrueDI26830XA
LP0025_24_L003	0.0089260862976754	30memhg19	TrueDI26830XA
LP0026_05_L003	0.0299724519352739	30memhg19	TrueDI26830XA
LP0026_07_L003	0.00544905362183322	30memhg19	TrueDI26830XA
LP0026_08_L003	0.320804804278043	30memhg19	TrueDI26830XA
LP0026_22_L003	0.012582707492263	30memhg19	TrueDI26830XA
LP0026_26_L004	0.0741337922930559	30memhg19	TrueDI26830XA
LP0026_38_L004	0.0916213592686993	30memhg19	TrueDI26830XA
LP0026_42_L004	0.108410022174924	30memhg19	TrueDI26830XA
LP0027_26_L003	0.069496875	30memhg19	TrueDI26830XA
LP0027_35_L003	0.0602664282479884	30memhg19	TrueDI26830XA
LP0027_39_L003	0.0508535910258229	30memhg19	TrueDI26830XA
LP0028_01_L004	0.173154985725457	30memhg19	TrueDI26830XA
LP0020_01	0.0116345657367588	30memhg19decoy	False40
LP0020_02	0.0210104833100198	30memhg19decoy	False40
LP0020_03	0.0282821927477834	30memhg19decoy	False40
LP0020_04	0.0174762807985514	30memhg19decoy	False40
LP0020_05	0.0120991492727041	30memhg19decoy	False40
LP0020_06	0.0270453302732689	30memhg19decoy	False40
LP0020_07	0.00897241961557578	30memhg19decoy	False40
LP0020_08	0.0182785613620481	30memhg19decoy	False40
LP0025_01_L004	0.00294237479520082	30memhg19decoy	False40
LP0025_02_L004	0.00854810828550322	30memhg19decoy	False40
LP0025_03_L003	0.00474302941706029	30memhg19decoy	False40
LP0025_04_L004	0.00772187500000002	30memhg19decoy	False40
LP0025_07_L004	0.00544105982331568	30memhg19decoy	False40
LP0025_08_L004	0.00503794753817842	30memhg19decoy	False40
LP0029_02_L004	0.00434174592540828	30memhg19decoy	False40
LP0029_04_L003	0.00614902569821185	30memhg19decoy	False40
LP0029_05_L004	0.00404397241162496	30memhg19decoy	False40
LP0029_06_L003	0.00475125429703456	30memhg19decoy	False40
LP0030_03_L004	0.00294237479520082	30memhg19decoy	False40
LP0030_05_L004	0.00334982433202091	30memhg19decoy	False40
LP0025_05_L003	0.0106972946280451	30memhg19decoy	False40
LP0025_06_L003	0.00613020468011656	30memhg19decoy	False40
LP0025_10_L003	0.0381828539604974	30memhg19decoy	False40
LP0025_11_L003	0.0067323542898123	30memhg19decoy	False40
LP0025_12_L003	0.0164163644888013	30memhg19decoy	False40
LP0025_15_L003	0.0626160557039772	30memhg19decoy	False40
LP0025_17_L003	0.0259555893187671	30memhg19decoy	False40
LP0025_21_L004	0.179859555820331	30memhg19decoy	False40
LP0025_24_L003	0.00772187499999998	30memhg19decoy	False40
LP0026_05_L003	0.016988125	30memhg19decoy	False40
LP0026_07_L003	0.00714186266187866	30memhg19decoy	False40
LP0026_08_L003	0.326397216733809	30memhg19decoy	False40
LP0026_22_L003	0.0157680051053899	30memhg19decoy	False40
LP0026_26_L004	0.0691735488577856	30memhg19decoy	False40
LP0026_38_L004	0.0917131807039399	30memhg19decoy	False40
LP0026_42_L004	0.11584903787593	30memhg19decoy	False40
LP0027_26_L003	0.0551596595095287	30memhg19decoy	False40
LP0027_35_L003	0.0585555099911083	30memhg19decoy	False40
LP0027_39_L003	0.0519826370618803	30memhg19decoy	False40
LP0028_01_L004	0.173905885299222	30memhg19decoy	False40
LP0020_01	0.0113351771638678	30memhg19decoy	FalseDI26830XA
LP0020_02	0.0161332413053823	30memhg19decoy	FalseDI26830XA
LP0020_03	0.0152591006225291	30memhg19decoy	FalseDI26830XA
LP0020_04	0.0311065940759311	30memhg19decoy	FalseDI26830XA
LP0020_05	0.0270634506755005	30memhg19decoy	FalseDI26830XA
LP0020_06	0.0263840121837517	30memhg19decoy	FalseDI26830XA
LP0020_07	0.00824642716386781	30memhg19decoy	FalseDI26830XA
LP0020_08	0.0196987479808078	30memhg19decoy	FalseDI26830XA
LP0025_01_L004	0.00463312499999998	30memhg19decoy	FalseDI26830XA
LP0025_02_L004	0.00783691744654708	30memhg19decoy	FalseDI26830XA
LP0025_03_L003	0.00294237479520082	30memhg19decoy	FalseDI26830XA
LP0025_04_L004	0.00673063881267324	30memhg19decoy	FalseDI26830XA
LP0025_07_L004	0.00643617580205397	30memhg19decoy	FalseDI26830XA
LP0025_08_L004	0.00434174592540828	30memhg19decoy	FalseDI26830XA
LP0029_02_L004	0.00364188881267325	30memhg19decoy	FalseDI26830XA
LP0029_04_L003	0.00965793407975094	30memhg19decoy	FalseDI26830XA
LP0029_05_L004	0.00404488509315386	30memhg19decoy	FalseDI26830XA
LP0029_06_L003	0.0063810532394824	30memhg19decoy	FalseDI26830XA
LP0030_03_L004	0.0029428318072379	30memhg19decoy	FalseDI26830XA
LP0030_05_L004	0.0036429177623406	30memhg19decoy	FalseDI26830XA
LP0025_05_L003	0.00952332808771849	30memhg19decoy	FalseDI26830XA
LP0025_06_L003	0.00473687484652981	30memhg19decoy	FalseDI26830XA
LP0025_10_L003	0.0286107391031039	30memhg19decoy	FalseDI26830XA
LP0025_11_L003	0.011320793014955	30memhg19decoy	FalseDI26830XA
LP0025_12_L003	0.0199087767088781	30memhg19decoy	FalseDI26830XA
LP0025_15_L003	0.0685038802397491	30memhg19decoy	FalseDI26830XA
LP0025_17_L003	0.0363753552474782	30memhg19decoy	FalseDI26830XA
LP0025_21_L004	0.179141142888322	30memhg19decoy	FalseDI26830XA
LP0025_24_L003	0.00742866787696851	30memhg19decoy	FalseDI26830XA
LP0026_05_L003	0.020076875	30memhg19decoy	FalseDI26830XA
LP0026_07_L003	0.00722958524742312	30memhg19decoy	FalseDI26830XA
LP0026_08_L003	0.326185301860346	30memhg19decoy	FalseDI26830XA
LP0026_22_L003	0.0174553930450763	30memhg19decoy	FalseDI26830XA
LP0026_26_L004	0.0677155923164722	30memhg19decoy	FalseDI26830XA
LP0026_38_L004	0.0916012224031372	30memhg19decoy	FalseDI26830XA
LP0026_42_L004	0.101733897097398	30memhg19decoy	FalseDI26830XA
LP0027_26_L003	0.0596321664200768	30memhg19decoy	FalseDI26830XA
LP0027_35_L003	0.0605535620804487	30memhg19decoy	FalseDI26830XA
LP0027_39_L003	0.0508454727664144	30memhg19decoy	FalseDI26830XA
LP0028_01_L004	0.177370904569595	30memhg19decoy	FalseDI26830XA
LP0020_01	0.0127807203244884	30memhg19decoy	True40
LP0020_02	0.0174021012541932	30memhg19decoy	True40
LP0020_03	0.0224972952651592	30memhg19decoy	True40
LP0020_04	0.0299081921557125	30memhg19decoy	True40
LP0020_05	0.0116987650866382	30memhg19decoy	True40
LP0020_06	0.0162630699559192	30memhg19decoy	True40
LP0020_07	0.0145978613000648	30memhg19decoy	True40
LP0020_08	0.0223567395144251	30memhg19decoy	True40
LP0025_01_L004	0.00265031009037665	30memhg19decoy	True40
LP0025_02_L004	0.00981801844834812	30memhg19decoy	True40
LP0025_03_L003	0.00364017613700113	30memhg19decoy	True40
LP0025_04_L004	0.00772187500000001	30memhg19decoy	True40
LP0025_07_L004	0.00543536114659464	30memhg19decoy	True40
LP0025_08_L004	0.00433763617351139	30memhg19decoy	True40
LP0029_02_L004	0.0036398339374384	30memhg19decoy	True40
LP0029_04_L003	0.010618773663818	30memhg19decoy	True40
LP0029_05_L004	0.00404671135085164	30memhg19decoy	True40
LP0029_06_L003	0.00543308427846929	30memhg19decoy	True40
LP0030_03_L004	0.00364086087153317	30memhg19decoy	True40
LP0030_05_L004	0.00194634680547561	30memhg19decoy	True40
LP0025_05_L003	0.00651626547216362	30memhg19decoy	True40
LP0025_06_L003	0.00403577167120781	30memhg19decoy	True40
LP0025_10_L003	0.0374139699668745	30memhg19decoy	True40
LP0025_11_L003	0.00852752923633404	30memhg19decoy	True40
LP0025_12_L003	0.0177935545955449	30memhg19decoy	True40
LP0025_15_L003	0.066050987021573	30memhg19decoy	True40
LP0025_17_L003	0.0162720119042551	30memhg19decoy	True40
LP0025_21_L004	0.183243260769839	30memhg19decoy	True40
LP0025_24_L003	0.0113319770296275	30memhg19decoy	True40
LP0026_05_L003	0.013899375	30memhg19decoy	True40
LP0026_07_L003	0.00614902569821185	30memhg19decoy	True40
LP0026_08_L003	0.324689575015649	30memhg19decoy	True40
LP0026_22_L003	0.0205520590555308	30memhg19decoy	True40
LP0026_26_L004	0.0677155923164722	30memhg19decoy	True40
LP0026_38_L004	0.0916315482968742	30memhg19decoy	True40
LP0026_42_L004	0.0934791469014247	30memhg19decoy	True40
LP0027_26_L003	0.0668400665423392	30memhg19decoy	True40
LP0027_35_L003	0.0619766178678089	30memhg19decoy	True40
LP0027_39_L003	0.0519950006030216	30memhg19decoy	True40
LP0028_01_L004	0.169905355544455	30memhg19decoy	True40
LP0020_01	0.010707290033081	30memhg19decoy	TrueDI26830XA
LP0020_02	0.0264788621858491	30memhg19decoy	TrueDI26830XA
LP0020_03	0.0193566445806862	30memhg19decoy	TrueDI26830XA
LP0020_04	0.0492822339022343	30memhg19decoy	TrueDI26830XA
LP0020_05	0.0209154204352425	30memhg19decoy	TrueDI26830XA
LP0020_06	0.0258397634953655	30memhg19decoy	TrueDI26830XA
LP0020_07	0.00882506980897156	30memhg19decoy	TrueDI26830XA
LP0020_08	0.023784456064102	30memhg19decoy	TrueDI26830XA
LP0025_01_L004	0.00364017613700109	30memhg19decoy	TrueDI26830XA
LP0025_02_L004	0.0103610020381004	30memhg19decoy	TrueDI26830XA
LP0025_03_L003	0.003641546053641	30memhg19decoy	TrueDI26830XA
LP0025_04_L004	0.00544676781312743	30memhg19decoy	TrueDI26830XA
LP0025_07_L004	0.00682857695090973	30memhg19decoy	TrueDI26830XA
LP0025_08_L004	0.00264825454361376	30memhg19decoy	TrueDI26830XA
LP0029_02_L004	0.00364017613700113	30memhg19decoy	TrueDI26830XA
LP0029_04_L003	0.00923023622429822	30memhg19decoy	TrueDI26830XA
LP0029_05_L004	0.00335062436477932	30memhg19decoy	TrueDI26830XA
LP0029_06_L003	0.00772187500000002	30memhg19decoy	TrueDI26830XA
LP0030_03_L004	0.00334982433202091	30memhg19decoy	TrueDI26830XA
LP0030_05_L004	0.0043385484077943	30memhg19decoy	TrueDI26830XA
LP0025_05_L003	0.00911873357085799	30memhg19decoy	TrueDI26830XA
LP0025_06_L003	0.00333785514543414	30memhg19decoy	TrueDI26830XA
LP0025_10_L003	0.0380868973278403	30memhg19decoy	TrueDI26830XA
LP0025_11_L003	0.00825123129081365	30memhg19decoy	TrueDI26830XA
LP0025_12_L003	0.0133038419772768	30memhg19decoy	TrueDI26830XA
LP0025_15_L003	0.0756590589981306	30memhg19decoy	TrueDI26830XA
LP0025_17_L003	0.0359614537442226	30memhg19decoy	TrueDI26830XA
LP0025_21_L004	0.160086476173198	30memhg19decoy	TrueDI26830XA
LP0025_24_L003	0.00512736011648027	30memhg19decoy	TrueDI26830XA
LP0026_05_L003	0.0286816392971967	30memhg19decoy	TrueDI26830XA
LP0026_07_L003	0.00813126840798267	30memhg19decoy	TrueDI26830XA
LP0026_08_L003	0.323393026395679	30memhg19decoy	TrueDI26830XA
LP0026_22_L003	0.0170673765853511	30memhg19decoy	TrueDI26830XA
LP0026_26_L004	0.0737844045754032	30memhg19decoy	TrueDI26830XA
LP0026_38_L004	0.091770118463706	30memhg19decoy	TrueDI26830XA
LP0026_42_L004	0.114131370755052	30memhg19decoy	TrueDI26830XA
LP0027_26_L003	0.0662142460429639	30memhg19decoy	TrueDI26830XA
LP0027_35_L003	0.0616909171017673	30memhg19decoy	TrueDI26830XA
LP0027_39_L003	0.0470084406477354	30memhg19decoy	TrueDI26830XA
LP0028_01_L004	0.173543380925923	30memhg19decoy	TrueDI26830XA
LP0020_01	0.00993374719731516	30memhg38	False40
LP0020_02	0.0173194413934531	30memhg38	False40
LP0020_03	0.0189579119114497	30memhg38	False40
LP0020_04	0.0210717355108177	30memhg38	False40
LP0020_05	0.0130279849340799	30memhg38	False40
LP0020_06	0.0207588877172574	30memhg38	False40
LP0020_07	0.0119083499730833	30memhg38	False40
LP0020_08	0.0241923722327173	30memhg38	False40
LP0025_01_L004	0.00334822505078681	30memhg38	False40
LP0025_02_L004	0.00952252962185946	30memhg38	False40
LP0025_03_L003	0.00742684221618532	30memhg38	False40
LP0025_04_L004	0.00334822505078684	30memhg38	False40
LP0025_07_L004	0.00573837468420643	30memhg38	False40
LP0025_08_L004	0.0058441747150221	30memhg38	False40
LP0029_02_L004	0.00334822505078681	30memhg38	False40
LP0029_04_L003	0.00812841021385053	30memhg38	False40
LP0029_05_L004	0.00434128868919936	30memhg38	False40
LP0029_06_L003	0.00683541090234884	30memhg38	False40
LP0030_03_L004	0.00334582808771849	30memhg38	False40
LP0030_05_L004	0.00433946123811355	30memhg38	False40
LP0025_05_L003	0.013899375	30memhg38	False40
LP0025_06_L003	0.00433444803889581	30memhg38	False40
LP0025_10_L003	0.038609375	30memhg38	False40
LP0025_11_L003	0.00961410367163345	30memhg38	False40
LP0025_12_L003	0.0169677521422054	30memhg38	False40
LP0025_15_L003	0.0645912762376641	30memhg38	False40
LP0025_17_L003	0.0339511261495199	30memhg38	False40
LP0025_21_L004	0.179886230679921	30memhg38	False40
LP0025_24_L003	0.00582709539288652	30memhg38	False40
LP0026_05_L003	0.00772187499999998	30memhg38	False40
LP0026_07_L003	0.00952812436477932	30memhg38	False40
LP0026_08_L003	0.208071381735375	30memhg38	False40
LP0026_22_L003	0.0174569752177758	30memhg38	False40
LP0026_26_L004	0.0615316249536963	30memhg38	False40
LP0026_38_L004	0.115810675189819	30memhg38	False40
LP0026_42_L004	0.117767007415798	30memhg38	False40
LP0027_26_L003	0.057141875	30memhg38	False40
LP0027_35_L003	0.0388174173973073	30memhg38	False40
LP0027_39_L003	0.0675773186167129	30memhg38	False40
LP0028_01_L004	0.164685519452989	30memhg38	False40
LP0020_01	0.0103008884847182	30memhg38	FalseDI26830XA
LP0020_02	0.0154720426346514	30memhg38	FalseDI26830XA
LP0020_03	0.029343125	30memhg38	FalseDI26830XA
LP0020_04	0.0277322595928226	30memhg38	FalseDI26830XA
LP0020_05	0.0160066438555233	30memhg38	FalseDI26830XA
LP0020_06	0.0261724184696689	30memhg38	FalseDI26830XA
LP0020_07	0.0168822899600847	30memhg38	FalseDI26830XA
LP0020_08	0.02070009155464	30memhg38	FalseDI26830XA
LP0025_01_L004	0.004336268938381	30memhg38	FalseDI26830XA
LP0025_02_L004	0.00852297252681689	30memhg38	FalseDI26830XA
LP0025_03_L003	0.00752854321590767	30memhg38	FalseDI26830XA
LP0025_04_L004	0.00335062436477933	30memhg38	FalseDI26830XA
LP0025_07_L004	0.00612895321924463	30memhg38	FalseDI26830XA
LP0025_08_L004	0.00404579807284715	30memhg38	FalseDI26830XA
LP0029_02_L004	0.00434037466505283	30memhg38	FalseDI26830XA
LP0029_04_L003	0.00721986093839551	30memhg38	FalseDI26830XA
LP0029_05_L004	0.00405494430103417	30memhg38	FalseDI26830XA
LP0029_06_L003	0.012107334003	30memhg38	FalseDI26830XA
LP0030_03_L004	0.00294191808176772	30memhg38	FalseDI26830XA
LP0030_05_L004	0.00434128868919937	30memhg38	FalseDI26830XA
LP0025_05_L003	0.010618773663818	30memhg38	FalseDI26830XA
LP0025_06_L003	0.00573084997308327	30memhg38	FalseDI26830XA
LP0025_10_L003	0.0409283041959857	30memhg38	FalseDI26830XA
LP0025_11_L003	0.0124847756041903	30memhg38	FalseDI26830XA
LP0025_12_L003	0.0186360158507737	30memhg38	FalseDI26830XA
LP0025_15_L003	0.0540359795313627	30memhg38	FalseDI26830XA
LP0025_17_L003	0.02981365160606	30memhg38	FalseDI26830XA
LP0025_21_L004	0.187980678530812	30memhg38	FalseDI26830XA
LP0025_24_L003	0.00882301694634711	30memhg38	FalseDI26830XA
LP0026_05_L003	0.0160989259835309	30memhg38	FalseDI26830XA
LP0026_07_L003	0.00961956370653925	30memhg38	FalseDI26830XA
LP0026_08_L003	0.290455547801397	30memhg38	FalseDI26830XA
LP0026_22_L003	0.0222653584751744	30memhg38	FalseDI26830XA
LP0026_26_L004	0.063720902028079	30memhg38	FalseDI26830XA
LP0026_38_L004	0.10637333981778	30memhg38	FalseDI26830XA
LP0026_42_L004	0.105023157022463	30memhg38	FalseDI26830XA
LP0027_26_L003	0.0445594728970715	30memhg38	FalseDI26830XA
LP0027_35_L003	0.0509544222540541	30memhg38	FalseDI26830XA
LP0027_39_L003	0.0614839542132446	30memhg38	FalseDI26830XA
LP0028_01_L004	0.160519082456529	30memhg38	FalseDI26830XA
LP0020_01	0.0152563509058181	30memhg38	True40
LP0020_02	0.0129071108715332	30memhg38	True40
LP0020_03	0.018787981416703	30memhg38	True40
LP0020_04	0.0282002667776481	30memhg38	True40
LP0020_05	0.0115086554062554	30memhg38	True40
LP0020_06	0.031152577113081	30memhg38	True40
LP0020_07	0.0109061874710853	30memhg38	True40
LP0020_08	0.0201690174036722	30memhg38	True40
LP0025_01_L004	0.00335142465913676	30memhg38	True40
LP0025_02_L004	0.00894662838242798	30memhg38	True40
LP0025_03_L003	0.00822247703989405	30memhg38	True40
LP0025_04_L004	0.00334582808771852	30memhg38	True40
LP0025_07_L004	0.00463312499999999	30memhg38	True40
LP0025_08_L004	0.00434174592540828	30memhg38	True40
LP0029_02_L004	0.0033402442969897	30memhg38	True40
LP0029_04_L003	0.00772187499999998	30memhg38	True40
LP0029_05_L004	0.00405494430103416	30memhg38	True40
LP0029_06_L003	0.00573495101044766	30memhg38	True40
LP0030_03_L004	0.00264688529795305	30memhg38	True40
LP0030_05_L004	0.00404032466423528	30memhg38	True40
LP0025_05_L003	0.0124608080288496	30memhg38	True40
LP0025_06_L003	0.00543308427846929	30memhg38	True40
LP0025_10_L003	0.042408211957584	30memhg38	True40
LP0025_11_L003	0.00792630793822767	30memhg38	True40
LP0025_12_L003	0.020076875	30memhg38	True40
LP0025_15_L003	0.0587060335607568	30memhg38	True40
LP0025_17_L003	0.0197423217780924	30memhg38	True40
LP0025_21_L004	0.17526780181618	30memhg38	True40
LP0025_24_L003	0.0118757740303234	30memhg38	True40
LP0026_05_L003	0.0162788247509728	30memhg38	True40
LP0026_07_L003	0.00613897634908935	30memhg38	True40
LP0026_08_L003	0.29596833703319	30memhg38	True40
LP0026_22_L003	0.0150559661877002	30memhg38	True40
LP0026_26_L004	0.0663620711022615	30memhg38	True40
LP0026_38_L004	0.0727104685010512	30memhg38	True40
LP0026_42_L004	0.0898172895370259	30memhg38	True40
LP0027_26_L003	0.057141875	30memhg38	True40
LP0027_35_L003	0.0521004990194301	30memhg38	True40
LP0027_39_L003	0.0703952275307635	30memhg38	True40
LP0028_01_L004	0.152429783328435	30memhg38	True40
LP0020_01	0.0175807762601495	30memhg38	TrueDI26830XA
LP0020_02	0.0212572219746747	30memhg38	TrueDI26830XA
LP0020_03	0.044786875	30memhg38	TrueDI26830XA
LP0020_04	0.0324418930991613	30memhg38	TrueDI26830XA
LP0020_05	0.00964877437258139	30memhg38	TrueDI26830XA
LP0020_06	0.0330797360835998	30memhg38	TrueDI26830XA
LP0020_07	0.0125969516931221	30memhg38	TrueDI26830XA
LP0020_08	0.0306689528698657	30memhg38	TrueDI26830XA
LP0025_01_L004	0.00404579807284712	30memhg38	TrueDI26830XA
LP0025_02_L004	0.00951933836417044	30memhg38	TrueDI26830XA
LP0025_03_L003	0.00614399773981519	30memhg38	TrueDI26830XA
LP0025_04_L004	0.00334343347212081	30memhg38	TrueDI26830XA
LP0025_07_L004	0.00403395255197295	30memhg38	TrueDI26830XA
LP0025_08_L004	0.00614902569821185	30memhg38	TrueDI26830XA
LP0029_02_L004	0.00433672453468243	30memhg38	TrueDI26830XA
LP0029_04_L003	0.00713272241162492	30memhg38	TrueDI26830XA
LP0029_05_L004	0.00434266084646351	30memhg38	TrueDI26830XA
LP0029_06_L003	0.00812669753817838	30memhg38	TrueDI26830XA
LP0030_03_L004	0.00264483310554044	30memhg38	TrueDI26830XA
LP0030_05_L004	0.00433946123811355	30memhg38	TrueDI26830XA
LP0025_05_L003	0.0110109622424915	30memhg38	TrueDI26830XA
LP0025_06_L003	0.00433353847956846	30memhg38	TrueDI26830XA
LP0025_10_L003	0.0622026573575051	30memhg38	TrueDI26830XA
LP0025_11_L003	0.0103396017086595	30memhg38	TrueDI26830XA
LP0025_12_L003	0.0166564154594654	30memhg38	TrueDI26830XA
LP0025_15_L003	0.0655701353216158	30memhg38	TrueDI26830XA
LP0025_17_L003	0.0313893587790762	30memhg38	TrueDI26830XA
LP0025_21_L004	0.183086212438221	30memhg38	TrueDI26830XA
LP0025_24_L003	0.00543194640136963	30memhg38	TrueDI26830XA
LP0026_05_L003	0.0253638091934621	30memhg38	TrueDI26830XA
LP0026_07_L003	0.00543194640136962	30memhg38	TrueDI26830XA
LP0026_08_L003	0.301455363023937	30memhg38	TrueDI26830XA
LP0026_22_L003	0.0272082599003465	30memhg38	TrueDI26830XA
LP0026_26_L004	0.0780080942927407	30memhg38	TrueDI26830XA
LP0026_38_L004	0.0981301328822036	30memhg38	TrueDI26830XA
LP0026_42_L004	0.0835622945093745	30memhg38	TrueDI26830XA
LP0027_26_L003	0.057141875	30memhg38	TrueDI26830XA
LP0027_35_L003	0.066861130678322	30memhg38	TrueDI26830XA
LP0027_39_L003	0.0549850207325992	30memhg38	TrueDI26830XA
LP0028_01_L004	0.153744429292584	30memhg38	TrueDI26830XA
LP0020_01	0.00991596149799156	30memhg38noalt	False40
LP0020_02	0.0129978909082611	30memhg38noalt	False40
LP0020_03	0.0227218518746828	30memhg38noalt	False40
LP0020_04	0.0182060220707617	30memhg38noalt	False40
LP0020_05	0.0143019165797668	30memhg38noalt	False40
LP0020_06	0.0240905486406886	30memhg38noalt	False40
LP0020_07	0.00992552903153481	30memhg38noalt	False40
LP0020_08	0.019291777841948	30memhg38noalt	False40
LP0025_01_L004	0.00404488509315383	30memhg38noalt	False40
LP0025_02_L004	0.00852183427846926	30memhg38noalt	False40
LP0025_03_L003	0.00474713916895719	30memhg38noalt	False40
LP0025_04_L004	0.00405036744890223	30memhg38noalt	False40
LP0025_07_L004	0.00514968074872394	30memhg38noalt	False40
LP0025_08_L004	0.00673063881267324	30memhg38noalt	False40
LP0029_02_L004	0.00294100554954012	30memhg38noalt	False40
LP0029_04_L003	0.00433581349072387	30memhg38noalt	False40
LP0029_05_L004	0.00334822505078682	30memhg38noalt	False40
LP0029_06_L003	0.00403941347134128	30memhg38noalt	False40
LP0030_03_L004	0.00364051844834809	30memhg38noalt	False40
LP0030_05_L004	0.00334183836417043	30memhg38noalt	False40
LP0025_05_L003	0.013899375	30memhg38noalt	False40
LP0025_06_L003	0.00333785514543414	30memhg38noalt	False40
LP0025_10_L003	0.0310040904597588	30memhg38noalt	False40
LP0025_11_L003	0.00963962963228087	30memhg38noalt	False40
LP0025_12_L003	0.0186314337448038	30memhg38noalt	False40
LP0025_15_L003	0.0517989949387969	30memhg38noalt	False40
LP0025_17_L003	0.0242371889951726	30memhg38noalt	False40
LP0025_21_L004	0.181011966338333	30memhg38noalt	False40
LP0025_24_L003	0.00772187499999998	30memhg38noalt	False40
LP0026_05_L003	0.0173275876066843	30memhg38noalt	False40
LP0026_07_L003	0.00911850554954012	30memhg38noalt	False40
LP0026_08_L003	0.232547898651568	30memhg38noalt	False40
LP0026_22_L003	0.0132911247177515	30memhg38noalt	False40
LP0026_26_L004	0.0577694591836027	30memhg38noalt	False40
LP0026_38_L004	0.105345105459848	30memhg38noalt	False40
LP0026_42_L004	0.0970133558175677	30memhg38noalt	False40
LP0027_26_L003	0.061799401109827	30memhg38noalt	False40
LP0027_35_L003	0.0575792410320625	30memhg38noalt	False40
LP0027_39_L003	0.0429461481715489	30memhg38noalt	False40
LP0028_01_L004	0.151916181390006	30memhg38noalt	False40
LP0020_01	0.0110335216852363	30memhg38noalt	FalseDI26830XA
LP0020_02	0.0187863857879859	30memhg38noalt	FalseDI26830XA
LP0020_03	0.0249847105537494	30memhg38noalt	FalseDI26830XA
LP0020_04	0.0188181584357022	30memhg38noalt	FalseDI26830XA
LP0020_05	0.014752669999334	30memhg38noalt	FalseDI26830XA
LP0020_06	0.0170589570392322	30memhg38noalt	FalseDI26830XA
LP0020_07	0.00772187500000001	30memhg38noalt	FalseDI26830XA
LP0020_08	0.0183396041712941	30memhg38noalt	FalseDI26830XA
LP0025_01_L004	0.00265031009037665	30memhg38noalt	FalseDI26830XA
LP0025_02_L004	0.00782664977140611	30memhg38noalt	FalseDI26830XA
LP0025_03_L003	0.00294191808176775	30memhg38noalt	FalseDI26830XA
LP0025_04_L004	0.00294237479520082	30memhg38noalt	FalseDI26830XA
LP0025_07_L004	0.00573495101044766	30memhg38noalt	FalseDI26830XA
LP0025_08_L004	0.00434037466505286	30memhg38noalt	FalseDI26830XA
LP0029_02_L004	0.00434083160243871	30memhg38noalt	FalseDI26830XA
LP0029_04_L003	0.00363983393743836	30memhg38noalt	FalseDI26830XA
LP0029_05_L004	0.00364223168376405	30memhg38noalt	FalseDI26830XA
LP0029_06_L003	0.00783177941706025	30memhg38noalt	FalseDI26830XA
LP0030_03_L004	0.00463312499999998	30memhg38noalt	FalseDI26830XA
LP0030_05_L004	0.00294214640117731	30memhg38noalt	FalseDI26830XA
LP0025_05_L003	0.00683677903153483	30memhg38noalt	FalseDI26830XA
LP0025_06_L003	0.00503566657976677	30memhg38noalt	FalseDI26830XA
LP0025_10_L003	0.0312808291432096	30memhg38noalt	FalseDI26830XA
LP0025_11_L003	0.0074295816024387	30memhg38noalt	FalseDI26830XA
LP0025_12_L003	0.0138160699961625	30memhg38noalt	FalseDI26830XA
LP0025_15_L003	0.0621087731907173	30memhg38noalt	FalseDI26830XA
LP0025_17_L003	0.0196739641096404	30memhg38noalt	FalseDI26830XA
LP0025_21_L004	0.180723165036322	30memhg38noalt	FalseDI26830XA
LP0025_24_L003	0.00403759197727679	30memhg38noalt	FalseDI26830XA
LP0026_05_L003	0.0195162884931668	30memhg38noalt	FalseDI26830XA
LP0026_07_L003	0.00853894708680002	30memhg38noalt	FalseDI26830XA
LP0026_08_L003	0.318171450908292	30memhg38noalt	FalseDI26830XA
LP0026_22_L003	0.00810966264379235	30memhg38noalt	FalseDI26830XA
LP0026_26_L004	0.0576485146976618	30memhg38noalt	FalseDI26830XA
LP0026_38_L004	0.0913610130692434	30memhg38noalt	FalseDI26830XA
LP0026_42_L004	0.108333168588014	30memhg38noalt	FalseDI26830XA
LP0027_26_L003	0.0599154196619853	30memhg38noalt	FalseDI26830XA
LP0027_35_L003	0.0385400725340773	30memhg38noalt	FalseDI26830XA
LP0027_39_L003	0.0473880511839045	30memhg38noalt	FalseDI26830XA
LP0028_01_L004	0.159936446730324	30memhg38noalt	FalseDI26830XA
LP0020_01	0.0116664778184659	30memhg38noalt	True40
LP0020_02	0.0128999433981824	30memhg38noalt	True40
LP0020_03	0.0202081953491808	30memhg38noalt	True40
LP0020_04	0.0228792854082741	30memhg38noalt	True40
LP0020_05	0.0235664797404264	30memhg38noalt	True40
LP0020_06	0.0270341152689161	30memhg38noalt	True40
LP0020_07	0.0123127146083424	30memhg38noalt	True40
LP0020_08	0.021371030507561	30memhg38noalt	True40
LP0025_01_L004	0.00544105982331565	30memhg38noalt	True40
LP0025_02_L004	0.0102989594433343	30memhg38noalt	True40
LP0025_03_L003	0.00404579807284712	30memhg38noalt	True40
LP0025_04_L004	0.00224320361141184	30memhg38noalt	True40
LP0025_07_L004	0.00463312500000002	30memhg38noalt	True40
LP0025_08_L004	0.00433763617351138	30memhg38noalt	True40
LP0029_02_L004	0.00404306002811485	30memhg38noalt	True40
LP0029_04_L003	0.00781743747108535	30memhg38noalt	True40
LP0029_05_L004	0.00334502962185949	30memhg38noalt	True40
LP0029_06_L003	0.00363949184960493	30memhg38noalt	True40
LP0030_03_L004	0.00363914987344656	30memhg38noalt	True40
LP0030_05_L004	0.00433581349072388	30memhg38noalt	True40
LP0025_05_L003	0.00613396151317501	30memhg38noalt	True40
LP0025_06_L003	0.00293827508898433	30memhg38noalt	True40
LP0025_10_L003	0.0424302742080834	30memhg38noalt	True40
LP0025_11_L003	0.00852980982331565	30memhg38noalt	True40
LP0025_12_L003	0.0120199642733952	30memhg38noalt	True40
LP0025_15_L003	0.0704822871695927	30memhg38noalt	True40
LP0025_17_L003	0.0412874377908988	30memhg38noalt	True40
LP0025_21_L004	0.179572836350037	30memhg38noalt	True40
LP0025_24_L003	0.00573016724711494	30memhg38noalt	True40
LP0026_05_L003	0.011617419343654	30memhg38noalt	True40
LP0026_07_L003	0.00783177941706026	30memhg38noalt	True40
LP0026_08_L003	0.23501351244749	30memhg38noalt	True40
LP0026_22_L003	0.0132893126952071	30memhg38noalt	True40
LP0026_26_L004	0.0628301331632183	30memhg38noalt	True40
LP0026_38_L004	0.106243205514386	30memhg38noalt	True40
LP0026_42_L004	0.0902734735990227	30memhg38noalt	True40
LP0027_26_L003	0.0524181832462688	30memhg38noalt	True40
LP0027_35_L003	0.0691302173834006	30memhg38noalt	True40
LP0027_39_L003	0.0519826370618803	30memhg38noalt	True40
LP0028_01_L004	0.158114657892468	30memhg38noalt	True40
LP0020_01	0.0133973609383955	30memhg38noalt	TrueDI26830XA
LP0020_02	0.0287188770105413	30memhg38noalt	TrueDI26830XA
LP0020_03	0.0368945115351804	30memhg38noalt	TrueDI26830XA
LP0020_04	0.0216927539597221	30memhg38noalt	TrueDI26830XA
LP0020_05	0.0228737886891994	30memhg38noalt	TrueDI26830XA
LP0020_06	0.0284497736145077	30memhg38noalt	TrueDI26830XA
LP0020_07	0.0123139681125834	30memhg38noalt	TrueDI26830XA
LP0020_08	0.0154652442167106	30memhg38noalt	TrueDI26830XA
LP0025_01_L004	0.00363914987344652	30memhg38noalt	TrueDI26830XA
LP0025_02_L004	0.0102223850931538	30memhg38noalt	TrueDI26830XA
LP0025_03_L003	0.00543650013798648	30memhg38noalt	TrueDI26830XA
LP0025_04_L004	0.00463312499999998	30memhg38noalt	TrueDI26830XA
LP0025_07_L004	0.00473277848908282	30memhg38noalt	TrueDI26830XA
LP0025_08_L004	0.00364223168376402	30memhg38noalt	TrueDI26830XA
LP0029_02_L004	0.00294032193202907	30memhg38noalt	TrueDI26830XA
LP0029_04_L003	0.0054342225268169	30memhg38noalt	TrueDI26830XA
LP0029_05_L004	0.00364120340661264	30memhg38noalt	TrueDI26830XA
LP0029_06_L003	0.00782664977140608	30memhg38noalt	TrueDI26830XA
LP0030_03_L004	0.00404306002811487	30memhg38noalt	TrueDI26830XA
LP0030_05_L004	0.00404762492731292	30memhg38noalt	TrueDI26830XA
LP0025_05_L003	0.00543650013798649	30memhg38noalt	TrueDI26830XA
LP0025_06_L003	0.00463312499999999	30memhg38noalt	TrueDI26830XA
LP0025_10_L003	0.046500791058729	30memhg38noalt	TrueDI26830XA
LP0025_11_L003	0.00602975554954008	30memhg38noalt	TrueDI26830XA
LP0025_12_L003	0.0110150579382277	30memhg38noalt	TrueDI26830XA
LP0025_15_L003	0.0631779548768877	30memhg38noalt	TrueDI26830XA
LP0025_17_L003	0.0252368769029742	30memhg38noalt	TrueDI26830XA
LP0025_21_L004	0.179382259434005	30memhg38noalt	TrueDI26830XA
LP0025_24_L003	0.00363744166586565	30memhg38noalt	TrueDI26830XA
LP0026_05_L003	0.0178978777529637	30memhg38noalt	TrueDI26830XA
LP0026_07_L003	0.0078256248465298	30memhg38noalt	TrueDI26830XA
LP0026_08_L003	0.281307690047533	30memhg38noalt	TrueDI26830XA
LP0026_22_L003	0.010810625	30memhg38noalt	TrueDI26830XA
LP0026_26_L004	0.0622273063309993	30memhg38noalt	TrueDI26830XA
LP0026_38_L004	0.0992441644713211	30memhg38noalt	TrueDI26830XA
LP0026_42_L004	0.0990724463014665	30memhg38noalt	TrueDI26830XA
LP0027_26_L003	0.0491840106768029	30memhg38noalt	TrueDI26830XA
LP0027_35_L003	0.045968978888638	30memhg38noalt	TrueDI26830XA
LP0027_39_L003	0.0527808720595351	30memhg38noalt	TrueDI26830XA
LP0028_01_L004	0.161049275354378	30memhg38noalt	TrueDI26830XA
