sampleID	globlen_mean	ref_genome	settings
LP0020_01	169.42131619439394	0memhg19	False40
LP0020_02	172.87131850176308	0memhg19	False40
LP0020_03	173.00183825401513	0memhg19	False40
LP0020_04	171.0038085524657	0memhg19	False40
LP0020_05	169.3164737385624	0memhg19	False40
LP0020_06	167.6951766699358	0memhg19	False40
LP0020_07	167.08210966889456	0memhg19	False40
LP0020_08	169.1198320373095	0memhg19	False40
LP0025_01_L004	169.5912372171175	0memhg19	False40
LP0025_02_L004	175.37949959844659	0memhg19	False40
LP0025_03_L003	168.35018416893988	0memhg19	False40
LP0025_04_L004	170.34298803488667	0memhg19	False40
LP0025_05_L003	171.99550796799474	0memhg19	False40
LP0025_06_L003	168.23784969186656	0memhg19	False40
LP0025_07_L004	166.21309945694549	0memhg19	False40
LP0025_08_L004	170.09769950144218	0memhg19	False40
LP0025_10_L003	145.37714160425026	0memhg19	False40
LP0025_11_L003	165.94184391916338	0memhg19	False40
LP0025_12_L003	168.49516464054318	0memhg19	False40
LP0025_15_L003	164.97339220193678	0memhg19	False40
LP0025_17_L003	167.2472013167029	0memhg19	False40
LP0025_21_L004	168.8957107754171	0memhg19	False40
LP0025_24_L003	170.99210574375627	0memhg19	False40
LP0026_05_L003	169.12961777243223	0memhg19	False40
LP0026_07_L003	171.11194559190562	0memhg19	False40
LP0026_08_L003	156.15137596117145	0memhg19	False40
LP0026_22_L003	164.33445773799798	0memhg19	False40
LP0026_26_L004	161.44402136567464	0memhg19	False40
LP0026_38_L004	163.92768073884886	0memhg19	False40
LP0026_42_L004	164.69188025673589	0memhg19	False40
LP0027_26_L003	163.11439438633823	0memhg19	False40
LP0027_35_L003	164.80733474001406	0memhg19	False40
LP0027_39_L003	166.3931868389013	0memhg19	False40
LP0028_01_L004	164.0251971122694	0memhg19	False40
LP0029_02_L004	168.27728414844978	0memhg19	False40
LP0029_04_L003	169.3560188876218	0memhg19	False40
LP0029_05_L004	167.61655914338857	0memhg19	False40
LP0029_06_L003	165.83481960643653	0memhg19	False40
LP0030_03_L004	167.4051203939699	0memhg19	False40
LP0030_05_L004	168.67002828680359	0memhg19	False40
LP0020_01	169.56930844634007	0memhg19	FalseDI26830XA
LP0020_02	173.10518355417108	0memhg19	FalseDI26830XA
LP0020_03	173.15298008782472	0memhg19	FalseDI26830XA
LP0020_04	171.1876115362274	0memhg19	FalseDI26830XA
LP0020_05	169.44279064566925	0memhg19	FalseDI26830XA
LP0020_06	167.79973189979927	0memhg19	FalseDI26830XA
LP0020_07	167.17091308589877	0memhg19	FalseDI26830XA
LP0020_08	169.25573158059674	0memhg19	FalseDI26830XA
LP0025_01_L004	169.662778686684	0memhg19	FalseDI26830XA
LP0025_02_L004	175.49523510849488	0memhg19	FalseDI26830XA
LP0025_03_L003	168.4717514307717	0memhg19	FalseDI26830XA
LP0025_04_L004	170.41724239534145	0memhg19	FalseDI26830XA
LP0025_05_L003	172.12927991271349	0memhg19	FalseDI26830XA
LP0025_06_L003	168.34580024617233	0memhg19	FalseDI26830XA
LP0025_07_L004	166.27393094616193	0memhg19	FalseDI26830XA
LP0025_08_L004	170.19643025942653	0memhg19	FalseDI26830XA
LP0025_10_L003	145.26454777062463	0memhg19	FalseDI26830XA
LP0025_11_L003	165.98688361681604	0memhg19	FalseDI26830XA
LP0025_12_L003	168.55258034353346	0memhg19	FalseDI26830XA
LP0025_15_L003	165.00602980534578	0memhg19	FalseDI26830XA
LP0025_17_L003	167.32076696075984	0memhg19	FalseDI26830XA
LP0025_21_L004	168.94217799157823	0memhg19	FalseDI26830XA
LP0025_24_L003	171.07911217307284	0memhg19	FalseDI26830XA
LP0026_05_L003	169.2043305165284	0memhg19	FalseDI26830XA
LP0026_07_L003	171.18918129535788	0memhg19	FalseDI26830XA
LP0026_08_L003	156.14182893986796	0memhg19	FalseDI26830XA
LP0026_22_L003	164.3790234866812	0memhg19	FalseDI26830XA
LP0026_26_L004	161.4337846152275	0memhg19	FalseDI26830XA
LP0026_38_L004	164.01651075225885	0memhg19	FalseDI26830XA
LP0026_42_L004	164.76239393240726	0memhg19	FalseDI26830XA
LP0027_26_L003	163.19955621062982	0memhg19	FalseDI26830XA
LP0027_35_L003	164.9003598399688	0memhg19	FalseDI26830XA
LP0027_39_L003	166.47329408731522	0memhg19	FalseDI26830XA
LP0028_01_L004	164.05999803712808	0memhg19	FalseDI26830XA
LP0029_02_L004	168.36300893775112	0memhg19	FalseDI26830XA
LP0029_04_L003	169.45476903088095	0memhg19	FalseDI26830XA
LP0029_05_L004	167.6850525916755	0memhg19	FalseDI26830XA
LP0029_06_L003	165.90981725081664	0memhg19	FalseDI26830XA
LP0030_03_L004	167.46079311715644	0memhg19	FalseDI26830XA
LP0030_05_L004	168.73676049721806	0memhg19	FalseDI26830XA
LP0020_01	169.34345959341277	0memhg19	True40
LP0020_02	172.8501806538037	0memhg19	True40
LP0020_03	172.8893635274529	0memhg19	True40
LP0020_04	171.00743227677677	0memhg19	True40
LP0020_05	169.25362831246355	0memhg19	True40
LP0020_06	167.5772418036651	0memhg19	True40
LP0020_07	167.02040992397053	0memhg19	True40
LP0020_08	169.08014075586595	0memhg19	True40
LP0025_01_L004	169.55768809285337	0memhg19	True40
LP0025_02_L004	175.3651126815179	0memhg19	True40
LP0025_03_L003	168.34502651858676	0memhg19	True40
LP0025_04_L004	170.30373216742274	0memhg19	True40
LP0025_05_L003	171.97950167359292	0memhg19	True40
LP0025_06_L003	168.2339653673551	0memhg19	True40
LP0025_07_L004	166.16981548547562	0memhg19	True40
LP0025_08_L004	170.0739787914915	0memhg19	True40
LP0025_10_L003	145.38724028554907	0memhg19	True40
LP0025_11_L003	165.92009562789363	0memhg19	True40
LP0025_12_L003	168.44892351223405	0memhg19	True40
LP0025_15_L003	164.95995738278802	0memhg19	True40
LP0025_17_L003	167.2160475725554	0memhg19	True40
LP0025_21_L004	168.8439323209772	0memhg19	True40
LP0025_24_L003	170.9560976768849	0memhg19	True40
LP0026_05_L003	169.0827396756596	0memhg19	True40
LP0026_07_L003	171.07480960834403	0memhg19	True40
LP0026_08_L003	156.15629538770486	0memhg19	True40
LP0026_22_L003	164.30543737746896	0memhg19	True40
LP0026_26_L004	161.41892497319586	0memhg19	True40
LP0026_38_L004	163.91714081658293	0memhg19	True40
LP0026_42_L004	164.70745767694834	0memhg19	True40
LP0027_26_L003	163.1583319001992	0memhg19	True40
LP0027_35_L003	164.84423264684042	0memhg19	True40
LP0027_39_L003	166.42014093832876	0memhg19	True40
LP0028_01_L004	164.02219348139707	0memhg19	True40
LP0029_02_L004	168.26447640795715	0memhg19	True40
LP0029_04_L003	169.33634190473305	0memhg19	True40
LP0029_05_L004	167.5756549252344	0memhg19	True40
LP0029_06_L003	165.83733313520074	0memhg19	True40
LP0030_03_L004	167.39618965966312	0memhg19	True40
LP0030_05_L004	168.62498489694588	0memhg19	True40
LP0020_01	169.5062579848142	0memhg19	TrueDI26830XA
LP0020_02	173.06272228094068	0memhg19	TrueDI26830XA
LP0020_03	173.04476649299227	0memhg19	TrueDI26830XA
LP0020_04	171.2009542208663	0memhg19	TrueDI26830XA
LP0020_05	169.4100140776113	0memhg19	TrueDI26830XA
LP0020_06	167.70450409119442	0memhg19	TrueDI26830XA
LP0020_07	167.12363868469708	0memhg19	TrueDI26830XA
LP0020_08	169.21430224580152	0memhg19	TrueDI26830XA
LP0025_01_L004	169.63280510408947	0memhg19	TrueDI26830XA
LP0025_02_L004	175.46678474795112	0memhg19	TrueDI26830XA
LP0025_03_L003	168.43761227243303	0memhg19	TrueDI26830XA
LP0025_04_L004	170.37319040334626	0memhg19	TrueDI26830XA
LP0025_05_L003	172.1011502913868	0memhg19	TrueDI26830XA
LP0025_06_L003	168.32814620779007	0memhg19	TrueDI26830XA
LP0025_07_L004	166.20155856164342	0memhg19	TrueDI26830XA
LP0025_08_L004	170.16945686699424	0memhg19	TrueDI26830XA
LP0025_10_L003	145.25271757986442	0memhg19	TrueDI26830XA
LP0025_11_L003	165.96296282200106	0memhg19	TrueDI26830XA
LP0025_12_L003	168.51473795070353	0memhg19	TrueDI26830XA
LP0025_15_L003	164.988172767711	0memhg19	TrueDI26830XA
LP0025_17_L003	167.28906683410497	0memhg19	TrueDI26830XA
LP0025_21_L004	168.88781995849186	0memhg19	TrueDI26830XA
LP0025_24_L003	171.02577937979802	0memhg19	TrueDI26830XA
LP0026_05_L003	169.14744220458766	0memhg19	TrueDI26830XA
LP0026_07_L003	171.14607374713992	0memhg19	TrueDI26830XA
LP0026_08_L003	156.12548221366012	0memhg19	TrueDI26830XA
LP0026_22_L003	164.33276186554536	0memhg19	TrueDI26830XA
LP0026_26_L004	161.41239109019054	0memhg19	TrueDI26830XA
LP0026_38_L004	163.98572319071687	0memhg19	TrueDI26830XA
LP0026_42_L004	164.75057337077976	0memhg19	TrueDI26830XA
LP0027_26_L003	163.21735175591527	0memhg19	TrueDI26830XA
LP0027_35_L003	164.91538587520245	0memhg19	TrueDI26830XA
LP0027_39_L003	166.49122580726745	0memhg19	TrueDI26830XA
LP0028_01_L004	164.04227145656952	0memhg19	TrueDI26830XA
LP0029_02_L004	168.33247587612732	0memhg19	TrueDI26830XA
LP0029_04_L003	169.42991606494886	0memhg19	TrueDI26830XA
LP0029_05_L004	167.64278939227378	0memhg19	TrueDI26830XA
LP0029_06_L003	165.87827880063642	0memhg19	TrueDI26830XA
LP0030_03_L004	167.42282935511554	0memhg19	TrueDI26830XA
LP0030_05_L004	168.68658795568103	0memhg19	TrueDI26830XA
LP0020_01	169.71143100813495	0memhg19decoy	False40
LP0020_02	173.19838423761476	0memhg19decoy	False40
LP0020_03	173.31959218168603	0memhg19decoy	False40
LP0020_04	171.30424239565954	0memhg19decoy	False40
LP0020_05	169.58969595494784	0memhg19decoy	False40
LP0020_06	167.97175575968447	0memhg19decoy	False40
LP0020_07	167.36252218904633	0memhg19decoy	False40
LP0020_08	169.44125026865083	0memhg19decoy	False40
LP0025_01_L004	169.79047070539818	0memhg19decoy	False40
LP0025_02_L004	175.65683247280623	0memhg19decoy	False40
LP0025_03_L003	168.6162144973586	0memhg19decoy	False40
LP0025_04_L004	170.55892779152714	0memhg19decoy	False40
LP0025_05_L003	172.30147846074368	0memhg19decoy	False40
LP0025_06_L003	168.50371957804606	0memhg19decoy	False40
LP0025_07_L004	166.40273151850178	0memhg19decoy	False40
LP0025_08_L004	170.34771308745528	0memhg19decoy	False40
LP0025_10_L003	145.44447975421406	0memhg19decoy	False40
LP0025_11_L003	166.15091468281418	0memhg19decoy	False40
LP0025_12_L003	168.69813126720086	0memhg19decoy	False40
LP0025_15_L003	165.18160838876102	0memhg19decoy	False40
LP0025_17_L003	167.48362136005713	0memhg19decoy	False40
LP0025_21_L004	169.10469871898837	0memhg19decoy	False40
LP0025_24_L003	171.23288423997417	0memhg19decoy	False40
LP0026_05_L003	169.33666409158621	0memhg19decoy	False40
LP0026_07_L003	171.32282488328372	0memhg19decoy	False40
LP0026_08_L003	156.33664665956135	0memhg19decoy	False40
LP0026_22_L003	164.55755508984262	0memhg19decoy	False40
LP0026_26_L004	161.604656253157	0memhg19decoy	False40
LP0026_38_L004	164.17891724075523	0memhg19decoy	False40
LP0026_42_L004	164.94525452022285	0memhg19decoy	False40
LP0027_26_L003	163.36355570518282	0memhg19decoy	False40
LP0027_35_L003	165.04498780299699	0memhg19decoy	False40
LP0027_39_L003	166.6501806130113	0memhg19decoy	False40
LP0028_01_L004	164.23452027463176	0memhg19decoy	False40
LP0029_02_L004	168.50161634029217	0memhg19decoy	False40
LP0029_04_L003	169.59454183409008	0memhg19decoy	False40
LP0029_05_L004	167.82315177896484	0memhg19decoy	False40
LP0029_06_L003	166.08527228595779	0memhg19decoy	False40
LP0030_03_L004	167.57698752537885	0memhg19decoy	False40
LP0030_05_L004	168.86942317984037	0memhg19decoy	False40
LP0020_01	169.6739759822757	0memhg19decoy	FalseDI26830XA
LP0020_02	173.21608620035272	0memhg19decoy	FalseDI26830XA
LP0020_03	173.26378060495836	0memhg19decoy	FalseDI26830XA
LP0020_04	171.3016156954492	0memhg19decoy	FalseDI26830XA
LP0020_05	169.54668678971996	0memhg19decoy	FalseDI26830XA
LP0020_06	167.90184593539226	0memhg19decoy	FalseDI26830XA
LP0020_07	167.28062377236574	0memhg19decoy	FalseDI26830XA
LP0020_08	169.38176865380336	0memhg19decoy	FalseDI26830XA
LP0025_01_L004	169.7443322606649	0memhg19decoy	FalseDI26830XA
LP0025_02_L004	175.6024084702517	0memhg19decoy	FalseDI26830XA
LP0025_03_L003	168.5693627827925	0memhg19decoy	FalseDI26830XA
LP0025_04_L004	170.50260940114862	0memhg19decoy	FalseDI26830XA
LP0025_05_L003	172.24752485879347	0memhg19decoy	FalseDI26830XA
LP0025_06_L003	168.4466203526193	0memhg19decoy	FalseDI26830XA
LP0025_07_L004	166.34738568204207	0memhg19decoy	FalseDI26830XA
LP0025_08_L004	170.28852683403008	0memhg19decoy	FalseDI26830XA
LP0025_10_L003	145.29092260202123	0memhg19decoy	FalseDI26830XA
LP0025_11_L003	166.06932848156453	0memhg19decoy	FalseDI26830XA
LP0025_12_L003	168.63216387575892	0memhg19decoy	FalseDI26830XA
LP0025_15_L003	165.0882347223248	0memhg19decoy	FalseDI26830XA
LP0025_17_L003	167.41093180290468	0memhg19decoy	FalseDI26830XA
LP0025_21_L004	169.02397261675043	0memhg19decoy	FalseDI26830XA
LP0025_24_L003	171.17473328074766	0memhg19decoy	FalseDI26830XA
LP0026_05_L003	169.2849203183123	0memhg19decoy	FalseDI26830XA
LP0026_07_L003	171.26705268885942	0memhg19decoy	FalseDI26830XA
LP0026_08_L003	156.22195015904254	0memhg19decoy	FalseDI26830XA
LP0026_22_L003	164.4659281204002	0memhg19decoy	FalseDI26830XA
LP0026_26_L004	161.50130231456816	0memhg19decoy	FalseDI26830XA
LP0026_38_L004	164.1098175261898	0memhg19decoy	FalseDI26830XA
LP0026_42_L004	164.86112220770667	0memhg19decoy	FalseDI26830XA
LP0027_26_L003	163.29036822029582	0memhg19decoy	FalseDI26830XA
LP0027_35_L003	164.98573494496537	0memhg19decoy	FalseDI26830XA
LP0027_39_L003	166.57093947881617	0memhg19decoy	FalseDI26830XA
LP0028_01_L004	164.14187352735786	0memhg19decoy	FalseDI26830XA
LP0029_02_L004	168.45149117638806	0memhg19decoy	FalseDI26830XA
LP0029_04_L003	169.5446727262616	0memhg19decoy	FalseDI26830XA
LP0029_05_L004	167.76566906637277	0memhg19decoy	FalseDI26830XA
LP0029_06_L003	166.01044994402258	0memhg19decoy	FalseDI26830XA
LP0030_03_L004	167.533221816915	0memhg19decoy	FalseDI26830XA
LP0030_05_L004	168.81532169833287	0memhg19decoy	FalseDI26830XA
LP0020_01	169.62629813029633	0memhg19decoy	True40
LP0020_02	173.1418563703554	0memhg19decoy	True40
LP0020_03	173.22293781371084	0memhg19decoy	True40
LP0020_04	171.27911364229163	0memhg19decoy	True40
LP0020_05	169.51326819430267	0memhg19decoy	True40
LP0020_06	167.82941845180542	0memhg19decoy	True40
LP0020_07	167.2842660990467	0memhg19decoy	True40
LP0020_08	169.39349712865757	0memhg19decoy	True40
LP0025_01_L004	169.75221852917488	0memhg19decoy	True40
LP0025_02_L004	175.62834929206306	0memhg19decoy	True40
LP0025_03_L003	168.552062944894	0memhg19decoy	True40
LP0025_04_L004	170.50346651462124	0memhg19decoy	True40
LP0025_05_L003	172.24499557571755	0memhg19decoy	True40
LP0025_06_L003	168.452752927801	0memhg19decoy	True40
LP0025_07_L004	166.3262329736075	0memhg19decoy	True40
LP0025_08_L004	170.2997701342199	0memhg19decoy	True40
LP0025_10_L003	145.38842250865497	0memhg19decoy	True40
LP0025_11_L003	166.10834102946447	0memhg19decoy	True40
LP0025_12_L003	168.65183289162002	0memhg19decoy	True40
LP0025_15_L003	165.1500347147406	0memhg19decoy	True40
LP0025_17_L003	167.43623657482112	0memhg19decoy	True40
LP0025_21_L004	169.02197211540636	0memhg19decoy	True40
LP0025_24_L003	171.1717056058625	0memhg19decoy	True40
LP0026_05_L003	169.2766427122622	0memhg19decoy	True40
LP0026_07_L003	171.2669786700956	0memhg19decoy	True40
LP0026_08_L003	156.28956492010738	0memhg19decoy	True40
LP0026_22_L003	164.47191287045246	0memhg19decoy	True40
LP0026_26_L004	161.56424784549878	0memhg19decoy	True40
LP0026_38_L004	164.13032312322332	0memhg19decoy	True40
LP0026_42_L004	164.90886613568418	0memhg19decoy	True40
LP0027_26_L003	163.3424647143599	0memhg19decoy	True40
LP0027_35_L003	165.03365589754003	0memhg19decoy	True40
LP0027_39_L003	166.62567722615782	0memhg19decoy	True40
LP0028_01_L004	164.18100479580843	0memhg19decoy	True40
LP0029_02_L004	168.4597750521196	0memhg19decoy	True40
LP0029_04_L003	169.53982876590305	0memhg19decoy	True40
LP0029_05_L004	167.77460594547415	0memhg19decoy	True40
LP0029_06_L003	166.03956555290117	0memhg19decoy	True40
LP0030_03_L004	167.52325717019713	0memhg19decoy	True40
LP0030_05_L004	168.8092595436544	0memhg19decoy	True40
LP0020_01	169.5947160650285	0memhg19decoy	TrueDI26830XA
LP0020_02	173.16454614191017	0memhg19decoy	TrueDI26830XA
LP0020_03	173.16502748294974	0memhg19decoy	TrueDI26830XA
LP0020_04	171.2837612202892	0memhg19decoy	TrueDI26830XA
LP0020_05	169.49444484865143	0memhg19decoy	TrueDI26830XA
LP0020_06	167.7910915111513	0memhg19decoy	TrueDI26830XA
LP0020_07	167.20988555373725	0memhg19decoy	TrueDI26830XA
LP0020_08	169.3382313335259	0memhg19decoy	TrueDI26830XA
LP0025_01_L004	169.70134641934823	0memhg19decoy	TrueDI26830XA
LP0025_02_L004	175.56048246213675	0memhg19decoy	TrueDI26830XA
LP0025_03_L003	168.50683128199802	0memhg19decoy	TrueDI26830XA
LP0025_04_L004	170.44700655226862	0memhg19decoy	TrueDI26830XA
LP0025_05_L003	172.21068152339734	0memhg19decoy	TrueDI26830XA
LP0025_06_L003	168.40348213065798	0memhg19decoy	TrueDI26830XA
LP0025_07_L004	166.26537838616247	0memhg19decoy	TrueDI26830XA
LP0025_08_L004	170.24547553209706	0memhg19decoy	TrueDI26830XA
LP0025_10_L003	145.2428044057859	0memhg19decoy	TrueDI26830XA
LP0025_11_L003	166.02899206058447	0memhg19decoy	TrueDI26830XA
LP0025_12_L003	168.58229965841537	0memhg19decoy	TrueDI26830XA
LP0025_15_L003	165.05986219279774	0memhg19decoy	TrueDI26830XA
LP0025_17_L003	167.36928167001597	0memhg19decoy	TrueDI26830XA
LP0025_21_L004	168.94601212273244	0memhg19decoy	TrueDI26830XA
LP0025_24_L003	171.10864168686663	0memhg19decoy	TrueDI26830XA
LP0026_05_L003	169.21614099824959	0memhg19decoy	TrueDI26830XA
LP0026_07_L003	171.2151260770777	0memhg19decoy	TrueDI26830XA
LP0026_08_L003	156.1765282252087	0memhg19decoy	TrueDI26830XA
LP0026_22_L003	164.39479214338417	0memhg19decoy	TrueDI26830XA
LP0026_26_L004	161.46426022820074	0memhg19decoy	TrueDI26830XA
LP0026_38_L004	164.05448322368093	0memhg19decoy	TrueDI26830XA
LP0026_42_L004	164.8214514737628	0memhg19decoy	TrueDI26830XA
LP0027_26_L003	163.26974829008248	0memhg19decoy	TrueDI26830XA
LP0027_35_L003	164.98685409345308	0memhg19decoy	TrueDI26830XA
LP0027_39_L003	166.5610872543253	0memhg19decoy	TrueDI26830XA
LP0028_01_L004	164.09540175843958	0memhg19decoy	TrueDI26830XA
LP0029_02_L004	168.41462141525315	0memhg19decoy	TrueDI26830XA
LP0029_04_L003	169.50769613233018	0memhg19decoy	TrueDI26830XA
LP0029_05_L004	167.70968098552882	0memhg19decoy	TrueDI26830XA
LP0029_06_L003	165.96366452523966	0memhg19decoy	TrueDI26830XA
LP0030_03_L004	167.48834447566492	0memhg19decoy	TrueDI26830XA
LP0030_05_L004	168.75256459573552	0memhg19decoy	TrueDI26830XA
LP0020_01	169.64075774582471	0memhg38	False40
LP0020_02	173.1195219178007	0memhg38	False40
LP0020_03	173.24105187576234	0memhg38	False40
LP0020_04	171.22434642667594	0memhg38	False40
LP0020_05	169.52245198178187	0memhg38	False40
LP0020_06	167.90614563211392	0memhg38	False40
LP0020_07	167.2777097381631	0memhg38	False40
LP0020_08	169.3379063970227	0memhg38	False40
LP0025_01_L004	169.7363704187043	0memhg38	False40
LP0025_02_L004	175.55749564198905	0memhg38	False40
LP0025_03_L003	168.55058934722388	0memhg38	False40
LP0025_04_L004	170.50185325528577	0memhg38	False40
LP0025_05_L003	172.22718713692393	0memhg38	False40
LP0025_06_L003	168.43845454183165	0memhg38	False40
LP0025_07_L004	166.35322968050693	0memhg38	False40
LP0025_08_L004	170.27598772581567	0memhg38	False40
LP0025_10_L003	145.41770089322478	0memhg38	False40
LP0025_11_L003	166.10397220691385	0memhg38	False40
LP0025_12_L003	168.65018573225305	0memhg38	False40
LP0025_15_L003	165.1409582949317	0memhg38	False40
LP0025_17_L003	167.42446422653566	0memhg38	False40
LP0025_21_L004	169.04988068937215	0memhg38	False40
LP0025_24_L003	171.18686724654214	0memhg38	False40
LP0026_05_L003	169.29070717334594	0memhg38	False40
LP0026_07_L003	171.26199417186294	0memhg38	False40
LP0026_08_L003	156.28904858738355	0memhg38	False40
LP0026_22_L003	164.50787103271145	0memhg38	False40
LP0026_26_L004	161.58181085327433	0memhg38	False40
LP0026_38_L004	164.1337460081517	0memhg38	False40
LP0026_42_L004	164.89220430337406	0memhg38	False40
LP0027_26_L003	163.31744701560166	0memhg38	False40
LP0027_35_L003	164.99703614436402	0memhg38	False40
LP0027_39_L003	166.59577754234584	0memhg38	False40
LP0028_01_L004	164.1701128433335	0memhg38	False40
LP0029_02_L004	168.4398786870336	0memhg38	False40
LP0029_04_L003	169.5427803880134	0memhg38	False40
LP0029_05_L004	167.76592011766184	0memhg38	False40
LP0029_06_L003	166.02977168929235	0memhg38	False40
LP0030_03_L004	167.53384517578053	0memhg38	False40
LP0030_05_L004	168.81813372243855	0memhg38	False40
LP0020_01	169.6490400616958	0memhg38	FalseDI26830XA
LP0020_02	173.19588120167862	0memhg38	FalseDI26830XA
LP0020_03	173.23835900836932	0memhg38	FalseDI26830XA
LP0020_04	171.27225436399277	0memhg38	FalseDI26830XA
LP0020_05	169.52421120579422	0memhg38	FalseDI26830XA
LP0020_06	167.8755343504434	0memhg38	FalseDI26830XA
LP0020_07	167.25005868074823	0memhg38	FalseDI26830XA
LP0020_08	169.33672775782858	0memhg38	FalseDI26830XA
LP0025_01_L004	169.72334391539925	0memhg38	FalseDI26830XA
LP0025_02_L004	175.55882685957874	0memhg38	FalseDI26830XA
LP0025_03_L003	168.5483073255425	0memhg38	FalseDI26830XA
LP0025_04_L004	170.4783581853461	0memhg38	FalseDI26830XA
LP0025_05_L003	172.21984186359177	0memhg38	FalseDI26830XA
LP0025_06_L003	168.4200748177122	0memhg38	FalseDI26830XA
LP0025_07_L004	166.32877797283936	0memhg38	FalseDI26830XA
LP0025_08_L004	170.2585096793291	0memhg38	FalseDI26830XA
LP0025_10_L003	145.28259378012413	0memhg38	FalseDI26830XA
LP0025_11_L003	166.04605078422722	0memhg38	FalseDI26830XA
LP0025_12_L003	168.60440606638394	0memhg38	FalseDI26830XA
LP0025_15_L003	165.072522911757	0memhg38	FalseDI26830XA
LP0025_17_L003	167.3864700374532	0memhg38	FalseDI26830XA
LP0025_21_L004	169.00935259733097	0memhg38	FalseDI26830XA
LP0025_24_L003	171.1554943734479	0memhg38	FalseDI26830XA
LP0026_05_L003	169.26470657624665	0memhg38	FalseDI26830XA
LP0026_07_L003	171.24934558470002	0memhg38	FalseDI26830XA
LP0026_08_L003	156.2012147364017	0memhg38	FalseDI26830XA
LP0026_22_L003	164.44065832642804	0memhg38	FalseDI26830XA
LP0026_26_L004	161.49224850592424	0memhg38	FalseDI26830XA
LP0026_38_L004	164.0895059477862	0memhg38	FalseDI26830XA
LP0026_42_L004	164.83545176475397	0memhg38	FalseDI26830XA
LP0027_26_L003	163.26859829511395	0memhg38	FalseDI26830XA
LP0027_35_L003	164.96080493645468	0memhg38	FalseDI26830XA
LP0027_39_L003	166.5417008009753	0memhg38	FalseDI26830XA
LP0028_01_L004	164.12512997474775	0memhg38	FalseDI26830XA
LP0029_02_L004	168.42965942197128	0memhg38	FalseDI26830XA
LP0029_04_L003	169.52427308201231	0memhg38	FalseDI26830XA
LP0029_05_L004	167.7479883182266	0memhg38	FalseDI26830XA
LP0029_06_L003	165.9940807397633	0memhg38	FalseDI26830XA
LP0030_03_L004	167.51745599571	0memhg38	FalseDI26830XA
LP0030_05_L004	168.7906009186501	0memhg38	FalseDI26830XA
LP0020_01	169.56576769592303	0memhg38	True40
LP0020_02	173.0772743205093	0memhg38	True40
LP0020_03	173.15445252823395	0memhg38	True40
LP0020_04	171.19291411961166	0memhg38	True40
LP0020_05	169.45109334346947	0memhg38	True40
LP0020_06	167.7599707308696	0memhg38	True40
LP0020_07	167.2035185732644	0memhg38	True40
LP0020_08	169.2687170842643	0memhg38	True40
LP0025_01_L004	169.69030595209503	0memhg38	True40
LP0025_02_L004	175.54076628047113	0memhg38	True40
LP0025_03_L003	168.51536972015262	0memhg38	True40
LP0025_04_L004	170.44891536393118	0memhg38	True40
LP0025_05_L003	172.1862837301032	0memhg38	True40
LP0025_06_L003	168.40077384788583	0memhg38	True40
LP0025_07_L004	166.2842071382996	0memhg38	True40
LP0025_08_L004	170.25382128266057	0memhg38	True40
LP0025_10_L003	145.3918480640555	0memhg38	True40
LP0025_11_L003	166.0656459241613	0memhg38	True40
LP0025_12_L003	168.601828847077	0memhg38	True40
LP0025_15_L003	165.12026962065735	0memhg38	True40
LP0025_17_L003	167.38267539327134	0memhg38	True40
LP0025_21_L004	168.9855498079864	0memhg38	True40
LP0025_24_L003	171.13061316416733	0memhg38	True40
LP0026_05_L003	169.2334171378953	0memhg38	True40
LP0026_07_L003	171.21398328957937	0memhg38	True40
LP0026_08_L003	156.25682533830837	0memhg38	True40
LP0026_22_L003	164.44224918854584	0memhg38	True40
LP0026_26_L004	161.55045073466573	0memhg38	True40
LP0026_38_L004	164.09065552486626	0memhg38	True40
LP0026_42_L004	164.87336611207195	0memhg38	True40
LP0027_26_L003	163.3142886078715	0memhg38	True40
LP0027_35_L003	164.9973415595071	0memhg38	True40
LP0027_39_L003	166.59554673455074	0memhg38	True40
LP0028_01_L004	164.13037413303783	0memhg38	True40
LP0029_02_L004	168.41216624702642	0memhg38	True40
LP0029_04_L003	169.49306952501468	0memhg38	True40
LP0029_05_L004	167.71673979823038	0memhg38	True40
LP0029_06_L003	165.98553711806107	0memhg38	True40
LP0030_03_L004	167.49450577544332	0memhg38	True40
LP0030_05_L004	168.75486975594202	0memhg38	True40
LP0020_01	169.57089482634169	0memhg38	TrueDI26830XA
LP0020_02	173.15769888688567	0memhg38	TrueDI26830XA
LP0020_03	173.12030507882983	0memhg38	TrueDI26830XA
LP0020_04	171.22280167052094	0memhg38	TrueDI26830XA
LP0020_05	169.433170993826	0memhg38	TrueDI26830XA
LP0020_06	167.7133517578323	0memhg38	TrueDI26830XA
LP0020_07	167.17193614955414	0memhg38	TrueDI26830XA
LP0020_08	169.2755714074668	0memhg38	TrueDI26830XA
LP0025_01_L004	169.68534368842614	0memhg38	TrueDI26830XA
LP0025_02_L004	175.53775563149154	0memhg38	TrueDI26830XA
LP0025_03_L003	168.48513082983953	0memhg38	TrueDI26830XA
LP0025_04_L004	170.4139738486727	0memhg38	TrueDI26830XA
LP0025_05_L003	172.17456604101307	0memhg38	TrueDI26830XA
LP0025_06_L003	168.3594336092639	0memhg38	TrueDI26830XA
LP0025_07_L004	166.2422575243245	0memhg38	TrueDI26830XA
LP0025_08_L004	170.2313407714086	0memhg38	TrueDI26830XA
LP0025_10_L003	145.23743226374827	0memhg38	TrueDI26830XA
LP0025_11_L003	165.99973067181844	0memhg38	TrueDI26830XA
LP0025_12_L003	168.55428365824937	0memhg38	TrueDI26830XA
LP0025_15_L003	165.04390879905654	0memhg38	TrueDI26830XA
LP0025_17_L003	167.3460945896375	0memhg38	TrueDI26830XA
LP0025_21_L004	168.9364204818147	0memhg38	TrueDI26830XA
LP0025_24_L003	171.10490921129022	0memhg38	TrueDI26830XA
LP0026_05_L003	169.19780924539364	0memhg38	TrueDI26830XA
LP0026_07_L003	171.1907852824156	0memhg38	TrueDI26830XA
LP0026_08_L003	156.1581158163259	0memhg38	TrueDI26830XA
LP0026_22_L003	164.36081388190252	0memhg38	TrueDI26830XA
LP0026_26_L004	161.43930059368816	0memhg38	TrueDI26830XA
LP0026_38_L004	164.04763055119378	0memhg38	TrueDI26830XA
LP0026_42_L004	164.79285703574755	0memhg38	TrueDI26830XA
LP0027_26_L003	163.25459271590876	0memhg38	TrueDI26830XA
LP0027_35_L003	164.95657919343313	0memhg38	TrueDI26830XA
LP0027_39_L003	166.53811802026348	0memhg38	TrueDI26830XA
LP0028_01_L004	164.06800994759476	0memhg38	TrueDI26830XA
LP0029_02_L004	168.3994733297379	0memhg38	TrueDI26830XA
LP0029_04_L003	169.48413241809453	0memhg38	TrueDI26830XA
LP0029_05_L004	167.69832720608775	0memhg38	TrueDI26830XA
LP0029_06_L003	165.94198188030973	0memhg38	TrueDI26830XA
LP0030_03_L004	167.4627254623339	0memhg38	TrueDI26830XA
LP0030_05_L004	168.7158364954481	0memhg38	TrueDI26830XA
LP0020_01	169.57088104819752	0memhg38noalt	False40
LP0020_02	173.031602389669	0memhg38noalt	False40
LP0020_03	173.16757351246005	0memhg38noalt	False40
LP0020_04	171.16022602170347	0memhg38noalt	False40
LP0020_05	169.46067680137486	0memhg38noalt	False40
LP0020_06	167.8441461871696	0memhg38noalt	False40
LP0020_07	167.22069519958552	0memhg38noalt	False40
LP0020_08	169.2842143088234	0memhg38noalt	False40
LP0025_01_L004	169.68202877599978	0memhg38noalt	False40
LP0025_02_L004	175.49620113405834	0memhg38noalt	False40
LP0025_03_L003	168.48073835243653	0memhg38noalt	False40
LP0025_04_L004	170.45088066089195	0memhg38noalt	False40
LP0025_05_L003	172.15266228881615	0memhg38noalt	False40
LP0025_06_L003	168.36549014536894	0memhg38noalt	False40
LP0025_07_L004	166.30179228746223	0memhg38noalt	False40
LP0025_08_L004	170.20077263490043	0memhg38noalt	False40
LP0025_10_L003	145.403493962082	0memhg38noalt	False40
LP0025_11_L003	166.04781656282893	0memhg38noalt	False40
LP0025_12_L003	168.59647382272553	0memhg38noalt	False40
LP0025_15_L003	165.08464301777062	0memhg38noalt	False40
LP0025_17_L003	167.35384948799913	0memhg38noalt	False40
LP0025_21_L004	168.99508166947172	0memhg38noalt	False40
LP0025_24_L003	171.12638771123775	0memhg38noalt	False40
LP0026_05_L003	169.22134929513393	0memhg38noalt	False40
LP0026_07_L003	171.19393358484152	0memhg38noalt	False40
LP0026_08_L003	156.24464219622485	0memhg38noalt	False40
LP0026_22_L003	164.46236999045803	0memhg38noalt	False40
LP0026_26_L004	161.53402044423237	0memhg38noalt	False40
LP0026_38_L004	164.05026370803103	0memhg38noalt	False40
LP0026_42_L004	164.83243601733727	0memhg38noalt	False40
LP0027_26_L003	163.23649707421686	0memhg38noalt	False40
LP0027_35_L003	164.93162523189065	0memhg38noalt	False40
LP0027_39_L003	166.52603584289977	0memhg38noalt	False40
LP0028_01_L004	164.11708240567225	0memhg38noalt	False40
LP0029_02_L004	168.37417698077664	0memhg38noalt	False40
LP0029_04_L003	169.48482512766162	0memhg38noalt	False40
LP0029_05_L004	167.72075997908314	0memhg38noalt	False40
LP0029_06_L003	165.9679395283602	0memhg38noalt	False40
LP0030_03_L004	167.4917406627609	0memhg38noalt	False40
LP0030_05_L004	168.7643455165235	0memhg38noalt	False40
LP0020_01	169.63222169099777	0memhg38noalt	FalseDI26830XA
LP0020_02	173.17340341544633	0memhg38noalt	FalseDI26830XA
LP0020_03	173.22170812379002	0memhg38noalt	FalseDI26830XA
LP0020_04	171.2562716134978	0memhg38noalt	FalseDI26830XA
LP0020_05	169.50498302866998	0memhg38noalt	FalseDI26830XA
LP0020_06	167.86383678122436	0memhg38noalt	FalseDI26830XA
LP0020_07	167.2281924194767	0memhg38noalt	FalseDI26830XA
LP0020_08	169.32054424968527	0memhg38noalt	FalseDI26830XA
LP0025_01_L004	169.70596878858632	0memhg38noalt	FalseDI26830XA
LP0025_02_L004	175.54635410177622	0memhg38noalt	FalseDI26830XA
LP0025_03_L003	168.52631366708076	0memhg38noalt	FalseDI26830XA
LP0025_04_L004	170.46684025197868	0memhg38noalt	FalseDI26830XA
LP0025_05_L003	172.19286845265293	0memhg38noalt	FalseDI26830XA
LP0025_06_L003	168.3962120267123	0memhg38noalt	FalseDI26830XA
LP0025_07_L004	166.31383417287307	0memhg38noalt	FalseDI26830XA
LP0025_08_L004	170.23687887016214	0memhg38noalt	FalseDI26830XA
LP0025_10_L003	145.27911675600927	0memhg38noalt	FalseDI26830XA
LP0025_11_L003	166.0279711411277	0memhg38noalt	FalseDI26830XA
LP0025_12_L003	168.58630691200906	0memhg38noalt	FalseDI26830XA
LP0025_15_L003	165.05784701924384	0memhg38noalt	FalseDI26830XA
LP0025_17_L003	167.3593786811905	0memhg38noalt	FalseDI26830XA
LP0025_21_L004	168.99048639359742	0memhg38noalt	FalseDI26830XA
LP0025_24_L003	171.13470523155604	0memhg38noalt	FalseDI26830XA
LP0026_05_L003	169.24019955861905	0memhg38noalt	FalseDI26830XA
LP0026_07_L003	171.22767635093746	0memhg38noalt	FalseDI26830XA
LP0026_08_L003	156.18642383277304	0memhg38noalt	FalseDI26830XA
LP0026_22_L003	164.43035119850103	0memhg38noalt	FalseDI26830XA
LP0026_26_L004	161.472168795788	0memhg38noalt	FalseDI26830XA
LP0026_38_L004	164.06376990114865	0memhg38noalt	FalseDI26830XA
LP0026_42_L004	164.8188304768315	0memhg38noalt	FalseDI26830XA
LP0027_26_L003	163.24459378369158	0memhg38noalt	FalseDI26830XA
LP0027_35_L003	164.9440171739273	0memhg38noalt	FalseDI26830XA
LP0027_39_L003	166.52535184480791	0memhg38noalt	FalseDI26830XA
LP0028_01_L004	164.10379233567602	0memhg38noalt	FalseDI26830XA
LP0029_02_L004	168.40413250287418	0memhg38noalt	FalseDI26830XA
LP0029_04_L003	169.50694657862485	0memhg38noalt	FalseDI26830XA
LP0029_05_L004	167.7300656152984	0memhg38noalt	FalseDI26830XA
LP0029_06_L003	165.97154135232051	0memhg38noalt	FalseDI26830XA
LP0030_03_L004	167.50015932320014	0memhg38noalt	FalseDI26830XA
LP0030_05_L004	168.7702863791587	0memhg38noalt	FalseDI26830XA
LP0020_01	169.50621792704126	0memhg38noalt	True40
LP0020_02	173.00551361563834	0memhg38noalt	True40
LP0020_03	173.0758305714775	0memhg38noalt	True40
LP0020_04	171.13601558513847	0memhg38noalt	True40
LP0020_05	169.39626045109569	0memhg38noalt	True40
LP0020_06	167.72769376052793	0memhg38noalt	True40
LP0020_07	167.17108596681715	0memhg38noalt	True40
LP0020_08	169.2338853271986	0memhg38noalt	True40
LP0025_01_L004	169.645462435284	0memhg38noalt	True40
LP0025_02_L004	175.47605951014575	0memhg38noalt	True40
LP0025_03_L003	168.4375239158443	0memhg38noalt	True40
LP0025_04_L004	170.39575394982768	0memhg38noalt	True40
LP0025_05_L003	172.08635161439975	0memhg38noalt	True40
LP0025_06_L003	168.3242936573597	0memhg38noalt	True40
LP0025_07_L004	166.25669035083996	0memhg38noalt	True40
LP0025_08_L004	170.18108021618548	0memhg38noalt	True40
LP0025_10_L003	145.37221535358753	0memhg38noalt	True40
LP0025_11_L003	166.0178353464138	0memhg38noalt	True40
LP0025_12_L003	168.5476471292858	0memhg38noalt	True40
LP0025_15_L003	165.0629152565785	0memhg38noalt	True40
LP0025_17_L003	167.31963049437982	0memhg38noalt	True40
LP0025_21_L004	168.92632068130467	0memhg38noalt	True40
LP0025_24_L003	171.08109699827386	0memhg38noalt	True40
LP0026_05_L003	169.16378829243277	0memhg38noalt	True40
LP0026_07_L003	171.14760242561033	0memhg38noalt	True40
LP0026_08_L003	156.2129128422374	0memhg38noalt	True40
LP0026_22_L003	164.39900030912122	0memhg38noalt	True40
LP0026_26_L004	161.50861572176453	0memhg38noalt	True40
LP0026_38_L004	163.9993713050261	0memhg38noalt	True40
LP0026_42_L004	164.8084865438573	0memhg38noalt	True40
LP0027_26_L003	163.24655925164072	0memhg38noalt	True40
LP0027_35_L003	164.94782140994914	0memhg38noalt	True40
LP0027_39_L003	166.52887371982453	0memhg38noalt	True40
LP0028_01_L004	164.09395721241955	0memhg38noalt	True40
LP0029_02_L004	168.34304920714408	0memhg38noalt	True40
LP0029_04_L003	169.4414992802569	0memhg38noalt	True40
LP0029_05_L004	167.68552613115128	0memhg38noalt	True40
LP0029_06_L003	165.9414141503694	0memhg38noalt	True40
LP0030_03_L004	167.4589134567238	0memhg38noalt	True40
LP0030_05_L004	168.7043112376717	0memhg38noalt	True40
LP0020_01	169.5479678407796	0memhg38noalt	TrueDI26830XA
LP0020_02	173.0989869444783	0memhg38noalt	TrueDI26830XA
LP0020_03	173.12477916316243	0memhg38noalt	TrueDI26830XA
LP0020_04	171.22196189446632	0memhg38noalt	TrueDI26830XA
LP0020_05	169.43272005506807	0memhg38noalt	TrueDI26830XA
LP0020_06	167.7278205496944	0memhg38noalt	TrueDI26830XA
LP0020_07	167.13920874614922	0memhg38noalt	TrueDI26830XA
LP0020_08	169.25578914330865	0memhg38noalt	TrueDI26830XA
LP0025_01_L004	169.663277965445	0memhg38noalt	TrueDI26830XA
LP0025_02_L004	175.51824993193412	0memhg38noalt	TrueDI26830XA
LP0025_03_L003	168.474263212705	0memhg38noalt	TrueDI26830XA
LP0025_04_L004	170.41651005687103	0memhg38noalt	TrueDI26830XA
LP0025_05_L003	172.13508972332542	0memhg38noalt	TrueDI26830XA
LP0025_06_L003	168.35913593676582	0memhg38noalt	TrueDI26830XA
LP0025_07_L004	166.24661734451655	0memhg38noalt	TrueDI26830XA
LP0025_08_L004	170.20837024788173	0memhg38noalt	TrueDI26830XA
LP0025_10_L003	145.23349828965917	0memhg38noalt	TrueDI26830XA
LP0025_11_L003	166.0005786515642	0memhg38noalt	TrueDI26830XA
LP0025_12_L003	168.53812466777248	0memhg38noalt	TrueDI26830XA
LP0025_15_L003	165.02825439873848	0memhg38noalt	TrueDI26830XA
LP0025_17_L003	167.32532710351072	0memhg38noalt	TrueDI26830XA
LP0025_21_L004	168.9128465027569	0memhg38noalt	TrueDI26830XA
LP0025_24_L003	171.0826458123219	0memhg38noalt	TrueDI26830XA
LP0026_05_L003	169.17312399666088	0memhg38noalt	TrueDI26830XA
LP0026_07_L003	171.1767429561101	0memhg38noalt	TrueDI26830XA
LP0026_08_L003	156.1460036701536	0memhg38noalt	TrueDI26830XA
LP0026_22_L003	164.3691154248518	0memhg38noalt	TrueDI26830XA
LP0026_26_L004	161.44047386528285	0memhg38noalt	TrueDI26830XA
LP0026_38_L004	164.00287376489058	0memhg38noalt	TrueDI26830XA
LP0026_42_L004	164.77908779106482	0memhg38noalt	TrueDI26830XA
LP0027_26_L003	163.23957861463026	0memhg38noalt	TrueDI26830XA
LP0027_35_L003	164.9414968530246	0memhg38noalt	TrueDI26830XA
LP0027_39_L003	166.51041214970573	0memhg38noalt	TrueDI26830XA
LP0028_01_L004	164.06814660369275	0memhg38noalt	TrueDI26830XA
LP0029_02_L004	168.37097010717727	0memhg38noalt	TrueDI26830XA
LP0029_04_L003	169.47094149340842	0memhg38noalt	TrueDI26830XA
LP0029_05_L004	167.67493725009484	0memhg38noalt	TrueDI26830XA
LP0029_06_L003	165.93039073663707	0memhg38noalt	TrueDI26830XA
LP0030_03_L004	167.4630586178773	0memhg38noalt	TrueDI26830XA
LP0030_05_L004	168.71099574345502	0memhg38noalt	TrueDI26830XA
LP0020_01	169.4513518924067	30memhg19	False40
LP0020_02	172.94696509956972	30memhg19	False40
LP0020_03	173.03257999592606	30memhg19	False40
LP0020_04	171.0440378148934	30memhg19	False40
LP0020_05	169.3530701833969	30memhg19	False40
LP0020_06	167.72023398479777	30memhg19	False40
LP0020_07	167.10560431976947	30memhg19	False40
LP0020_08	169.14314551099156	30memhg19	False40
LP0025_01_L004	169.61602298306593	30memhg19	False40
LP0025_02_L004	175.42602859806152	30memhg19	False40
LP0025_03_L003	168.3888149565906	30memhg19	False40
LP0025_04_L004	170.36190911292894	30memhg19	False40
LP0025_05_L003	172.02156352716995	30memhg19	False40
LP0025_06_L003	168.26232046058817	30memhg19	False40
LP0025_07_L004	166.24001649558434	30memhg19	False40
LP0025_08_L004	170.1166157292973	30memhg19	False40
LP0025_10_L003	145.3771451856767	30memhg19	False40
LP0025_11_L003	165.9577197166288	30memhg19	False40
LP0025_12_L003	168.51554886110375	30memhg19	False40
LP0025_15_L003	164.98850413073714	30memhg19	False40
LP0025_17_L003	167.2659281710724	30memhg19	False40
LP0025_21_L004	168.91645913825747	30memhg19	False40
LP0025_24_L003	171.032191570823	30memhg19	False40
LP0026_05_L003	169.1471566727455	30memhg19	False40
LP0026_07_L003	171.12687763549096	30memhg19	False40
LP0026_08_L003	156.15491411411944	30memhg19	False40
LP0026_22_L003	164.36844024081557	30memhg19	False40
LP0026_26_L004	161.4528824199553	30memhg19	False40
LP0026_38_L004	163.94517141348106	30memhg19	False40
LP0026_42_L004	164.70427545241054	30memhg19	False40
LP0027_26_L003	163.11541086054982	30memhg19	False40
LP0027_35_L003	164.81794854503153	30memhg19	False40
LP0027_39_L003	166.40417932170553	30memhg19	False40
LP0028_01_L004	164.03378545063288	30memhg19	False40
LP0029_02_L004	168.29745777786098	30memhg19	False40
LP0029_04_L003	169.37430663537927	30memhg19	False40
LP0029_05_L004	167.63977171750886	30memhg19	False40
LP0029_06_L003	165.84548939542933	30memhg19	False40
LP0030_03_L004	167.42904362376564	30memhg19	False40
LP0030_05_L004	168.6916179798242	30memhg19	False40
LP0020_01	169.57506579836678	30memhg19	FalseDI26830XA
LP0020_02	173.11618299194546	30memhg19	FalseDI26830XA
LP0020_03	173.15994805590336	30memhg19	FalseDI26830XA
LP0020_04	171.1959505696617	30memhg19	FalseDI26830XA
LP0020_05	169.45205321953594	30memhg19	FalseDI26830XA
LP0020_06	167.8042119099957	30memhg19	FalseDI26830XA
LP0020_07	167.17570453114917	30memhg19	FalseDI26830XA
LP0020_08	169.25727932193564	30memhg19	FalseDI26830XA
LP0025_01_L004	169.67261167277093	30memhg19	FalseDI26830XA
LP0025_02_L004	175.5265067483975	30memhg19	FalseDI26830XA
LP0025_03_L003	168.4876488149893	30memhg19	FalseDI26830XA
LP0025_04_L004	170.43020212140834	30memhg19	FalseDI26830XA
LP0025_05_L003	172.13957060135058	30memhg19	FalseDI26830XA
LP0025_06_L003	168.35825043468347	30memhg19	FalseDI26830XA
LP0025_07_L004	166.28948685279448	30memhg19	FalseDI26830XA
LP0025_08_L004	170.20696670253878	30memhg19	FalseDI26830XA
LP0025_10_L003	145.25261485805402	30memhg19	FalseDI26830XA
LP0025_11_L003	165.99519216011296	30memhg19	FalseDI26830XA
LP0025_12_L003	168.56341057377134	30memhg19	FalseDI26830XA
LP0025_15_L003	165.01457148219336	30memhg19	FalseDI26830XA
LP0025_17_L003	167.33131727358466	30memhg19	FalseDI26830XA
LP0025_21_L004	168.94729245715033	30memhg19	FalseDI26830XA
LP0025_24_L003	171.09471346946043	30memhg19	FalseDI26830XA
LP0026_05_L003	169.21517636100535	30memhg19	FalseDI26830XA
LP0026_07_L003	171.19583116371643	30memhg19	FalseDI26830XA
LP0026_08_L003	156.13737464303915	30memhg19	FalseDI26830XA
LP0026_22_L003	164.3961632808434	30memhg19	FalseDI26830XA
LP0026_26_L004	161.43795838445268	30memhg19	FalseDI26830XA
LP0026_38_L004	164.0308892607052	30memhg19	FalseDI26830XA
LP0026_42_L004	164.7699503901753	30memhg19	FalseDI26830XA
LP0027_26_L003	163.19823275532474	30memhg19	FalseDI26830XA
LP0027_35_L003	164.9056596146567	30memhg19	FalseDI26830XA
LP0027_39_L003	166.47891218381662	30memhg19	FalseDI26830XA
LP0028_01_L004	164.06232968917254	30memhg19	FalseDI26830XA
LP0029_02_L004	168.36890473381206	30memhg19	FalseDI26830XA
LP0029_04_L003	169.4610940514153	30memhg19	FalseDI26830XA
LP0029_05_L004	167.69398182962766	30memhg19	FalseDI26830XA
LP0029_06_L003	165.9117861353119	30memhg19	FalseDI26830XA
LP0030_03_L004	167.46733904969807	30memhg19	FalseDI26830XA
LP0030_05_L004	168.74569783231655	30memhg19	FalseDI26830XA
LP0020_01	169.3788757439396	30memhg19	True40
LP0020_02	172.88675605784627	30memhg19	True40
LP0020_03	172.9072415309263	30memhg19	True40
LP0020_04	171.06972581424458	30memhg19	True40
LP0020_05	169.29283072833906	30memhg19	True40
LP0020_06	167.6219178527166	30memhg19	True40
LP0020_07	167.05625569939062	30memhg19	True40
LP0020_08	169.09492341208644	30memhg19	True40
LP0025_01_L004	169.58493306255193	30memhg19	True40
LP0025_02_L004	175.4127317984341	30memhg19	True40
LP0025_03_L003	168.37237842073134	30memhg19	True40
LP0025_04_L004	170.32701050735514	30memhg19	True40
LP0025_05_L003	172.00208418998287	30memhg19	True40
LP0025_06_L003	168.25192799310693	30memhg19	True40
LP0025_07_L004	166.19630834100656	30memhg19	True40
LP0025_08_L004	170.09385396240037	30memhg19	True40
LP0025_10_L003	145.38042129135687	30memhg19	True40
LP0025_11_L003	165.9298515997086	30memhg19	True40
LP0025_12_L003	168.4768943383572	30memhg19	True40
LP0025_15_L003	164.97262358674325	30memhg19	True40
LP0025_17_L003	167.23490050737692	30memhg19	True40
LP0025_21_L004	168.8569251913904	30memhg19	True40
LP0025_24_L003	170.98910435243113	30memhg19	True40
LP0026_05_L003	169.09649115492783	30memhg19	True40
LP0026_07_L003	171.08795434553346	30memhg19	True40
LP0026_08_L003	156.14482161021738	30memhg19	True40
LP0026_22_L003	164.32931332432742	30memhg19	True40
LP0026_26_L004	161.42710778980322	30memhg19	True40
LP0026_38_L004	163.9285355162784	30memhg19	True40
LP0026_42_L004	164.7199300375152	30memhg19	True40
LP0027_26_L003	163.15213206502915	30memhg19	True40
LP0027_35_L003	164.85430817808367	30memhg19	True40
LP0027_39_L003	166.4391924496833	30memhg19	True40
LP0028_01_L004	164.02538022780607	30memhg19	True40
LP0029_02_L004	168.2870827632738	30memhg19	True40
LP0029_04_L003	169.35211487541585	30memhg19	True40
LP0029_05_L004	167.59484666562886	30memhg19	True40
LP0029_06_L003	165.83237685399567	30memhg19	True40
LP0030_03_L004	167.39466357554824	30memhg19	True40
LP0030_05_L004	168.64299124695805	30memhg19	True40
LP0020_01	169.49980737789016	30memhg19	TrueDI26830XA
LP0020_02	173.07532882642917	30memhg19	TrueDI26830XA
LP0020_03	173.06031215271565	30memhg19	TrueDI26830XA
LP0020_04	171.2071416415775	30memhg19	TrueDI26830XA
LP0020_05	169.4106738254031	30memhg19	TrueDI26830XA
LP0020_06	167.7063152251953	30memhg19	TrueDI26830XA
LP0020_07	167.11521943247777	30memhg19	TrueDI26830XA
LP0020_08	169.23661614944467	30memhg19	TrueDI26830XA
LP0025_01_L004	169.63203341463225	30memhg19	TrueDI26830XA
LP0025_02_L004	175.4856986750444	30memhg19	TrueDI26830XA
LP0025_03_L003	168.465599161615	30memhg19	TrueDI26830XA
LP0025_04_L004	170.3799536719846	30memhg19	TrueDI26830XA
LP0025_05_L003	172.1126859993463	30memhg19	TrueDI26830XA
LP0025_06_L003	168.34625090005645	30memhg19	TrueDI26830XA
LP0025_07_L004	166.22667091024826	30memhg19	TrueDI26830XA
LP0025_08_L004	170.18636312378527	30memhg19	TrueDI26830XA
LP0025_10_L003	145.23883048025223	30memhg19	TrueDI26830XA
LP0025_11_L003	165.9741745693628	30memhg19	TrueDI26830XA
LP0025_12_L003	168.51542865265824	30memhg19	TrueDI26830XA
LP0025_15_L003	164.9997693816578	30memhg19	TrueDI26830XA
LP0025_17_L003	167.30514282221745	30memhg19	TrueDI26830XA
LP0025_21_L004	168.88661406806017	30memhg19	TrueDI26830XA
LP0025_24_L003	171.04223806530217	30memhg19	TrueDI26830XA
LP0026_05_L003	169.15380259497255	30memhg19	TrueDI26830XA
LP0026_07_L003	171.15248481578604	30memhg19	TrueDI26830XA
LP0026_08_L003	156.12035615966758	30memhg19	TrueDI26830XA
LP0026_22_L003	164.34300431311223	30memhg19	TrueDI26830XA
LP0026_26_L004	161.41283306551068	30memhg19	TrueDI26830XA
LP0026_38_L004	164.00031510480957	30memhg19	TrueDI26830XA
LP0026_42_L004	164.7559303661105	30memhg19	TrueDI26830XA
LP0027_26_L003	163.2121249372805	30memhg19	TrueDI26830XA
LP0027_35_L003	164.92474639609046	30memhg19	TrueDI26830XA
LP0027_39_L003	166.49621951919582	30memhg19	TrueDI26830XA
LP0028_01_L004	164.0413346913382	30memhg19	TrueDI26830XA
LP0029_02_L004	168.33934361789957	30memhg19	TrueDI26830XA
LP0029_04_L003	169.4382362757885	30memhg19	TrueDI26830XA
LP0029_05_L004	167.65155894524202	30memhg19	TrueDI26830XA
LP0029_06_L003	165.8835885255702	30memhg19	TrueDI26830XA
LP0030_03_L004	167.43547221268153	30memhg19	TrueDI26830XA
LP0030_05_L004	168.68476019033366	30memhg19	TrueDI26830XA
LP0020_01	169.74040543495238	30memhg19decoy	False40
LP0020_02	173.26778271074286	30memhg19decoy	False40
LP0020_03	173.34580616841436	30memhg19decoy	False40
LP0020_04	171.34318557282342	30memhg19decoy	False40
LP0020_05	169.6271335775214	30memhg19decoy	False40
LP0020_06	167.997722246535	30memhg19decoy	False40
LP0020_07	167.38563043266674	30memhg19decoy	False40
LP0020_08	169.4637962251371	30memhg19decoy	False40
LP0025_01_L004	169.81639090671038	30memhg19decoy	False40
LP0025_02_L004	175.7010982487385	30memhg19decoy	False40
LP0025_03_L003	168.6554291970371	30memhg19decoy	False40
LP0025_04_L004	170.57926058144218	30memhg19decoy	False40
LP0025_05_L003	172.32621901248453	30memhg19decoy	False40
LP0025_06_L003	168.5302123066465	30memhg19decoy	False40
LP0025_07_L004	166.43005013861026	30memhg19decoy	False40
LP0025_08_L004	170.36623666018187	30memhg19decoy	False40
LP0025_10_L003	145.44451289941205	30memhg19decoy	False40
LP0025_11_L003	166.169435692121	30memhg19decoy	False40
LP0025_12_L003	168.71862027222713	30memhg19decoy	False40
LP0025_15_L003	165.1993460611803	30memhg19decoy	False40
LP0025_17_L003	167.50174168357987	30memhg19decoy	False40
LP0025_21_L004	169.1250270010648	30memhg19decoy	False40
LP0025_24_L003	171.271886125612	30memhg19decoy	False40
LP0026_05_L003	169.3568996400526	30memhg19decoy	False40
LP0026_07_L003	171.34041304000465	30memhg19decoy	False40
LP0026_08_L003	156.33904489061732	30memhg19decoy	False40
LP0026_22_L003	164.58860540551382	30memhg19decoy	False40
LP0026_26_L004	161.61399986891962	30memhg19decoy	False40
LP0026_38_L004	164.20046550692112	30memhg19decoy	False40
LP0026_42_L004	164.95967895341553	30memhg19decoy	False40
LP0027_26_L003	163.36792928666517	30memhg19decoy	False40
LP0027_35_L003	165.0575175213122	30memhg19decoy	False40
LP0027_39_L003	166.6623448690942	30memhg19decoy	False40
LP0028_01_L004	164.24281752568768	30memhg19decoy	False40
LP0029_02_L004	168.52366005429508	30memhg19decoy	False40
LP0029_04_L003	169.613187498985	30memhg19decoy	False40
LP0029_05_L004	167.84753246932877	30memhg19decoy	False40
LP0029_06_L003	166.09595941903075	30memhg19decoy	False40
LP0030_03_L004	167.60222660521933	30memhg19decoy	False40
LP0030_05_L004	168.89095655784138	30memhg19decoy	False40
LP0020_01	169.67858654224642	30memhg19decoy	FalseDI26830XA
LP0020_02	173.2262925558457	30memhg19decoy	FalseDI26830XA
LP0020_03	173.2709626162204	30memhg19decoy	FalseDI26830XA
LP0020_04	171.30890522525613	30memhg19decoy	FalseDI26830XA
LP0020_05	169.55682135849077	30memhg19decoy	FalseDI26830XA
LP0020_06	167.90830591643555	30memhg19decoy	FalseDI26830XA
LP0020_07	167.2861491936299	30memhg19decoy	FalseDI26830XA
LP0020_08	169.38344265151386	30memhg19decoy	FalseDI26830XA
LP0025_01_L004	169.75318960059008	30memhg19decoy	FalseDI26830XA
LP0025_02_L004	175.63222306487916	30memhg19decoy	FalseDI26830XA
LP0025_03_L003	168.58559245179802	30memhg19decoy	FalseDI26830XA
LP0025_04_L004	170.5156497599375	30memhg19decoy	FalseDI26830XA
LP0025_05_L003	172.25838998472886	30memhg19decoy	FalseDI26830XA
LP0025_06_L003	168.46019781038754	30memhg19decoy	FalseDI26830XA
LP0025_07_L004	166.36292408806352	30memhg19decoy	FalseDI26830XA
LP0025_08_L004	170.29929844291814	30memhg19decoy	FalseDI26830XA
LP0025_10_L003	145.27904274302162	30memhg19decoy	FalseDI26830XA
LP0025_11_L003	166.07838263147966	30memhg19decoy	FalseDI26830XA
LP0025_12_L003	168.64258643924956	30memhg19decoy	FalseDI26830XA
LP0025_15_L003	165.09777873709822	30memhg19decoy	FalseDI26830XA
LP0025_17_L003	167.42074956118074	30memhg19decoy	FalseDI26830XA
LP0025_21_L004	169.03007291153455	30memhg19decoy	FalseDI26830XA
LP0025_24_L003	171.19094693028094	30memhg19decoy	FalseDI26830XA
LP0026_05_L003	169.29540071152246	30memhg19decoy	FalseDI26830XA
LP0026_07_L003	171.27429126596584	30memhg19decoy	FalseDI26830XA
LP0026_08_L003	156.217791239402	30memhg19decoy	FalseDI26830XA
LP0026_22_L003	164.48155745979955	30memhg19decoy	FalseDI26830XA
LP0026_26_L004	161.5055683969947	30memhg19decoy	FalseDI26830XA
LP0026_38_L004	164.1247970896318	30memhg19decoy	FalseDI26830XA
LP0026_42_L004	164.8695510819278	30memhg19decoy	FalseDI26830XA
LP0027_26_L003	163.29057671724564	30memhg19decoy	FalseDI26830XA
LP0027_35_L003	164.991475813396	30memhg19decoy	FalseDI26830XA
LP0027_39_L003	166.57733489816124	30memhg19decoy	FalseDI26830XA
LP0028_01_L004	164.14517377844405	30memhg19decoy	FalseDI26830XA
LP0029_02_L004	168.457547363821	30memhg19decoy	FalseDI26830XA
LP0029_04_L003	169.5519617315431	30memhg19decoy	FalseDI26830XA
LP0029_05_L004	167.77496709321773	30memhg19decoy	FalseDI26830XA
LP0029_06_L003	166.0120703789966	30memhg19decoy	FalseDI26830XA
LP0030_03_L004	167.54063672635115	30memhg19decoy	FalseDI26830XA
LP0030_05_L004	168.82392734697993	30memhg19decoy	FalseDI26830XA
LP0020_01	169.65173251983953	30memhg19decoy	True40
LP0020_02	173.21479630415655	30memhg19decoy	True40
LP0020_03	173.26091137771667	30memhg19decoy	True40
LP0020_04	171.3063861597608	30memhg19decoy	True40
LP0020_05	169.57067273326248	30memhg19decoy	True40
LP0020_06	167.86249407240604	30memhg19decoy	True40
LP0020_07	167.2853086404398	30memhg19decoy	True40
LP0020_08	169.4087465063846	30memhg19decoy	True40
LP0025_01_L004	169.7774872695581	30memhg19decoy	True40
LP0025_02_L004	175.66502339073187	30memhg19decoy	True40
LP0025_03_L003	168.5928202034132	30memhg19decoy	True40
LP0025_04_L004	170.52253064961516	30memhg19decoy	True40
LP0025_05_L003	172.27751499936386	30memhg19decoy	True40
LP0025_06_L003	168.4779274815758	30memhg19decoy	True40
LP0025_07_L004	166.35343617856728	30memhg19decoy	True40
LP0025_08_L004	170.3192683327689	30memhg19decoy	True40
LP0025_10_L003	145.39347634106642	30memhg19decoy	True40
LP0025_11_L003	166.129805693974	30memhg19decoy	True40
LP0025_12_L003	168.65345253457107	30memhg19decoy	True40
LP0025_15_L003	165.1642231895873	30memhg19decoy	True40
LP0025_17_L003	167.45577558422784	30memhg19decoy	True40
LP0025_21_L004	169.04942708961525	30memhg19decoy	True40
LP0025_24_L003	171.20804504603743	30memhg19decoy	True40
LP0026_05_L003	169.29776372886792	30memhg19decoy	True40
LP0026_07_L003	171.28405637497525	30memhg19decoy	True40
LP0026_08_L003	156.28574940217064	30memhg19decoy	True40
LP0026_22_L003	164.51234523051946	30memhg19decoy	True40
LP0026_26_L004	161.5760175462433	30memhg19decoy	True40
LP0026_38_L004	164.15857478007237	30memhg19decoy	True40
LP0026_42_L004	164.93076200937261	30memhg19decoy	True40
LP0027_26_L003	163.35104390273804	30memhg19decoy	True40
LP0027_35_L003	165.04518113985907	30memhg19decoy	True40
LP0027_39_L003	166.65242726385102	30memhg19decoy	True40
LP0028_01_L004	164.19369722707378	30memhg19decoy	True40
LP0029_02_L004	168.48270051794856	30memhg19decoy	True40
LP0029_04_L003	169.5648578835336	30memhg19decoy	True40
LP0029_05_L004	167.7857780871714	30memhg19decoy	True40
LP0029_06_L003	166.05442605579148	30memhg19decoy	True40
LP0030_03_L004	167.55140492097507	30memhg19decoy	True40
LP0030_05_L004	168.8122798730897	30memhg19decoy	True40
LP0020_01	169.58971417055722	30memhg19decoy	TrueDI26830XA
LP0020_02	173.17832899606137	30memhg19decoy	TrueDI26830XA
LP0020_03	173.1703699458406	30memhg19decoy	TrueDI26830XA
LP0020_04	171.3073793944486	30memhg19decoy	TrueDI26830XA
LP0020_05	169.50436597197756	30memhg19decoy	TrueDI26830XA
LP0020_06	167.788064067789	30memhg19decoy	TrueDI26830XA
LP0020_07	167.2219800692716	30memhg19decoy	TrueDI26830XA
LP0020_08	169.33149698551196	30memhg19decoy	TrueDI26830XA
LP0025_01_L004	169.7038271854934	30memhg19decoy	TrueDI26830XA
LP0025_02_L004	175.58108157810852	30memhg19decoy	TrueDI26830XA
LP0025_03_L003	168.53626014791277	30memhg19decoy	TrueDI26830XA
LP0025_04_L004	170.46530416623875	30memhg19decoy	TrueDI26830XA
LP0025_05_L003	172.21548793688603	30memhg19decoy	TrueDI26830XA
LP0025_06_L003	168.42967449717767	30memhg19decoy	TrueDI26830XA
LP0025_07_L004	166.28600305345816	30memhg19decoy	TrueDI26830XA
LP0025_08_L004	170.25614323179667	30memhg19decoy	TrueDI26830XA
LP0025_10_L003	145.23915398001776	30memhg19decoy	TrueDI26830XA
LP0025_11_L003	166.03545494041708	30memhg19decoy	TrueDI26830XA
LP0025_12_L003	168.58077834188185	30memhg19decoy	TrueDI26830XA
LP0025_15_L003	165.06391349159682	30memhg19decoy	TrueDI26830XA
LP0025_17_L003	167.38388852372137	30memhg19decoy	TrueDI26830XA
LP0025_21_L004	168.95561732614644	30memhg19decoy	TrueDI26830XA
LP0025_24_L003	171.13185447593344	30memhg19decoy	TrueDI26830XA
LP0026_05_L003	169.23702964242503	30memhg19decoy	TrueDI26830XA
LP0026_07_L003	171.22022920511645	30memhg19decoy	TrueDI26830XA
LP0026_08_L003	156.16149174901426	30memhg19decoy	TrueDI26830XA
LP0026_22_L003	164.41403796423808	30memhg19decoy	TrueDI26830XA
LP0026_26_L004	161.47004501139898	30memhg19decoy	TrueDI26830XA
LP0026_38_L004	164.07571070165903	30memhg19decoy	TrueDI26830XA
LP0026_42_L004	164.82592291239203	30memhg19decoy	TrueDI26830XA
LP0027_26_L003	163.27358993496108	30memhg19decoy	TrueDI26830XA
LP0027_35_L003	164.9919702340174	30memhg19decoy	TrueDI26830XA
LP0027_39_L003	166.5633410397005	30memhg19decoy	TrueDI26830XA
LP0028_01_L004	164.10120352329923	30memhg19decoy	TrueDI26830XA
LP0029_02_L004	168.4192442557963	30memhg19decoy	TrueDI26830XA
LP0029_04_L003	169.5156099736408	30memhg19decoy	TrueDI26830XA
LP0029_05_L004	167.72255946197913	30memhg19decoy	TrueDI26830XA
LP0029_06_L003	165.96863025378673	30memhg19decoy	TrueDI26830XA
LP0030_03_L004	167.4925269746169	30memhg19decoy	TrueDI26830XA
LP0030_05_L004	168.75556682460152	30memhg19decoy	TrueDI26830XA
LP0020_01	169.67445842528048	30memhg38	False40
LP0020_02	173.19558987126098	30memhg38	False40
LP0020_03	173.26830217015265	30memhg38	False40
LP0020_04	171.2677241075448	30memhg38	False40
LP0020_05	169.56318917945674	30memhg38	False40
LP0020_06	167.92649573726695	30memhg38	False40
LP0020_07	167.302831442945	30memhg38	False40
LP0020_08	169.35911091932485	30memhg38	False40
LP0025_01_L004	169.76269670514816	30memhg38	False40
LP0025_02_L004	175.60601033060138	30memhg38	False40
LP0025_03_L003	168.58824271886675	30memhg38	False40
LP0025_04_L004	170.52188963599806	30memhg38	False40
LP0025_05_L003	172.25138544172802	30memhg38	False40
LP0025_06_L003	168.4662714069398	30memhg38	False40
LP0025_07_L004	166.380303827587	30memhg38	False40
LP0025_08_L004	170.29483247989006	30memhg38	False40
LP0025_10_L003	145.41356182649577	30memhg38	False40
LP0025_11_L003	166.1163305086724	30memhg38	False40
LP0025_12_L003	168.66883915105268	30memhg38	False40
LP0025_15_L003	165.15725089755483	30memhg38	False40
LP0025_17_L003	167.4409955746826	30memhg38	False40
LP0025_21_L004	169.07269918192307	30memhg38	False40
LP0025_24_L003	171.22888647120587	30memhg38	False40
LP0026_05_L003	169.3072940537825	30memhg38	False40
LP0026_07_L003	171.280304864467	30memhg38	False40
LP0026_08_L003	156.28861902764058	30memhg38	False40
LP0026_22_L003	164.53948487299235	30memhg38	False40
LP0026_26_L004	161.59048034716974	30memhg38	False40
LP0026_38_L004	164.15355813371744	30memhg38	False40
LP0026_42_L004	164.90723669857752	30memhg38	False40
LP0027_26_L003	163.32207483047907	30memhg38	False40
LP0027_35_L003	165.00713394132265	30memhg38	False40
LP0027_39_L003	166.60881287377438	30memhg38	False40
LP0028_01_L004	164.17778137801744	30memhg38	False40
LP0029_02_L004	168.45649249339027	30memhg38	False40
LP0029_04_L003	169.56521167439732	30memhg38	False40
LP0029_05_L004	167.7952764570733	30memhg38	False40
LP0029_06_L003	166.0455177332673	30memhg38	False40
LP0030_03_L004	167.55394658934267	30memhg38	False40
LP0030_05_L004	168.83833201052914	30memhg38	False40
LP0020_01	169.65354768238373	30memhg38	FalseDI26830XA
LP0020_02	173.20627499202425	30memhg38	FalseDI26830XA
LP0020_03	173.24643210870485	30memhg38	FalseDI26830XA
LP0020_04	171.27937790643423	30memhg38	FalseDI26830XA
LP0020_05	169.53356343972894	30memhg38	FalseDI26830XA
LP0020_06	167.88180931158047	30memhg38	FalseDI26830XA
LP0020_07	167.2549321572839	30memhg38	FalseDI26830XA
LP0020_08	169.33836824133496	30memhg38	FalseDI26830XA
LP0025_01_L004	169.73198262966412	30memhg38	FalseDI26830XA
LP0025_02_L004	175.58919872086864	30memhg38	FalseDI26830XA
LP0025_03_L003	168.56415509746554	30memhg38	FalseDI26830XA
LP0025_04_L004	170.4911425040201	30memhg38	FalseDI26830XA
LP0025_05_L003	172.2296457337688	30memhg38	FalseDI26830XA
LP0025_06_L003	168.43370343583345	30memhg38	FalseDI26830XA
LP0025_07_L004	166.34344869557026	30memhg38	FalseDI26830XA
LP0025_08_L004	170.2687542674806	30memhg38	FalseDI26830XA
LP0025_10_L003	145.27046363578222	30memhg38	FalseDI26830XA
LP0025_11_L003	166.05434904667518	30memhg38	FalseDI26830XA
LP0025_12_L003	168.61395114381327	30memhg38	FalseDI26830XA
LP0025_15_L003	165.08137027140603	30memhg38	FalseDI26830XA
LP0025_17_L003	167.3969483400347	30memhg38	FalseDI26830XA
LP0025_21_L004	169.0156861708492	30memhg38	FalseDI26830XA
LP0025_24_L003	171.17048605586746	30memhg38	FalseDI26830XA
LP0026_05_L003	169.27480541596097	30memhg38	FalseDI26830XA
LP0026_07_L003	171.25662781796817	30memhg38	FalseDI26830XA
LP0026_08_L003	156.19689080347524	30memhg38	FalseDI26830XA
LP0026_22_L003	164.45687814061807	30memhg38	FalseDI26830XA
LP0026_26_L004	161.49675734208367	30memhg38	FalseDI26830XA
LP0026_38_L004	164.10393390601595	30memhg38	FalseDI26830XA
LP0026_42_L004	164.843597346184	30memhg38	FalseDI26830XA
LP0027_26_L003	163.26765016616747	30memhg38	FalseDI26830XA
LP0027_35_L003	164.96653073285313	30memhg38	FalseDI26830XA
LP0027_39_L003	166.5485492790784	30memhg38	FalseDI26830XA
LP0028_01_L004	164.12692410658818	30memhg38	FalseDI26830XA
LP0029_02_L004	168.43444809231613	30memhg38	FalseDI26830XA
LP0029_04_L003	169.53140959552664	30memhg38	FalseDI26830XA
LP0029_05_L004	167.75809941147486	30memhg38	FalseDI26830XA
LP0029_06_L003	165.99539534954346	30memhg38	FalseDI26830XA
LP0030_03_L004	167.52500825408757	30memhg38	FalseDI26830XA
LP0030_05_L004	168.7991149529126	30memhg38	FalseDI26830XA
LP0020_01	169.59126274385832	30memhg38	True40
LP0020_02	173.14514139578486	30memhg38	True40
LP0020_03	173.16439576281005	30memhg38	True40
LP0020_04	171.22604851563582	30memhg38	True40
LP0020_05	169.47508357172023	30memhg38	True40
LP0020_06	167.76170166434517	30memhg38	True40
LP0020_07	167.25626266996593	30memhg38	True40
LP0020_08	169.29540202036432	30memhg38	True40
LP0025_01_L004	169.72567162342227	30memhg38	True40
LP0025_02_L004	175.5828815909845	30memhg38	True40
LP0025_03_L003	168.52716314975106	30memhg38	True40
LP0025_04_L004	170.45184762073197	30memhg38	True40
LP0025_05_L003	172.2137336511474	30memhg38	True40
LP0025_06_L003	168.4203666384199	30memhg38	True40
LP0025_07_L004	166.30859919640096	30memhg38	True40
LP0025_08_L004	170.27516261012974	30memhg38	True40
LP0025_10_L003	145.37635468308693	30memhg38	True40
LP0025_11_L003	166.07918933410588	30memhg38	True40
LP0025_12_L003	168.61634883184615	30memhg38	True40
LP0025_15_L003	165.13064434537176	30memhg38	True40
LP0025_17_L003	167.39999582150392	30memhg38	True40
LP0025_21_L004	169.0072844268048	30memhg38	True40
LP0025_24_L003	171.17192733023384	30memhg38	True40
LP0026_05_L003	169.23916415492204	30memhg38	True40
LP0026_07_L003	171.22780386563048	30memhg38	True40
LP0026_08_L003	156.25572385613884	30memhg38	True40
LP0026_22_L003	164.47111953148536	30memhg38	True40
LP0026_26_L004	161.5642767477848	30memhg38	True40
LP0026_38_L004	164.0985468769116	30memhg38	True40
LP0026_42_L004	164.88041823804264	30memhg38	True40
LP0027_26_L003	163.31366177044066	30memhg38	True40
LP0027_35_L003	165.00562064633493	30memhg38	True40
LP0027_39_L003	166.60896972795976	30memhg38	True40
LP0028_01_L004	164.13786532014635	30memhg38	True40
LP0029_02_L004	168.42457032546355	30memhg38	True40
LP0029_04_L003	169.51116443695165	30memhg38	True40
LP0029_05_L004	167.73830358105923	30memhg38	True40
LP0029_06_L003	166.00433835783102	30memhg38	True40
LP0030_03_L004	167.5065359438822	30memhg38	True40
LP0030_05_L004	168.77195450090855	30memhg38	True40
LP0020_01	169.56360245847048	30memhg38	TrueDI26830XA
LP0020_02	173.15375385299623	30memhg38	TrueDI26830XA
LP0020_03	173.13739680054508	30memhg38	TrueDI26830XA
LP0020_04	171.23487607176386	30memhg38	TrueDI26830XA
LP0020_05	169.44590655496643	30memhg38	TrueDI26830XA
LP0020_06	167.7294619122602	30memhg38	TrueDI26830XA
LP0020_07	167.17108308631555	30memhg38	TrueDI26830XA
LP0020_08	169.28299232483707	30memhg38	TrueDI26830XA
LP0025_01_L004	169.68724408617058	30memhg38	TrueDI26830XA
LP0025_02_L004	175.55818031277326	30memhg38	TrueDI26830XA
LP0025_03_L003	168.49507209136715	30memhg38	TrueDI26830XA
LP0025_04_L004	170.41880395304332	30memhg38	TrueDI26830XA
LP0025_05_L003	172.17985545444952	30memhg38	TrueDI26830XA
LP0025_06_L003	168.3686629840109	30memhg38	TrueDI26830XA
LP0025_07_L004	166.26147308024696	30memhg38	TrueDI26830XA
LP0025_08_L004	170.23350657084467	30memhg38	TrueDI26830XA
LP0025_10_L003	145.2290215257923	30memhg38	TrueDI26830XA
LP0025_11_L003	166.01298458700785	30memhg38	TrueDI26830XA
LP0025_12_L003	168.57056210772245	30memhg38	TrueDI26830XA
LP0025_15_L003	165.04735025327003	30memhg38	TrueDI26830XA
LP0025_17_L003	167.3577073376898	30memhg38	TrueDI26830XA
LP0025_21_L004	168.94168443081443	30memhg38	TrueDI26830XA
LP0025_24_L003	171.11741070730866	30memhg38	TrueDI26830XA
LP0026_05_L003	169.20649218870926	30memhg38	TrueDI26830XA
LP0026_07_L003	171.20033182873755	30memhg38	TrueDI26830XA
LP0026_08_L003	156.1510639761917	30memhg38	TrueDI26830XA
LP0026_22_L003	164.37373336090644	30memhg38	TrueDI26830XA
LP0026_26_L004	161.4489939858492	30memhg38	TrueDI26830XA
LP0026_38_L004	164.0510475305987	30memhg38	TrueDI26830XA
LP0026_42_L004	164.80624103457563	30memhg38	TrueDI26830XA
LP0027_26_L003	163.25913007138948	30memhg38	TrueDI26830XA
LP0027_35_L003	164.9629265934275	30memhg38	TrueDI26830XA
LP0027_39_L003	166.54198612846903	30memhg38	TrueDI26830XA
LP0028_01_L004	164.07758902466068	30memhg38	TrueDI26830XA
LP0029_02_L004	168.39514481948103	30memhg38	TrueDI26830XA
LP0029_04_L003	169.48307654735635	30memhg38	TrueDI26830XA
LP0029_05_L004	167.69798341936493	30memhg38	TrueDI26830XA
LP0029_06_L003	165.93860473588802	30memhg38	TrueDI26830XA
LP0030_03_L004	167.46873620618956	30memhg38	TrueDI26830XA
LP0030_05_L004	168.7219243358764	30memhg38	TrueDI26830XA
LP0020_01	169.6028291960376	30memhg38noalt	False40
LP0020_02	173.11304186162647	30memhg38noalt	False40
LP0020_03	173.19903547127902	30memhg38noalt	False40
LP0020_04	171.20364182211796	30memhg38noalt	False40
LP0020_05	169.49971567476067	30memhg38noalt	False40
LP0020_06	167.8698237554739	30memhg38noalt	False40
LP0020_07	167.24360177306113	30memhg38noalt	False40
LP0020_08	169.30295254946594	30memhg38noalt	False40
LP0025_01_L004	169.71005369160355	30memhg38noalt	False40
LP0025_02_L004	175.54839365152097	30memhg38noalt	False40
LP0025_03_L003	168.5184203143699	30memhg38noalt	False40
LP0025_04_L004	170.46797946111906	30memhg38noalt	False40
LP0025_05_L003	172.17525267416514	30memhg38noalt	False40
LP0025_06_L003	168.3915253881221	30memhg38noalt	False40
LP0025_07_L004	166.32869266732672	30memhg38noalt	False40
LP0025_08_L004	170.2185853652119	30memhg38noalt	False40
LP0025_10_L003	145.40096846580843	30memhg38noalt	False40
LP0025_11_L003	166.0648858077385	30memhg38noalt	False40
LP0025_12_L003	168.61563968847764	30memhg38noalt	False40
LP0025_15_L003	165.10091833769252	30memhg38noalt	False40
LP0025_17_L003	167.3672974987813	30memhg38noalt	False40
LP0025_21_L004	169.01593773256042	30memhg38noalt	False40
LP0025_24_L003	171.16888670324568	30memhg38noalt	False40
LP0026_05_L003	169.23879898903695	30memhg38noalt	False40
LP0026_07_L003	171.21217350857523	30memhg38noalt	False40
LP0026_08_L003	156.24359972754644	30memhg38noalt	False40
LP0026_22_L003	164.4931329944244	30memhg38noalt	False40
LP0026_26_L004	161.54425503958254	30memhg38noalt	False40
LP0026_38_L004	164.0671681553206	30memhg38noalt	False40
LP0026_42_L004	164.84582255419932	30memhg38noalt	False40
LP0027_26_L003	163.24471509588042	30memhg38noalt	False40
LP0027_35_L003	164.93993610365112	30memhg38noalt	False40
LP0027_39_L003	166.53570201115025	30memhg38noalt	False40
LP0028_01_L004	164.12265121648505	30memhg38noalt	False40
LP0029_02_L004	168.39940080958613	30memhg38noalt	False40
LP0029_04_L003	169.50281209446314	30memhg38noalt	False40
LP0029_05_L004	167.74583828939726	30memhg38noalt	False40
LP0029_06_L003	165.97996421621997	30memhg38noalt	False40
LP0030_03_L004	167.51180346185632	30memhg38noalt	False40
LP0030_05_L004	168.7861903930721	30memhg38noalt	False40
LP0020_01	169.63708204827432	30memhg38noalt	FalseDI26830XA
LP0020_02	173.184452670705	30memhg38noalt	FalseDI26830XA
LP0020_03	173.2294535982245	30memhg38noalt	FalseDI26830XA
LP0020_04	171.26433527250654	30memhg38noalt	FalseDI26830XA
LP0020_05	169.51566088266398	30memhg38noalt	FalseDI26830XA
LP0020_06	167.86897671975612	30memhg38noalt	FalseDI26830XA
LP0020_07	167.23371401211787	30memhg38noalt	FalseDI26830XA
LP0020_08	169.32232033068186	30memhg38noalt	FalseDI26830XA
LP0025_01_L004	169.71497987021723	30memhg38noalt	FalseDI26830XA
LP0025_02_L004	175.57749126681875	30memhg38noalt	FalseDI26830XA
LP0025_03_L003	168.54235619995217	30memhg38noalt	FalseDI26830XA
LP0025_04_L004	170.4798179229195	30memhg38noalt	FalseDI26830XA
LP0025_05_L003	172.2045956819096	30memhg38noalt	FalseDI26830XA
LP0025_06_L003	168.40963037393612	30memhg38noalt	FalseDI26830XA
LP0025_07_L004	166.32915829537654	30memhg38noalt	FalseDI26830XA
LP0025_08_L004	170.24701536357094	30memhg38noalt	FalseDI26830XA
LP0025_10_L003	145.26721913487626	30memhg38noalt	FalseDI26830XA
LP0025_11_L003	166.03631295997462	30memhg38noalt	FalseDI26830XA
LP0025_12_L003	168.59582986446867	30memhg38noalt	FalseDI26830XA
LP0025_15_L003	165.06687466246012	30memhg38noalt	FalseDI26830XA
LP0025_17_L003	167.36945217891486	30memhg38noalt	FalseDI26830XA
LP0025_21_L004	168.996760568373	30memhg38noalt	FalseDI26830XA
LP0025_24_L003	171.14970378437397	30memhg38noalt	FalseDI26830XA
LP0026_05_L003	169.2513750726875	30memhg38noalt	FalseDI26830XA
LP0026_07_L003	171.23452966210272	30memhg38noalt	FalseDI26830XA
LP0026_08_L003	156.18193273973296	30memhg38noalt	FalseDI26830XA
LP0026_22_L003	164.44573268277077	30memhg38noalt	FalseDI26830XA
LP0026_26_L004	161.47646868150525	30memhg38noalt	FalseDI26830XA
LP0026_38_L004	164.07821433852905	30memhg38noalt	FalseDI26830XA
LP0026_42_L004	164.82708986475663	30memhg38noalt	FalseDI26830XA
LP0027_26_L003	163.2430638210161	30memhg38noalt	FalseDI26830XA
LP0027_35_L003	164.94935466095922	30memhg38noalt	FalseDI26830XA
LP0027_39_L003	166.53169868851538	30memhg38noalt	FalseDI26830XA
LP0028_01_L004	164.1063200853896	30memhg38noalt	FalseDI26830XA
LP0029_02_L004	168.40917760845872	30memhg38noalt	FalseDI26830XA
LP0029_04_L003	169.51411932470006	30memhg38noalt	FalseDI26830XA
LP0029_05_L004	167.73946968583053	30memhg38noalt	FalseDI26830XA
LP0029_06_L003	165.9732676889498	30memhg38noalt	FalseDI26830XA
LP0030_03_L004	167.5079678140984	30memhg38noalt	FalseDI26830XA
LP0030_05_L004	168.77891303886216	30memhg38noalt	FalseDI26830XA
LP0020_01	169.52824056766593	30memhg38noalt	True40
LP0020_02	173.06504385199258	30memhg38noalt	True40
LP0020_03	173.09612982346786	30memhg38noalt	True40
LP0020_04	171.15507022206594	30memhg38noalt	True40
LP0020_05	169.42807181829474	30memhg38noalt	True40
LP0020_06	167.73278850639053	30memhg38noalt	True40
LP0020_07	167.18794929754375	30memhg38noalt	True40
LP0020_08	169.22893772440568	30memhg38noalt	True40
LP0025_01_L004	169.67264140930524	30memhg38noalt	True40
LP0025_02_L004	175.50854274929284	30memhg38noalt	True40
LP0025_03_L003	168.47107986203238	30memhg38noalt	True40
LP0025_04_L004	170.41271147432525	30memhg38noalt	True40
LP0025_05_L003	172.12087736751067	30memhg38noalt	True40
LP0025_06_L003	168.35828812678466	30memhg38noalt	True40
LP0025_07_L004	166.273513070623	30memhg38noalt	True40
LP0025_08_L004	170.1869269875816	30memhg38noalt	True40
LP0025_10_L003	145.37304738862883	30memhg38noalt	True40
LP0025_11_L003	166.03035973904082	30memhg38noalt	True40
LP0025_12_L003	168.55715116887953	30memhg38noalt	True40
LP0025_15_L003	165.0799678834495	30memhg38noalt	True40
LP0025_17_L003	167.33180593946722	30memhg38noalt	True40
LP0025_21_L004	168.94672165745598	30memhg38noalt	True40
LP0025_24_L003	171.12482619343018	30memhg38noalt	True40
LP0026_05_L003	169.17347921553556	30memhg38noalt	True40
LP0026_07_L003	171.16807741267394	30memhg38noalt	True40
LP0026_08_L003	156.21716323163824	30memhg38noalt	True40
LP0026_22_L003	164.43083211876103	30memhg38noalt	True40
LP0026_26_L004	161.5166071048265	30memhg38noalt	True40
LP0026_38_L004	164.0279024622863	30memhg38noalt	True40
LP0026_42_L004	164.8125073697544	30memhg38noalt	True40
LP0027_26_L003	163.25003789944316	30memhg38noalt	True40
LP0027_35_L003	164.95685700482235	30memhg38noalt	True40
LP0027_39_L003	166.5268448751322	30memhg38noalt	True40
LP0028_01_L004	164.09239647467413	30memhg38noalt	True40
LP0029_02_L004	168.36848147367718	30memhg38noalt	True40
LP0029_04_L003	169.4695627504046	30memhg38noalt	True40
LP0029_05_L004	167.6895856278676	30memhg38noalt	True40
LP0029_06_L003	165.9469908731567	30memhg38noalt	True40
LP0030_03_L004	167.46635648809442	30memhg38noalt	True40
LP0030_05_L004	168.72582878920542	30memhg38noalt	True40
LP0020_01	169.5470901833219	30memhg38noalt	TrueDI26830XA
LP0020_02	173.10832038419233	30memhg38noalt	TrueDI26830XA
LP0020_03	173.14148381836873	30memhg38noalt	TrueDI26830XA
LP0020_04	171.20817511821156	30memhg38noalt	TrueDI26830XA
LP0020_05	169.44868973365254	30memhg38noalt	TrueDI26830XA
LP0020_06	167.71986705138568	30memhg38noalt	TrueDI26830XA
LP0020_07	167.142846281587	30memhg38noalt	TrueDI26830XA
LP0020_08	169.2560289138608	30memhg38noalt	TrueDI26830XA
LP0025_01_L004	169.66959865995608	30memhg38noalt	TrueDI26830XA
LP0025_02_L004	175.54827274327582	30memhg38noalt	TrueDI26830XA
LP0025_03_L003	168.49104299415401	30memhg38noalt	TrueDI26830XA
LP0025_04_L004	170.41652646597754	30memhg38noalt	TrueDI26830XA
LP0025_05_L003	172.14311836020664	30memhg38noalt	TrueDI26830XA
LP0025_06_L003	168.36975106635717	30memhg38noalt	TrueDI26830XA
LP0025_07_L004	166.2610929851145	30memhg38noalt	TrueDI26830XA
LP0025_08_L004	170.21759891945538	30memhg38noalt	TrueDI26830XA
LP0025_10_L003	145.21754039534144	30memhg38noalt	TrueDI26830XA
LP0025_11_L003	166.00437443414722	30memhg38noalt	TrueDI26830XA
LP0025_12_L003	168.54810297052225	30memhg38noalt	TrueDI26830XA
LP0025_15_L003	165.0345429992561	30memhg38noalt	TrueDI26830XA
LP0025_17_L003	167.33441036805053	30memhg38noalt	TrueDI26830XA
LP0025_21_L004	168.92117335048695	30memhg38noalt	TrueDI26830XA
LP0025_24_L003	171.10229837024656	30memhg38noalt	TrueDI26830XA
LP0026_05_L003	169.18478649484697	30memhg38noalt	TrueDI26830XA
LP0026_07_L003	171.18869696377342	30memhg38noalt	TrueDI26830XA
LP0026_08_L003	156.136773980741	30memhg38noalt	TrueDI26830XA
LP0026_22_L003	164.37089439852096	30memhg38noalt	TrueDI26830XA
LP0026_26_L004	161.4428913367993	30memhg38noalt	TrueDI26830XA
LP0026_38_L004	164.02340614804305	30memhg38noalt	TrueDI26830XA
LP0026_42_L004	164.78496803830018	30memhg38noalt	TrueDI26830XA
LP0027_26_L003	163.23550819766865	30memhg38noalt	TrueDI26830XA
LP0027_35_L003	164.95228629206423	30memhg38noalt	TrueDI26830XA
LP0027_39_L003	166.51926526677295	30memhg38noalt	TrueDI26830XA
LP0028_01_L004	164.0648380336898	30memhg38noalt	TrueDI26830XA
LP0029_02_L004	168.3763373447304	30memhg38noalt	TrueDI26830XA
LP0029_04_L003	169.48305170494788	30memhg38noalt	TrueDI26830XA
LP0029_05_L004	167.67631834357812	30memhg38noalt	TrueDI26830XA
LP0029_06_L003	165.92972798610464	30memhg38noalt	TrueDI26830XA
LP0030_03_L004	167.46445377505825	30memhg38noalt	TrueDI26830XA
LP0030_05_L004	168.71431267938038	30memhg38noalt	TrueDI26830XA
