sampleID	FrEIA_score	ref_genome	settings
LP0020_01	1.0863087301119625	0memhg19	False40
LP0020_02	0.7297577229754018	0memhg19	False40
LP0020_03	1.6199967033782303	0memhg19	False40
LP0020_04	1.5995250081645427	0memhg19	False40
LP0020_05	1.0597218170332157	0memhg19	False40
LP0020_06	0.9266296183775586	0memhg19	False40
LP0020_07	1.044816512647585	0memhg19	False40
LP0020_08	0.9274923995187001	0memhg19	False40
LP0025_01_L004	1.3126397674284902	0memhg19	False40
LP0025_02_L004	1.249845131758988	0memhg19	False40
LP0025_03_L003	1.17961027604882	0memhg19	False40
LP0025_04_L004	0.5436754806441207	0memhg19	False40
LP0025_05_L003	0.9198850674142656	0memhg19	False40
LP0025_06_L003	5.134040026263813	0memhg19	False40
LP0025_07_L004	4.1936921387668455	0memhg19	False40
LP0025_08_L004	1.534665137485878	0memhg19	False40
LP0025_10_L003	5.1623580723402105	0memhg19	False40
LP0025_11_L003	4.343585278767983	0memhg19	False40
LP0025_12_L003	4.465882772526769	0memhg19	False40
LP0025_15_L003	19.077724771694093	0memhg19	False40
LP0025_17_L003	8.105276063900327	0memhg19	False40
LP0025_21_L004	4.767631634922604	0memhg19	False40
LP0025_24_L003	14.29394405506149	0memhg19	False40
LP0026_05_L003	3.447814419442023	0memhg19	False40
LP0026_07_L003	3.5876398657164295	0memhg19	False40
LP0026_08_L003	5.905750348705515	0memhg19	False40
LP0026_22_L003	7.109812256608667	0memhg19	False40
LP0026_26_L004	5.893810488364501	0memhg19	False40
LP0026_38_L004	9.801221695795677	0memhg19	False40
LP0026_42_L004	6.2644325896251996	0memhg19	False40
LP0027_26_L003	8.34212364650586	0memhg19	False40
LP0027_35_L003	5.90409820616286	0memhg19	False40
LP0027_39_L003	4.7094002956456436	0memhg19	False40
LP0028_01_L004	13.87146531161039	0memhg19	False40
LP0029_02_L004	2.545813595429684	0memhg19	False40
LP0029_04_L003	13.133742772036465	0memhg19	False40
LP0029_05_L004	9.007856250568759	0memhg19	False40
LP0029_06_L003	10.327395373123444	0memhg19	False40
LP0030_03_L004	7.933924088559199	0memhg19	False40
LP0030_05_L004	6.653725433252596	0memhg19	False40
LP0020_01	1.1130684248322642	0memhg19	FalseDI26830XA
LP0020_02	0.8139327861433668	0memhg19	FalseDI26830XA
LP0020_03	1.6465880382233857	0memhg19	FalseDI26830XA
LP0020_04	1.6346262983002233	0memhg19	FalseDI26830XA
LP0020_05	1.122811765509868	0memhg19	FalseDI26830XA
LP0020_06	0.946345689770477	0memhg19	FalseDI26830XA
LP0020_07	1.0939711323083428	0memhg19	FalseDI26830XA
LP0020_08	0.9591096679324629	0memhg19	FalseDI26830XA
LP0025_01_L004	1.1868786393963155	0memhg19	FalseDI26830XA
LP0025_02_L004	1.4130354461161845	0memhg19	FalseDI26830XA
LP0025_03_L003	1.0186864225697934	0memhg19	FalseDI26830XA
LP0025_04_L004	0.5411412673889328	0memhg19	FalseDI26830XA
LP0025_05_L003	0.8589230162556436	0memhg19	FalseDI26830XA
LP0025_06_L003	4.608492997346534	0memhg19	FalseDI26830XA
LP0025_07_L004	3.8929108142363043	0memhg19	FalseDI26830XA
LP0025_08_L004	1.5678391921167665	0memhg19	FalseDI26830XA
LP0025_10_L003	5.1823834087399	0memhg19	FalseDI26830XA
LP0025_11_L003	3.860474123914775	0memhg19	FalseDI26830XA
LP0025_12_L003	3.938125603413774	0memhg19	FalseDI26830XA
LP0025_15_L003	18.620475692233242	0memhg19	FalseDI26830XA
LP0025_17_L003	6.82296945338751	0memhg19	FalseDI26830XA
LP0025_21_L004	4.265198695981885	0memhg19	FalseDI26830XA
LP0025_24_L003	11.946122224672555	0memhg19	FalseDI26830XA
LP0026_05_L003	3.225208682536526	0memhg19	FalseDI26830XA
LP0026_07_L003	3.4846994196751027	0memhg19	FalseDI26830XA
LP0026_08_L003	5.857089439635467	0memhg19	FalseDI26830XA
LP0026_22_L003	7.065066158881597	0memhg19	FalseDI26830XA
LP0026_26_L004	5.682838794653772	0memhg19	FalseDI26830XA
LP0026_38_L004	10.195315566322197	0memhg19	FalseDI26830XA
LP0026_42_L004	6.448845463373485	0memhg19	FalseDI26830XA
LP0027_26_L003	7.926769228028043	0memhg19	FalseDI26830XA
LP0027_35_L003	5.7962626881776025	0memhg19	FalseDI26830XA
LP0027_39_L003	4.692587504639152	0memhg19	FalseDI26830XA
LP0028_01_L004	12.272558381520332	0memhg19	FalseDI26830XA
LP0029_02_L004	2.2269251303547133	0memhg19	FalseDI26830XA
LP0029_04_L003	10.768560961524324	0memhg19	FalseDI26830XA
LP0029_05_L004	8.13664369892115	0memhg19	FalseDI26830XA
LP0029_06_L003	9.56613030992619	0memhg19	FalseDI26830XA
LP0030_03_L004	7.397552208588485	0memhg19	FalseDI26830XA
LP0030_05_L004	6.273047673358975	0memhg19	FalseDI26830XA
LP0020_01	0.9488336974037944	0memhg19	True40
LP0020_02	0.5226614727911195	0memhg19	True40
LP0020_03	1.4473856293589467	0memhg19	True40
LP0020_04	1.438365946325805	0memhg19	True40
LP0020_05	0.8086515880761616	0memhg19	True40
LP0020_06	0.8997503782492683	0memhg19	True40
LP0020_07	0.8764665833775136	0memhg19	True40
LP0020_08	0.8871934070171618	0memhg19	True40
LP0025_01_L004	1.2618224792773225	0memhg19	True40
LP0025_02_L004	1.4238613024173261	0memhg19	True40
LP0025_03_L003	1.1967431770154404	0memhg19	True40
LP0025_04_L004	0.5098219392814899	0memhg19	True40
LP0025_05_L003	0.902719824460779	0memhg19	True40
LP0025_06_L003	5.201549667936294	0memhg19	True40
LP0025_07_L004	4.237354679975089	0memhg19	True40
LP0025_08_L004	1.5707692989116477	0memhg19	True40
LP0025_10_L003	5.292668424644862	0memhg19	True40
LP0025_11_L003	4.349413462950066	0memhg19	True40
LP0025_12_L003	5.661125119709622	0memhg19	True40
LP0025_15_L003	16.791068619197663	0memhg19	True40
LP0025_17_L003	8.316566532988087	0memhg19	True40
LP0025_21_L004	5.377619534043115	0memhg19	True40
LP0025_24_L003	15.547246473476186	0memhg19	True40
LP0026_05_L003	3.86329765555789	0memhg19	True40
LP0026_07_L003	3.975080756873859	0memhg19	True40
LP0026_08_L003	5.912200470462521	0memhg19	True40
LP0026_22_L003	7.18541608984521	0memhg19	True40
LP0026_26_L004	5.957672107343652	0memhg19	True40
LP0026_38_L004	9.981330701715162	0memhg19	True40
LP0026_42_L004	6.322810920886815	0memhg19	True40
LP0027_26_L003	8.064306239324225	0memhg19	True40
LP0027_35_L003	5.703878719351169	0memhg19	True40
LP0027_39_L003	4.723610951793558	0memhg19	True40
LP0028_01_L004	14.080020676312163	0memhg19	True40
LP0029_02_L004	2.690016362169434	0memhg19	True40
LP0029_04_L003	13.475326652838696	0memhg19	True40
LP0029_05_L004	13.278274548042807	0memhg19	True40
LP0029_06_L003	10.226272948141446	0memhg19	True40
LP0030_03_L004	7.156359408213761	0memhg19	True40
LP0030_05_L004	7.091944630438729	0memhg19	True40
LP0020_01	0.9667636240826144	0memhg19	TrueDI26830XA
LP0020_02	0.6178189672422375	0memhg19	TrueDI26830XA
LP0020_03	1.4689370153500851	0memhg19	TrueDI26830XA
LP0020_04	1.46587305283132	0memhg19	TrueDI26830XA
LP0020_05	0.8628054089442614	0memhg19	TrueDI26830XA
LP0020_06	0.8881683150089196	0memhg19	TrueDI26830XA
LP0020_07	0.912161762055624	0memhg19	TrueDI26830XA
LP0020_08	0.8966802889868131	0memhg19	TrueDI26830XA
LP0025_01_L004	1.1051300876741104	0memhg19	TrueDI26830XA
LP0025_02_L004	1.61389397762893	0memhg19	TrueDI26830XA
LP0025_03_L003	1.0139823382357867	0memhg19	TrueDI26830XA
LP0025_04_L004	0.5155894972899747	0memhg19	TrueDI26830XA
LP0025_05_L003	0.8460521089455179	0memhg19	TrueDI26830XA
LP0025_06_L003	4.627568799990687	0memhg19	TrueDI26830XA
LP0025_07_L004	3.9132321665867846	0memhg19	TrueDI26830XA
LP0025_08_L004	1.6164690067960295	0memhg19	TrueDI26830XA
LP0025_10_L003	5.297213193377197	0memhg19	TrueDI26830XA
LP0025_11_L003	3.845490761786141	0memhg19	TrueDI26830XA
LP0025_12_L003	3.9554522020689804	0memhg19	TrueDI26830XA
LP0025_15_L003	15.728105358030954	0memhg19	TrueDI26830XA
LP0025_17_L003	6.945579822026577	0memhg19	TrueDI26830XA
LP0025_21_L004	4.696215971232727	0memhg19	TrueDI26830XA
LP0025_24_L003	12.432462320938395	0memhg19	TrueDI26830XA
LP0026_05_L003	3.580160747807933	0memhg19	TrueDI26830XA
LP0026_07_L003	3.8199776762526234	0memhg19	TrueDI26830XA
LP0026_08_L003	5.8609220375153654	0memhg19	TrueDI26830XA
LP0026_22_L003	7.1154750593875145	0memhg19	TrueDI26830XA
LP0026_26_L004	5.727555058292354	0memhg19	TrueDI26830XA
LP0026_38_L004	10.167665882053978	0memhg19	TrueDI26830XA
LP0026_42_L004	6.441958896466119	0memhg19	TrueDI26830XA
LP0027_26_L003	7.654315690265576	0memhg19	TrueDI26830XA
LP0027_35_L003	5.540476036441259	0memhg19	TrueDI26830XA
LP0027_39_L003	4.674379217852814	0memhg19	TrueDI26830XA
LP0028_01_L004	12.490504433092209	0memhg19	TrueDI26830XA
LP0029_02_L004	2.324809431866631	0memhg19	TrueDI26830XA
LP0029_04_L003	11.012490070497984	0memhg19	TrueDI26830XA
LP0029_05_L004	10.926747938316007	0memhg19	TrueDI26830XA
LP0029_06_L003	9.489260043562556	0memhg19	TrueDI26830XA
LP0030_03_L004	7.954271942215857	0memhg19	TrueDI26830XA
LP0030_05_L004	6.498871715916169	0memhg19	TrueDI26830XA
LP0020_01	1.148875704961915	0memhg19decoy	False40
LP0020_02	0.8418573426530264	0memhg19decoy	False40
LP0020_03	1.681891111703595	0memhg19decoy	False40
LP0020_04	1.6698492514237369	0memhg19decoy	False40
LP0020_05	1.1580990351831726	0memhg19decoy	False40
LP0020_06	0.9717363147629509	0memhg19decoy	False40
LP0020_07	1.1305133846079618	0memhg19decoy	False40
LP0020_08	0.9884576759433307	0memhg19decoy	False40
LP0025_01_L004	1.168018107895904	0memhg19decoy	False40
LP0025_02_L004	1.3650267742984998	0memhg19decoy	False40
LP0025_03_L003	0.9782035190162841	0memhg19decoy	False40
LP0025_04_L004	0.5258117530755904	0memhg19decoy	False40
LP0025_05_L003	0.8134195270646871	0memhg19decoy	False40
LP0025_06_L003	4.353204930624663	0memhg19decoy	False40
LP0025_07_L004	3.977410878280723	0memhg19decoy	False40
LP0025_08_L004	1.5742532869902057	0memhg19decoy	False40
LP0025_10_L003	5.186418748814241	0memhg19decoy	False40
LP0025_11_L003	3.6896563217978664	0memhg19decoy	False40
LP0025_12_L003	3.5440564237354506	0memhg19decoy	False40
LP0025_15_L003	14.940772677195824	0memhg19decoy	False40
LP0025_17_L003	6.39043642782205	0memhg19decoy	False40
LP0025_21_L004	3.948810142190274	0memhg19decoy	False40
LP0025_24_L003	10.543631164757	0memhg19decoy	False40
LP0026_05_L003	3.0772607347507246	0memhg19decoy	False40
LP0026_07_L003	3.1948070830469675	0memhg19decoy	False40
LP0026_08_L003	5.9281785480181135	0memhg19decoy	False40
LP0026_22_L003	7.281960820520506	0memhg19decoy	False40
LP0026_26_L004	5.7162156085061255	0memhg19decoy	False40
LP0026_38_L004	9.833452922819767	0memhg19decoy	False40
LP0026_42_L004	6.487646199233633	0memhg19decoy	False40
LP0027_26_L003	7.196287659991495	0memhg19decoy	False40
LP0027_35_L003	5.292471065090734	0memhg19decoy	False40
LP0027_39_L003	4.595392511163556	0memhg19decoy	False40
LP0028_01_L004	12.791459361398708	0memhg19decoy	False40
LP0029_02_L004	2.0925705282418154	0memhg19decoy	False40
LP0029_04_L003	9.824771897080838	0memhg19decoy	False40
LP0029_05_L004	6.744865510783032	0memhg19decoy	False40
LP0029_06_L003	9.35666683560495	0memhg19decoy	False40
LP0030_03_L004	7.272875008610607	0memhg19decoy	False40
LP0030_05_L004	6.281742843872485	0memhg19decoy	False40
LP0020_01	1.1430034292121285	0memhg19decoy	FalseDI26830XA
LP0020_02	0.8601260844272917	0memhg19decoy	FalseDI26830XA
LP0020_03	1.677528441576032	0memhg19decoy	FalseDI26830XA
LP0020_04	1.669394223064799	0memhg19decoy	FalseDI26830XA
LP0020_05	1.166284947217633	0memhg19decoy	FalseDI26830XA
LP0020_06	0.9706849009369444	0memhg19decoy	FalseDI26830XA
LP0020_07	1.1370847642300719	0memhg19decoy	FalseDI26830XA
LP0020_08	0.990422369276837	0memhg19decoy	FalseDI26830XA
LP0025_01_L004	1.124589924925933	0memhg19decoy	FalseDI26830XA
LP0025_02_L004	1.472198357075008	0memhg19decoy	FalseDI26830XA
LP0025_03_L003	0.9254443648225142	0memhg19decoy	FalseDI26830XA
LP0025_04_L004	0.5365244297103735	0memhg19decoy	FalseDI26830XA
LP0025_05_L003	0.8115973217269654	0memhg19decoy	FalseDI26830XA
LP0025_06_L003	4.186770179815112	0memhg19decoy	FalseDI26830XA
LP0025_07_L004	3.7910512177687967	0memhg19decoy	FalseDI26830XA
LP0025_08_L004	1.583585794228711	0memhg19decoy	FalseDI26830XA
LP0025_10_L003	5.194874374220054	0memhg19decoy	FalseDI26830XA
LP0025_11_L003	3.594278668729143	0memhg19decoy	FalseDI26830XA
LP0025_12_L003	3.5694828358441315	0memhg19decoy	FalseDI26830XA
LP0025_15_L003	16.06272837882041	0memhg19decoy	FalseDI26830XA
LP0025_17_L003	6.178090116697157	0memhg19decoy	FalseDI26830XA
LP0025_21_L004	3.8920587617106888	0memhg19decoy	FalseDI26830XA
LP0025_24_L003	10.49376100567313	0memhg19decoy	FalseDI26830XA
LP0026_05_L003	3.0686420561966536	0memhg19decoy	FalseDI26830XA
LP0026_07_L003	3.313220692371268	0memhg19decoy	FalseDI26830XA
LP0026_08_L003	5.849692867110517	0memhg19decoy	FalseDI26830XA
LP0026_22_L003	7.0955696683038045	0memhg19decoy	FalseDI26830XA
LP0026_26_L004	5.595481942455677	0memhg19decoy	FalseDI26830XA
LP0026_38_L004	9.642413176791433	0memhg19decoy	FalseDI26830XA
LP0026_42_L004	6.541754634023867	0memhg19decoy	FalseDI26830XA
LP0027_26_L003	7.330771580213248	0memhg19decoy	FalseDI26830XA
LP0027_35_L003	5.469182039222932	0memhg19decoy	FalseDI26830XA
LP0027_39_L003	4.642633714045277	0memhg19decoy	FalseDI26830XA
LP0028_01_L004	11.610278327402632	0memhg19decoy	FalseDI26830XA
LP0029_02_L004	2.0254738753257264	0memhg19decoy	FalseDI26830XA
LP0029_04_L003	9.218358554472099	0memhg19decoy	FalseDI26830XA
LP0029_05_L004	7.051626772550249	0memhg19decoy	FalseDI26830XA
LP0029_06_L003	8.96317860225131	0memhg19decoy	FalseDI26830XA
LP0030_03_L004	7.089693680950479	0memhg19decoy	FalseDI26830XA
LP0030_05_L004	6.040218593768037	0memhg19decoy	FalseDI26830XA
LP0020_01	1.0095634299954521	0memhg19decoy	True40
LP0020_02	0.6297095524676537	0memhg19decoy	True40
LP0020_03	1.5256628267852292	0memhg19decoy	True40
LP0020_04	1.5269174122532243	0memhg19decoy	True40
LP0020_05	0.9220912324059324	0memhg19decoy	True40
LP0020_06	0.9121586176352663	0memhg19decoy	True40
LP0020_07	0.9728685390481283	0memhg19decoy	True40
LP0020_08	0.9288575460423094	0memhg19decoy	True40
LP0025_01_L004	1.1095641232779574	0memhg19decoy	True40
LP0025_02_L004	1.5398365853809073	0memhg19decoy	True40
LP0025_03_L003	0.9792869751298668	0memhg19decoy	True40
LP0025_04_L004	0.4995706010456346	0memhg19decoy	True40
LP0025_05_L003	0.8024001334436973	0memhg19decoy	True40
LP0025_06_L003	4.3262564241716595	0memhg19decoy	True40
LP0025_07_L004	3.9923057375673507	0memhg19decoy	True40
LP0025_08_L004	1.612572352413928	0memhg19decoy	True40
LP0025_10_L003	5.31549233298827	0memhg19decoy	True40
LP0025_11_L003	3.656488110664963	0memhg19decoy	True40
LP0025_12_L003	3.4873745719178966	0memhg19decoy	True40
LP0025_15_L003	12.16109038979286	0memhg19decoy	True40
LP0025_17_L003	6.501316214557067	0memhg19decoy	True40
LP0025_21_L004	4.444892091873892	0memhg19decoy	True40
LP0025_24_L003	11.114836746245087	0memhg19decoy	True40
LP0026_05_L003	3.432343377569101	0memhg19decoy	True40
LP0026_07_L003	3.450926348331084	0memhg19decoy	True40
LP0026_08_L003	5.9570874214265706	0memhg19decoy	True40
LP0026_22_L003	7.417516445836823	0memhg19decoy	True40
LP0026_26_L004	5.768886651408023	0memhg19decoy	True40
LP0026_38_L004	9.392514225781975	0memhg19decoy	True40
LP0026_42_L004	6.430467504090761	0memhg19decoy	True40
LP0027_26_L003	6.8149274344818105	0memhg19decoy	True40
LP0027_35_L003	4.989570526523628	0memhg19decoy	True40
LP0027_39_L003	4.5482730146686094	0memhg19decoy	True40
LP0028_01_L004	12.973745223008475	0memhg19decoy	True40
LP0029_02_L004	2.1771493725415727	0memhg19decoy	True40
LP0029_04_L003	10.033932099701998	0memhg19decoy	True40
LP0029_05_L004	9.002766370467999	0memhg19decoy	True40
LP0029_06_L003	9.505771824697202	0memhg19decoy	True40
LP0030_03_L004	8.091173062669352	0memhg19decoy	True40
LP0030_05_L004	6.58519111073884	0memhg19decoy	True40
LP0020_01	0.995565876649707	0memhg19decoy	TrueDI26830XA
LP0020_02	0.6652872399562808	0memhg19decoy	TrueDI26830XA
LP0020_03	1.5046599677151518	0memhg19decoy	TrueDI26830XA
LP0020_04	1.524778748082467	0memhg19decoy	TrueDI26830XA
LP0020_05	0.9079299550305591	0memhg19decoy	TrueDI26830XA
LP0020_06	0.8990141739869789	0memhg19decoy	TrueDI26830XA
LP0020_07	0.9541886573166724	0memhg19decoy	TrueDI26830XA
LP0020_08	0.9262169331436279	0memhg19decoy	TrueDI26830XA
LP0025_01_L004	1.0402287097235237	0memhg19decoy	TrueDI26830XA
LP0025_02_L004	1.6659060099507517	0memhg19decoy	TrueDI26830XA
LP0025_03_L003	0.920642757518784	0memhg19decoy	TrueDI26830XA
LP0025_04_L004	0.5145956314753346	0memhg19decoy	TrueDI26830XA
LP0025_05_L003	0.8041806705783822	0memhg19decoy	TrueDI26830XA
LP0025_06_L003	4.211317326923543	0memhg19decoy	TrueDI26830XA
LP0025_07_L004	3.812038632261376	0memhg19decoy	TrueDI26830XA
LP0025_08_L004	1.6352195803877985	0memhg19decoy	TrueDI26830XA
LP0025_10_L003	5.312926445870815	0memhg19decoy	TrueDI26830XA
LP0025_11_L003	3.5855981042642044	0memhg19decoy	TrueDI26830XA
LP0025_12_L003	3.553395649073558	0memhg19decoy	TrueDI26830XA
LP0025_15_L003	13.281907112420468	0memhg19decoy	TrueDI26830XA
LP0025_17_L003	6.275886498517033	0memhg19decoy	TrueDI26830XA
LP0025_21_L004	4.30271166260213	0memhg19decoy	TrueDI26830XA
LP0025_24_L003	10.95149482648084	0memhg19decoy	TrueDI26830XA
LP0026_05_L003	3.4023132189916994	0memhg19decoy	TrueDI26830XA
LP0026_07_L003	3.603424699680898	0memhg19decoy	TrueDI26830XA
LP0026_08_L003	5.87833493639063	0memhg19decoy	TrueDI26830XA
LP0026_22_L003	7.182032256517215	0memhg19decoy	TrueDI26830XA
LP0026_26_L004	5.648859877903569	0memhg19decoy	TrueDI26830XA
LP0026_38_L004	9.450352716209476	0memhg19decoy	TrueDI26830XA
LP0026_42_L004	6.486149082683388	0memhg19decoy	TrueDI26830XA
LP0027_26_L003	7.034041668134871	0memhg19decoy	TrueDI26830XA
LP0027_35_L003	5.19563118829556	0memhg19decoy	TrueDI26830XA
LP0027_39_L003	4.615962294268434	0memhg19decoy	TrueDI26830XA
LP0028_01_L004	11.75821707213596	0memhg19decoy	TrueDI26830XA
LP0029_02_L004	2.1100159551544353	0memhg19decoy	TrueDI26830XA
LP0029_04_L003	9.537319149134706	0memhg19decoy	TrueDI26830XA
LP0029_05_L004	9.260033127213717	0memhg19decoy	TrueDI26830XA
LP0029_06_L003	9.031638076152085	0memhg19decoy	TrueDI26830XA
LP0030_03_L004	7.619323386332089	0memhg19decoy	TrueDI26830XA
LP0030_05_L004	6.26799388940456	0memhg19decoy	TrueDI26830XA
LP0020_01	1.087342445723745	0memhg38	False40
LP0020_02	0.7516088195169799	0memhg38	False40
LP0020_03	1.6112645509508874	0memhg38	False40
LP0020_04	1.594669466270479	0memhg38	False40
LP0020_05	1.0742148698828509	0memhg38	False40
LP0020_06	0.9317874984200153	0memhg38	False40
LP0020_07	1.0544194330955068	0memhg38	False40
LP0020_08	0.9330692775089848	0memhg38	False40
LP0025_01_L004	1.3099695267547855	0memhg38	False40
LP0025_02_L004	1.2500357228107655	0memhg38	False40
LP0025_03_L003	1.1374395618733535	0memhg38	False40
LP0025_04_L004	0.546251013653178	0memhg38	False40
LP0025_05_L003	0.8972699224232297	0memhg38	False40
LP0025_06_L003	5.021660532060204	0memhg38	False40
LP0025_07_L004	4.152451413159418	0memhg38	False40
LP0025_08_L004	1.5371516922094277	0memhg38	False40
LP0025_10_L003	5.129833653028901	0memhg38	False40
LP0025_11_L003	4.193252943683219	0memhg38	False40
LP0025_12_L003	4.223619884694613	0memhg38	False40
LP0025_15_L003	19.018272621833376	0memhg38	False40
LP0025_17_L003	7.820929111855795	0memhg38	False40
LP0025_21_L004	4.646830395384426	0memhg38	False40
LP0025_24_L003	13.280430013369124	0memhg38	False40
LP0026_05_L003	3.325831974496361	0memhg38	False40
LP0026_07_L003	3.548564371257975	0memhg38	False40
LP0026_08_L003	5.8041926399170825	0memhg38	False40
LP0026_22_L003	7.1268783110280705	0memhg38	False40
LP0026_26_L004	5.8436555249118065	0memhg38	False40
LP0026_38_L004	10.02297209744828	0memhg38	False40
LP0026_42_L004	6.208469418768985	0memhg38	False40
LP0027_26_L003	8.210555376116941	0memhg38	False40
LP0027_35_L003	5.851318450173742	0memhg38	False40
LP0027_39_L003	4.690428008700392	0memhg38	False40
LP0028_01_L004	13.589887049284089	0memhg38	False40
LP0029_02_L004	2.4639557670463317	0memhg38	False40
LP0029_04_L003	12.851644474407168	0memhg38	False40
LP0029_05_L004	9.173309999920559	0memhg38	False40
LP0029_06_L003	10.266147571352302	0memhg38	False40
LP0030_03_L004	7.914395527825254	0memhg38	False40
LP0030_05_L004	6.709338074033985	0memhg38	False40
LP0020_01	1.150195651422954	0memhg38	FalseDI26830XA
LP0020_02	0.8618289863126265	0memhg38	FalseDI26830XA
LP0020_03	1.670555529002376	0memhg38	FalseDI26830XA
LP0020_04	1.671153881073177	0memhg38	FalseDI26830XA
LP0020_05	1.1669486208969546	0memhg38	FalseDI26830XA
LP0020_06	0.9730828757044939	0memhg38	FalseDI26830XA
LP0020_07	1.1490872753990813	0memhg38	FalseDI26830XA
LP0020_08	0.9907500395899268	0memhg38	FalseDI26830XA
LP0025_01_L004	1.0836885450539002	0memhg38	FalseDI26830XA
LP0025_02_L004	1.5855136465693929	0memhg38	FalseDI26830XA
LP0025_03_L003	0.9084101195510484	0memhg38	FalseDI26830XA
LP0025_04_L004	0.549007949953372	0memhg38	FalseDI26830XA
LP0025_05_L003	0.7900332521571163	0memhg38	FalseDI26830XA
LP0025_06_L003	4.095254041253346	0memhg38	FalseDI26830XA
LP0025_07_L004	3.7054532247077154	0memhg38	FalseDI26830XA
LP0025_08_L004	1.598712304846741	0memhg38	FalseDI26830XA
LP0025_10_L003	5.179534621017688	0memhg38	FalseDI26830XA
LP0025_11_L003	3.4426502045923124	0memhg38	FalseDI26830XA
LP0025_12_L003	3.3274732642561737	0memhg38	FalseDI26830XA
LP0025_15_L003	14.675302806139344	0memhg38	FalseDI26830XA
LP0025_17_L003	5.780871167396288	0memhg38	FalseDI26830XA
LP0025_21_L004	3.7274753281379627	0memhg38	FalseDI26830XA
LP0025_24_L003	9.123992926179856	0memhg38	FalseDI26830XA
LP0026_05_L003	2.9335336605097626	0memhg38	FalseDI26830XA
LP0026_07_L003	3.2135106482846165	0memhg38	FalseDI26830XA
LP0026_08_L003	5.7310503071249075	0memhg38	FalseDI26830XA
LP0026_22_L003	7.028891714321952	0memhg38	FalseDI26830XA
LP0026_26_L004	5.4423383084506645	0memhg38	FalseDI26830XA
LP0026_38_L004	8.803551773565873	0memhg38	FalseDI26830XA
LP0026_42_L004	6.485873326854069	0memhg38	FalseDI26830XA
LP0027_26_L003	6.843783206467267	0memhg38	FalseDI26830XA
LP0027_35_L003	5.3261734326323795	0memhg38	FalseDI26830XA
LP0027_39_L003	4.6137745957229805	0memhg38	FalseDI26830XA
LP0028_01_L004	10.558902833395369	0memhg38	FalseDI26830XA
LP0029_02_L004	1.9376106916489304	0memhg38	FalseDI26830XA
LP0029_04_L003	8.56536034270265	0memhg38	FalseDI26830XA
LP0029_05_L004	6.667037395652145	0memhg38	FalseDI26830XA
LP0029_06_L003	8.745281675525213	0memhg38	FalseDI26830XA
LP0030_03_L004	6.9692899953194605	0memhg38	FalseDI26830XA
LP0030_05_L004	6.107940385984678	0memhg38	FalseDI26830XA
LP0020_01	0.9603849724321041	0memhg38	True40
LP0020_02	0.5628872113528883	0memhg38	True40
LP0020_03	1.4634405735549854	0memhg38	True40
LP0020_04	1.4370239183606137	0memhg38	True40
LP0020_05	0.8324223526267939	0memhg38	True40
LP0020_06	0.9058314596368966	0memhg38	True40
LP0020_07	0.898887577898067	0memhg38	True40
LP0020_08	0.8909866392963235	0memhg38	True40
LP0025_01_L004	1.1988770731057485	0memhg38	True40
LP0025_02_L004	1.4816453595086014	0memhg38	True40
LP0025_03_L003	1.1166500670828872	0memhg38	True40
LP0025_04_L004	0.4962780905855125	0memhg38	True40
LP0025_05_L003	0.8752198759575726	0memhg38	True40
LP0025_06_L003	4.981647833624719	0memhg38	True40
LP0025_07_L004	4.18238357993281	0memhg38	True40
LP0025_08_L004	1.5969361087873803	0memhg38	True40
LP0025_10_L003	5.225426705117158	0memhg38	True40
LP0025_11_L003	4.115324655616596	0memhg38	True40
LP0025_12_L003	4.082336361579658	0memhg38	True40
LP0025_15_L003	15.474224562763288	0memhg38	True40
LP0025_17_L003	7.763136663124181	0memhg38	True40
LP0025_21_L004	5.020059251516141	0memhg38	True40
LP0025_24_L003	13.568777535224024	0memhg38	True40
LP0026_05_L003	3.6096324107103244	0memhg38	True40
LP0026_07_L003	3.7127686411231062	0memhg38	True40
LP0026_08_L003	5.853079860069162	0memhg38	True40
LP0026_22_L003	7.273263303408727	0memhg38	True40
LP0026_26_L004	5.962694870154783	0memhg38	True40
LP0026_38_L004	10.134431052830287	0memhg38	True40
LP0026_42_L004	6.158489570999244	0memhg38	True40
LP0027_26_L003	7.823486512182114	0memhg38	True40
LP0027_35_L003	5.400640146614842	0memhg38	True40
LP0027_39_L003	4.638174764149799	0memhg38	True40
LP0028_01_L004	14.362801191515302	0memhg38	True40
LP0029_02_L004	2.498049170807313	0memhg38	True40
LP0029_04_L003	13.256314889513787	0memhg38	True40
LP0029_05_L004	11.912741348296846	0memhg38	True40
LP0029_06_L003	10.35590054298365	0memhg38	True40
LP0030_03_L004	8.421483039239458	0memhg38	True40
LP0030_05_L004	6.921932864903664	0memhg38	True40
LP0020_01	1.022094230269837	0memhg38	TrueDI26830XA
LP0020_02	0.6836668898954512	0memhg38	TrueDI26830XA
LP0020_03	1.5284677226070746	0memhg38	TrueDI26830XA
LP0020_04	1.5291211067223105	0memhg38	TrueDI26830XA
LP0020_05	0.9387166721220659	0memhg38	TrueDI26830XA
LP0020_06	0.9036251167648583	0memhg38	TrueDI26830XA
LP0020_07	0.9876146143585258	0memhg38	TrueDI26830XA
LP0020_08	0.9362574045550541	0memhg38	TrueDI26830XA
LP0025_01_L004	0.9142478665415835	0memhg38	TrueDI26830XA
LP0025_02_L004	1.792089447277787	0memhg38	TrueDI26830XA
LP0025_03_L003	0.8489402447317717	0memhg38	TrueDI26830XA
LP0025_04_L004	0.5264308567810836	0memhg38	TrueDI26830XA
LP0025_05_L003	0.7718604415619066	0memhg38	TrueDI26830XA
LP0025_06_L003	3.968520915809968	0memhg38	TrueDI26830XA
LP0025_07_L004	3.6668253121275094	0memhg38	TrueDI26830XA
LP0025_08_L004	1.6800823645673726	0memhg38	TrueDI26830XA
LP0025_10_L003	5.271196931250579	0memhg38	TrueDI26830XA
LP0025_11_L003	3.303843667375925	0memhg38	TrueDI26830XA
LP0025_12_L003	3.123779322503118	0memhg38	TrueDI26830XA
LP0025_15_L003	11.37586907692631	0memhg38	TrueDI26830XA
LP0025_17_L003	5.559061657515605	0memhg38	TrueDI26830XA
LP0025_21_L004	3.8967838431180812	0memhg38	TrueDI26830XA
LP0025_24_L003	8.855770982101166	0memhg38	TrueDI26830XA
LP0026_05_L003	3.124500472203279	0memhg38	TrueDI26830XA
LP0026_07_L003	3.2267297747495953	0memhg38	TrueDI26830XA
LP0026_08_L003	5.7652620365335325	0memhg38	TrueDI26830XA
LP0026_22_L003	7.178498729442575	0memhg38	TrueDI26830XA
LP0026_26_L004	5.456675529682312	0memhg38	TrueDI26830XA
LP0026_38_L004	8.320296824871987	0memhg38	TrueDI26830XA
LP0026_42_L004	6.2804506824363955	0memhg38	TrueDI26830XA
LP0027_26_L003	6.413185963702713	0memhg38	TrueDI26830XA
LP0027_35_L003	4.781703997973451	0memhg38	TrueDI26830XA
LP0027_39_L003	4.47120856950161	0memhg38	TrueDI26830XA
LP0028_01_L004	10.673655054281467	0memhg38	TrueDI26830XA
LP0029_02_L004	1.9015389043945565	0memhg38	TrueDI26830XA
LP0029_04_L003	8.612441975399172	0memhg38	TrueDI26830XA
LP0029_05_L004	7.506527463004138	0memhg38	TrueDI26830XA
LP0029_06_L003	8.830030435872846	0memhg38	TrueDI26830XA
LP0030_03_L004	7.25031273873734	0memhg38	TrueDI26830XA
LP0030_05_L004	6.004361812798034	0memhg38	TrueDI26830XA
LP0020_01	1.0894633340057003	0memhg38noalt	False40
LP0020_02	0.7479226171678942	0memhg38noalt	False40
LP0020_03	1.6148649488911135	0memhg38noalt	False40
LP0020_04	1.5972940097864472	0memhg38noalt	False40
LP0020_05	1.0798976447012283	0memhg38noalt	False40
LP0020_06	0.9309301473875434	0memhg38noalt	False40
LP0020_07	1.056488248411278	0memhg38noalt	False40
LP0020_08	0.9326340149606982	0memhg38noalt	False40
LP0025_01_L004	1.3064816546670361	0memhg38noalt	False40
LP0025_02_L004	1.2553924572880057	0memhg38noalt	False40
LP0025_03_L003	1.1334301585340685	0memhg38noalt	False40
LP0025_04_L004	0.5369698075574989	0memhg38noalt	False40
LP0025_05_L003	0.8972599801900646	0memhg38noalt	False40
LP0025_06_L003	4.996419738663458	0memhg38noalt	False40
LP0025_07_L004	4.173823787727146	0memhg38noalt	False40
LP0025_08_L004	1.5386993433763463	0memhg38noalt	False40
LP0025_10_L003	5.115630748928313	0memhg38noalt	False40
LP0025_11_L003	4.2604403998706015	0memhg38noalt	False40
LP0025_12_L003	4.313893863552354	0memhg38noalt	False40
LP0025_15_L003	18.493960027046402	0memhg38noalt	False40
LP0025_17_L003	7.992808951636534	0memhg38noalt	False40
LP0025_21_L004	4.633414318259438	0memhg38noalt	False40
LP0025_24_L003	13.784744331916716	0memhg38noalt	False40
LP0026_05_L003	3.3437381526963605	0memhg38noalt	False40
LP0026_07_L003	3.5314476422458374	0memhg38noalt	False40
LP0026_08_L003	5.795774594284759	0memhg38noalt	False40
LP0026_22_L003	7.107876819899885	0memhg38noalt	False40
LP0026_26_L004	5.863535926433677	0memhg38noalt	False40
LP0026_38_L004	9.584314499972209	0memhg38noalt	False40
LP0026_42_L004	6.122023399776094	0memhg38noalt	False40
LP0027_26_L003	8.290271529624443	0memhg38noalt	False40
LP0027_35_L003	5.805599513521256	0memhg38noalt	False40
LP0027_39_L003	4.642483206808099	0memhg38noalt	False40
LP0028_01_L004	13.860982207024236	0memhg38noalt	False40
LP0029_02_L004	2.476280578453188	0memhg38noalt	False40
LP0029_04_L003	12.833337039711761	0memhg38noalt	False40
LP0029_05_L004	9.014322176170914	0memhg38noalt	False40
LP0029_06_L003	10.251864384111558	0memhg38noalt	False40
LP0030_03_L004	7.859799288731321	0memhg38noalt	False40
LP0030_05_L004	6.606062514169159	0memhg38noalt	False40
LP0020_01	1.1577480086777348	0memhg38noalt	FalseDI26830XA
LP0020_02	0.8738873085479623	0memhg38noalt	FalseDI26830XA
LP0020_03	1.6794085807641626	0memhg38noalt	FalseDI26830XA
LP0020_04	1.6770022214059885	0memhg38noalt	FalseDI26830XA
LP0020_05	1.1804795606890832	0memhg38noalt	FalseDI26830XA
LP0020_06	0.9782144237548304	0memhg38noalt	FalseDI26830XA
LP0020_07	1.1594671788403283	0memhg38noalt	FalseDI26830XA
LP0020_08	0.9973520410886868	0memhg38noalt	FalseDI26830XA
LP0025_01_L004	1.059245877321512	0memhg38noalt	FalseDI26830XA
LP0025_02_L004	1.5956942815283708	0memhg38noalt	FalseDI26830XA
LP0025_03_L003	0.88442640355494	0memhg38noalt	FalseDI26830XA
LP0025_04_L004	0.538778781733789	0memhg38noalt	FalseDI26830XA
LP0025_05_L003	0.7799367173745361	0memhg38noalt	FalseDI26830XA
LP0025_06_L003	4.062113031094076	0memhg38noalt	FalseDI26830XA
LP0025_07_L004	3.7060245519838664	0memhg38noalt	FalseDI26830XA
LP0025_08_L004	1.6052095062686271	0memhg38noalt	FalseDI26830XA
LP0025_10_L003	5.169527552248949	0memhg38noalt	FalseDI26830XA
LP0025_11_L003	3.4195375302151536	0memhg38noalt	FalseDI26830XA
LP0025_12_L003	3.2898579195868285	0memhg38noalt	FalseDI26830XA
LP0025_15_L003	14.683602390988382	0memhg38noalt	FalseDI26830XA
LP0025_17_L003	5.790687340979147	0memhg38noalt	FalseDI26830XA
LP0025_21_L004	3.6766816520529617	0memhg38noalt	FalseDI26830XA
LP0025_24_L003	9.11792375260806	0memhg38noalt	FalseDI26830XA
LP0026_05_L003	2.9106297821859948	0memhg38noalt	FalseDI26830XA
LP0026_07_L003	3.140326853892933	0memhg38noalt	FalseDI26830XA
LP0026_08_L003	5.756850460774385	0memhg38noalt	FalseDI26830XA
LP0026_22_L003	7.080581417881707	0memhg38noalt	FalseDI26830XA
LP0026_26_L004	5.459417223566657	0memhg38noalt	FalseDI26830XA
LP0026_38_L004	8.810063965425813	0memhg38noalt	FalseDI26830XA
LP0026_42_L004	6.448755456108002	0memhg38noalt	FalseDI26830XA
LP0027_26_L003	6.825913830970543	0memhg38noalt	FalseDI26830XA
LP0027_35_L003	5.254034548151021	0memhg38noalt	FalseDI26830XA
LP0027_39_L003	4.5721165808214685	0memhg38noalt	FalseDI26830XA
LP0028_01_L004	10.787369993527605	0memhg38noalt	FalseDI26830XA
LP0029_02_L004	1.906280001601275	0memhg38noalt	FalseDI26830XA
LP0029_04_L003	8.481208932240776	0memhg38noalt	FalseDI26830XA
LP0029_05_L004	6.4761130678678205	0memhg38noalt	FalseDI26830XA
LP0029_06_L003	8.732713733027092	0memhg38noalt	FalseDI26830XA
LP0030_03_L004	6.9096181107177035	0memhg38noalt	FalseDI26830XA
LP0030_05_L004	6.054814102321904	0memhg38noalt	FalseDI26830XA
LP0020_01	0.9516836366010123	0memhg38noalt	True40
LP0020_02	0.5541204267082419	0memhg38noalt	True40
LP0020_03	1.4471778920693883	0memhg38noalt	True40
LP0020_04	1.4437499926437691	0memhg38noalt	True40
LP0020_05	0.8295148850905665	0memhg38noalt	True40
LP0020_06	0.9007093331266017	0memhg38noalt	True40
LP0020_07	0.8879462428643833	0memhg38noalt	True40
LP0020_08	0.8766454136895894	0memhg38noalt	True40
LP0025_01_L004	1.248174870835166	0memhg38noalt	True40
LP0025_02_L004	1.435821451488461	0memhg38noalt	True40
LP0025_03_L003	1.1498814359535048	0memhg38noalt	True40
LP0025_04_L004	0.49939982744780087	0memhg38noalt	True40
LP0025_05_L003	0.8817888879733684	0memhg38noalt	True40
LP0025_06_L003	5.0546175298795255	0memhg38noalt	True40
LP0025_07_L004	4.229869407292935	0memhg38noalt	True40
LP0025_08_L004	1.5809721677774389	0memhg38noalt	True40
LP0025_10_L003	5.233670820705251	0memhg38noalt	True40
LP0025_11_L003	4.254236707230916	0memhg38noalt	True40
LP0025_12_L003	4.318027971884777	0memhg38noalt	True40
LP0025_15_L003	16.389949350854284	0memhg38noalt	True40
LP0025_17_L003	8.103579313006364	0memhg38noalt	True40
LP0025_21_L004	5.2026301966791015	0memhg38noalt	True40
LP0025_24_L003	15.073428847724697	0memhg38noalt	True40
LP0026_05_L003	3.721390758064561	0memhg38noalt	True40
LP0026_07_L003	3.8491875231267336	0memhg38noalt	True40
LP0026_08_L003	5.813019119138899	0memhg38noalt	True40
LP0026_22_L003	7.169784096399133	0memhg38noalt	True40
LP0026_26_L004	5.951190417839134	0memhg38noalt	True40
LP0026_38_L004	9.712810549344685	0memhg38noalt	True40
LP0026_42_L004	6.136941316502417	0memhg38noalt	True40
LP0027_26_L003	8.011234063245979	0memhg38noalt	True40
LP0027_35_L003	5.589471968039933	0memhg38noalt	True40
LP0027_39_L003	4.6728440700744445	0memhg38noalt	True40
LP0028_01_L004	14.041924090905631	0memhg38noalt	True40
LP0029_02_L004	2.620327382959764	0memhg38noalt	True40
LP0029_04_L003	13.351927564400324	0memhg38noalt	True40
LP0029_05_L004	12.973645896195869	0memhg38noalt	True40
LP0029_06_L003	10.178809957710689	0memhg38noalt	True40
LP0030_03_L004	8.575730057671567	0memhg38noalt	True40
LP0030_05_L004	6.948470720493357	0memhg38noalt	True40
LP0020_01	1.0074115926325682	0memhg38noalt	TrueDI26830XA
LP0020_02	0.6995132527249666	0memhg38noalt	TrueDI26830XA
LP0020_03	1.507132440909311	0memhg38noalt	TrueDI26830XA
LP0020_04	1.5223882720573145	0memhg38noalt	TrueDI26830XA
LP0020_05	0.9188731219952546	0memhg38noalt	TrueDI26830XA
LP0020_06	0.9103225939486558	0memhg38noalt	TrueDI26830XA
LP0020_07	0.9831900358680049	0memhg38noalt	TrueDI26830XA
LP0020_08	0.9340839992248463	0memhg38noalt	TrueDI26830XA
LP0025_01_L004	0.9647587994982871	0memhg38noalt	TrueDI26830XA
LP0025_02_L004	1.7590416605633303	0memhg38noalt	TrueDI26830XA
LP0025_03_L003	0.8766791893631258	0memhg38noalt	TrueDI26830XA
LP0025_04_L004	0.5204191959666834	0memhg38noalt	TrueDI26830XA
LP0025_05_L003	0.7695418522670783	0memhg38noalt	TrueDI26830XA
LP0025_06_L003	4.056570951337285	0memhg38noalt	TrueDI26830XA
LP0025_07_L004	3.6955967937870726	0memhg38noalt	TrueDI26830XA
LP0025_08_L004	1.6613626415457117	0memhg38noalt	TrueDI26830XA
LP0025_10_L003	5.286259542083519	0memhg38noalt	TrueDI26830XA
LP0025_11_L003	3.3921213270960853	0memhg38noalt	TrueDI26830XA
LP0025_12_L003	3.242533916287625	0memhg38noalt	TrueDI26830XA
LP0025_15_L003	12.421562140450625	0memhg38noalt	TrueDI26830XA
LP0025_17_L003	5.814995986058557	0memhg38noalt	TrueDI26830XA
LP0025_21_L004	4.075010796099876	0memhg38noalt	TrueDI26830XA
LP0025_24_L003	9.386704292481944	0memhg38noalt	TrueDI26830XA
LP0026_05_L003	3.2341217889512426	0memhg38noalt	TrueDI26830XA
LP0026_07_L003	3.3859933551440276	0memhg38noalt	TrueDI26830XA
LP0026_08_L003	5.7620342399893865	0memhg38noalt	TrueDI26830XA
LP0026_22_L003	7.156013264866995	0memhg38noalt	TrueDI26830XA
LP0026_26_L004	5.480595144413648	0memhg38noalt	TrueDI26830XA
LP0026_38_L004	8.520055337017816	0memhg38noalt	TrueDI26830XA
LP0026_42_L004	6.386057445828599	0memhg38noalt	TrueDI26830XA
LP0027_26_L003	6.559285207311914	0memhg38noalt	TrueDI26830XA
LP0027_35_L003	4.9852655534840755	0memhg38noalt	TrueDI26830XA
LP0027_39_L003	4.55877127813488	0memhg38noalt	TrueDI26830XA
LP0028_01_L004	10.813738717520893	0memhg38noalt	TrueDI26830XA
LP0029_02_L004	1.976387289353239	0memhg38noalt	TrueDI26830XA
LP0029_04_L003	8.901296566041687	0memhg38noalt	TrueDI26830XA
LP0029_05_L004	8.364939322559358	0memhg38noalt	TrueDI26830XA
LP0029_06_L003	8.84584800622065	0memhg38noalt	TrueDI26830XA
LP0030_03_L004	7.514395542245383	0memhg38noalt	TrueDI26830XA
LP0030_05_L004	6.2826142714270325	0memhg38noalt	TrueDI26830XA
LP0020_01	1.0893193772572403	30memhg19	False40
LP0020_02	0.7489690521973104	30memhg19	False40
LP0020_03	1.6149359467916362	30memhg19	False40
LP0020_04	1.5964820670804198	30memhg19	False40
LP0020_05	1.0727593167374159	30memhg19	False40
LP0020_06	0.9676647281544309	30memhg19	False40
LP0020_07	1.0516412549141514	30memhg19	False40
LP0020_08	0.9410882586745618	30memhg19	False40
LP0025_01_L004	1.2581716637278082	30memhg19	False40
LP0025_02_L004	1.2640494591346327	30memhg19	False40
LP0025_03_L003	1.1020189693751454	30memhg19	False40
LP0025_04_L004	0.542031952621636	30memhg19	False40
LP0025_05_L003	0.9026871616545883	30memhg19	False40
LP0025_06_L003	4.849978342201504	30memhg19	False40
LP0025_07_L004	4.139527073454621	30memhg19	False40
LP0025_08_L004	1.547880671389544	30memhg19	False40
LP0025_10_L003	5.252553720432499	30memhg19	False40
LP0025_11_L003	4.22622512462505	30memhg19	False40
LP0025_12_L003	4.325023412289213	30memhg19	False40
LP0025_15_L003	18.87250250905941	30memhg19	False40
LP0025_17_L003	8.189739367109636	30memhg19	False40
LP0025_21_L004	4.465932477687961	30memhg19	False40
LP0025_24_L003	14.231476454506595	30memhg19	False40
LP0026_05_L003	3.2820330862086124	30memhg19	False40
LP0026_07_L003	3.458758499079159	30memhg19	False40
LP0026_08_L003	6.072093354353714	30memhg19	False40
LP0026_22_L003	7.2846896523183275	30memhg19	False40
LP0026_26_L004	5.969545245350879	30memhg19	False40
LP0026_38_L004	9.381263989048618	30memhg19	False40
LP0026_42_L004	6.299998245466349	30memhg19	False40
LP0027_26_L003	8.32838971459767	30memhg19	False40
LP0027_35_L003	5.8459778001811085	30memhg19	False40
LP0027_39_L003	4.705520433084093	30memhg19	False40
LP0028_01_L004	13.888796604458445	30memhg19	False40
LP0029_02_L004	2.3761794154024614	30memhg19	False40
LP0029_04_L003	11.900528962321928	30memhg19	False40
LP0029_05_L004	8.787004473251775	30memhg19	False40
LP0029_06_L003	10.492716646934479	30memhg19	False40
LP0030_03_L004	7.8447992314310815	30memhg19	False40
LP0030_05_L004	6.5716725270149166	30memhg19	False40
LP0020_01	1.1173251366176067	30memhg19	FalseDI26830XA
LP0020_02	0.8163791406577593	30memhg19	FalseDI26830XA
LP0020_03	1.6458837436259435	30memhg19	FalseDI26830XA
LP0020_04	1.6331105420538758	30memhg19	FalseDI26830XA
LP0020_05	1.136076025134692	30memhg19	FalseDI26830XA
LP0020_06	0.9902905924351828	30memhg19	FalseDI26830XA
LP0020_07	1.1017707443547295	30memhg19	FalseDI26830XA
LP0020_08	0.9723447503023724	30memhg19	FalseDI26830XA
LP0025_01_L004	1.1427836586791993	30memhg19	FalseDI26830XA
LP0025_02_L004	1.431588506990391	30memhg19	FalseDI26830XA
LP0025_03_L003	0.9640878657237382	30memhg19	FalseDI26830XA
LP0025_04_L004	0.5439071692302341	30memhg19	FalseDI26830XA
LP0025_05_L003	0.8513551655113172	30memhg19	FalseDI26830XA
LP0025_06_L003	4.413470587847641	30memhg19	FalseDI26830XA
LP0025_07_L004	3.85322478294349	30memhg19	FalseDI26830XA
LP0025_08_L004	1.5811438330974203	30memhg19	FalseDI26830XA
LP0025_10_L003	5.254321229802227	30memhg19	FalseDI26830XA
LP0025_11_L003	3.779959855425442	30memhg19	FalseDI26830XA
LP0025_12_L003	3.824845396818807	30memhg19	FalseDI26830XA
LP0025_15_L003	18.069690991150036	30memhg19	FalseDI26830XA
LP0025_17_L003	6.781702888195511	30memhg19	FalseDI26830XA
LP0025_21_L004	4.048467293877501	30memhg19	FalseDI26830XA
LP0025_24_L003	11.3163343590704	30memhg19	FalseDI26830XA
LP0026_05_L003	3.0781568402617197	30memhg19	FalseDI26830XA
LP0026_07_L003	3.348913411898074	30memhg19	FalseDI26830XA
LP0026_08_L003	5.994112902315321	30memhg19	FalseDI26830XA
LP0026_22_L003	7.152533992769095	30memhg19	FalseDI26830XA
LP0026_26_L004	5.732939520942283	30memhg19	FalseDI26830XA
LP0026_38_L004	9.595638373412887	30memhg19	FalseDI26830XA
LP0026_42_L004	6.4487617721192425	30memhg19	FalseDI26830XA
LP0027_26_L003	7.889671419715932	30memhg19	FalseDI26830XA
LP0027_35_L003	5.718478734578055	30memhg19	FalseDI26830XA
LP0027_39_L003	4.668522481235221	30memhg19	FalseDI26830XA
LP0028_01_L004	12.278925129733484	30memhg19	FalseDI26830XA
LP0029_02_L004	2.1275147435762447	30memhg19	FalseDI26830XA
LP0029_04_L003	10.110896692605557	30memhg19	FalseDI26830XA
LP0029_05_L004	7.805254651477755	30memhg19	FalseDI26830XA
LP0029_06_L003	9.585701917974474	30memhg19	FalseDI26830XA
LP0030_03_L004	7.252285255126045	30memhg19	FalseDI26830XA
LP0030_05_L004	6.159034729509981	30memhg19	FalseDI26830XA
LP0020_01	0.9576561181130595	30memhg19	True40
LP0020_02	0.5640571593826389	30memhg19	True40
LP0020_03	1.4465084984834404	30memhg19	True40
LP0020_04	1.4508851687086075	30memhg19	True40
LP0020_05	0.8294952256157646	30memhg19	True40
LP0020_06	0.9216435006080891	30memhg19	True40
LP0020_07	0.8870190759865799	30memhg19	True40
LP0020_08	0.8935163111236962	30memhg19	True40
LP0025_01_L004	1.1978579617163359	30memhg19	True40
LP0025_02_L004	1.447472601288132	30memhg19	True40
LP0025_03_L003	1.1131647997962582	30memhg19	True40
LP0025_04_L004	0.5056474034995573	30memhg19	True40
LP0025_05_L003	0.884934190283317	30memhg19	True40
LP0025_06_L003	4.917955291711643	30memhg19	True40
LP0025_07_L004	4.184402552820716	30memhg19	True40
LP0025_08_L004	1.5872565551181208	30memhg19	True40
LP0025_10_L003	5.361166229457454	30memhg19	True40
LP0025_11_L003	4.210125992031268	30memhg19	True40
LP0025_12_L003	4.343882533413822	30memhg19	True40
LP0025_15_L003	16.286042702751352	30memhg19	True40
LP0025_17_L003	8.342999516628142	30memhg19	True40
LP0025_21_L004	4.955274909583143	30memhg19	True40
LP0025_24_L003	15.03620943510279	30memhg19	True40
LP0026_05_L003	3.6479105012746906	30memhg19	True40
LP0026_07_L003	3.7932839779239726	30memhg19	True40
LP0026_08_L003	6.068823018903931	30memhg19	True40
LP0026_22_L003	7.388435845409597	30memhg19	True40
LP0026_26_L004	6.008101132580682	30memhg19	True40
LP0026_38_L004	9.502610412870943	30memhg19	True40
LP0026_42_L004	6.346262300243773	30memhg19	True40
LP0027_26_L003	8.056945510774716	30memhg19	True40
LP0027_35_L003	5.620958418584035	30memhg19	True40
LP0027_39_L003	4.721121031265813	30memhg19	True40
LP0028_01_L004	14.104853066155375	30memhg19	True40
LP0029_02_L004	2.5004378457525527	30memhg19	True40
LP0029_04_L003	12.224823811067742	30memhg19	True40
LP0029_05_L004	12.223304992104866	30memhg19	True40
LP0029_06_L003	10.388820961713382	30memhg19	True40
LP0030_03_L004	8.55007372735785	30memhg19	True40
LP0030_05_L004	6.920040987177388	30memhg19	True40
LP0020_01	0.9718091950697558	30memhg19	TrueDI26830XA
LP0020_02	0.6258856641691904	30memhg19	TrueDI26830XA
LP0020_03	1.467063595481286	30memhg19	TrueDI26830XA
LP0020_04	1.4857297500745303	30memhg19	TrueDI26830XA
LP0020_05	0.8802060962366984	30memhg19	TrueDI26830XA
LP0020_06	0.9178404305410405	30memhg19	TrueDI26830XA
LP0020_07	0.9296291496362397	30memhg19	TrueDI26830XA
LP0020_08	0.9129088471471499	30memhg19	TrueDI26830XA
LP0025_01_L004	1.0538625432313224	30memhg19	TrueDI26830XA
LP0025_02_L004	1.6337841997327347	30memhg19	TrueDI26830XA
LP0025_03_L003	0.9585203579060856	30memhg19	TrueDI26830XA
LP0025_04_L004	0.5192237746029412	30memhg19	TrueDI26830XA
LP0025_05_L003	0.8396690956792281	30memhg19	TrueDI26830XA
LP0025_06_L003	4.4308678747740835	30memhg19	TrueDI26830XA
LP0025_07_L004	3.8652320036556245	30memhg19	TrueDI26830XA
LP0025_08_L004	1.6300957700449352	30memhg19	TrueDI26830XA
LP0025_10_L003	5.354603099506137	30memhg19	TrueDI26830XA
LP0025_11_L003	3.7628883919096485	30memhg19	TrueDI26830XA
LP0025_12_L003	3.8497385910057527	30memhg19	TrueDI26830XA
LP0025_15_L003	15.038355968625552	30memhg19	TrueDI26830XA
LP0025_17_L003	6.860343535571232	30memhg19	TrueDI26830XA
LP0025_21_L004	4.4156622342536584	30memhg19	TrueDI26830XA
LP0025_24_L003	11.797621919053787	30memhg19	TrueDI26830XA
LP0026_05_L003	3.4128350974456	30memhg19	TrueDI26830XA
LP0026_07_L003	3.6786974158334638	30memhg19	TrueDI26830XA
LP0026_08_L003	5.999903615680017	30memhg19	TrueDI26830XA
LP0026_22_L003	7.24195385461827	30memhg19	TrueDI26830XA
LP0026_26_L004	5.782452196452367	30memhg19	TrueDI26830XA
LP0026_38_L004	9.512961373156486	30memhg19	TrueDI26830XA
LP0026_42_L004	6.424822308405407	30memhg19	TrueDI26830XA
LP0027_26_L003	7.618537593253178	30memhg19	TrueDI26830XA
LP0027_35_L003	5.453987213321118	30memhg19	TrueDI26830XA
LP0027_39_L003	4.645270650917561	30memhg19	TrueDI26830XA
LP0028_01_L004	12.463300953157864	30memhg19	TrueDI26830XA
LP0029_02_L004	2.2155331589584257	30memhg19	TrueDI26830XA
LP0029_04_L003	10.33222597856494	30memhg19	TrueDI26830XA
LP0029_05_L004	10.328563766689307	30memhg19	TrueDI26830XA
LP0029_06_L003	9.48590031036618	30memhg19	TrueDI26830XA
LP0030_03_L004	7.723836245685645	30memhg19	TrueDI26830XA
LP0030_05_L004	6.397967165940887	30memhg19	TrueDI26830XA
LP0020_01	1.1508658469451325	30memhg19decoy	False40
LP0020_02	0.8521600851307175	30memhg19decoy	False40
LP0020_03	1.6766674565355826	30memhg19decoy	False40
LP0020_04	1.6646047133086272	30memhg19decoy	False40
LP0020_05	1.1677305254743646	30memhg19decoy	False40
LP0020_06	1.0174384835874408	30memhg19decoy	False40
LP0020_07	1.1357638375478643	30memhg19decoy	False40
LP0020_08	1.0032084774365997	30memhg19decoy	False40
LP0025_01_L004	1.1165548560553862	30memhg19decoy	False40
LP0025_02_L004	1.383600801204126	30memhg19decoy	False40
LP0025_03_L003	0.9063957862970696	30memhg19decoy	False40
LP0025_04_L004	0.5303133727826923	30memhg19decoy	False40
LP0025_05_L003	0.8035935148518561	30memhg19decoy	False40
LP0025_06_L003	4.095506456821863	30memhg19decoy	False40
LP0025_07_L004	3.9186772090671447	30memhg19decoy	False40
LP0025_08_L004	1.5880156164689077	30memhg19decoy	False40
LP0025_10_L003	5.2691189148432995	30memhg19decoy	False40
LP0025_11_L003	3.5972241785913153	30memhg19decoy	False40
LP0025_12_L003	3.4377907276240554	30memhg19decoy	False40
LP0025_15_L003	14.409020994207696	30memhg19decoy	False40
LP0025_17_L003	6.401084304669798	30memhg19decoy	False40
LP0025_21_L004	3.7245660272716354	30memhg19decoy	False40
LP0025_24_L003	10.275377931555502	30memhg19decoy	False40
LP0026_05_L003	2.9266773530817596	30memhg19decoy	False40
LP0026_07_L003	3.0742828494286116	30memhg19decoy	False40
LP0026_08_L003	6.10382297513616	30memhg19decoy	False40
LP0026_22_L003	7.431678366560932	30memhg19decoy	False40
LP0026_26_L004	5.780133214702506	30memhg19decoy	False40
LP0026_38_L004	9.05179571819191	30memhg19decoy	False40
LP0026_42_L004	6.487782614056119	30memhg19decoy	False40
LP0027_26_L003	7.17924698955337	30memhg19decoy	False40
LP0027_35_L003	5.2323722073564065	30memhg19decoy	False40
LP0027_39_L003	4.582521389258589	30memhg19decoy	False40
LP0028_01_L004	12.509319322012905	30memhg19decoy	False40
LP0029_02_L004	1.9585002775294356	30memhg19decoy	False40
LP0029_04_L003	9.133082959374827	30memhg19decoy	False40
LP0029_05_L004	6.528780034809323	30memhg19decoy	False40
LP0029_06_L003	9.410459546034405	30memhg19decoy	False40
LP0030_03_L004	7.1376065470965075	30memhg19decoy	False40
LP0030_05_L004	6.123951316052314	30memhg19decoy	False40
LP0020_01	1.147257295594704	30memhg19decoy	FalseDI26830XA
LP0020_02	0.8616905304236915	30memhg19decoy	FalseDI26830XA
LP0020_03	1.6768859747635192	30memhg19decoy	FalseDI26830XA
LP0020_04	1.668329997107368	30memhg19decoy	FalseDI26830XA
LP0020_05	1.179820285221566	30memhg19decoy	FalseDI26830XA
LP0020_06	1.0169361813871012	30memhg19decoy	FalseDI26830XA
LP0020_07	1.1449825773582443	30memhg19decoy	FalseDI26830XA
LP0020_08	1.004534671586162	30memhg19decoy	FalseDI26830XA
LP0025_01_L004	1.0815393812761	30memhg19decoy	FalseDI26830XA
LP0025_02_L004	1.4915707160821006	30memhg19decoy	FalseDI26830XA
LP0025_03_L003	0.8737203010832445	30memhg19decoy	FalseDI26830XA
LP0025_04_L004	0.5416451496364326	30memhg19decoy	FalseDI26830XA
LP0025_05_L003	0.8070079699253709	30memhg19decoy	FalseDI26830XA
LP0025_06_L003	4.004990031238984	30memhg19decoy	FalseDI26830XA
LP0025_07_L004	3.750088875627886	30memhg19decoy	FalseDI26830XA
LP0025_08_L004	1.5969815597342487	30memhg19decoy	FalseDI26830XA
LP0025_10_L003	5.264007837998365	30memhg19decoy	FalseDI26830XA
LP0025_11_L003	3.5148869009240684	30memhg19decoy	FalseDI26830XA
LP0025_12_L003	3.4672242616105193	30memhg19decoy	FalseDI26830XA
LP0025_15_L003	15.421291473333802	30memhg19decoy	FalseDI26830XA
LP0025_17_L003	6.12254113132543	30memhg19decoy	FalseDI26830XA
LP0025_21_L004	3.69664300358105	30memhg19decoy	FalseDI26830XA
LP0025_24_L003	9.976851263912856	30memhg19decoy	FalseDI26830XA
LP0026_05_L003	2.9285620332278213	30memhg19decoy	FalseDI26830XA
LP0026_07_L003	3.1810442330219444	30memhg19decoy	FalseDI26830XA
LP0026_08_L003	5.9810395784810115	30memhg19decoy	FalseDI26830XA
LP0026_22_L003	7.16718710566757	30memhg19decoy	FalseDI26830XA
LP0026_26_L004	5.637734229964691	30memhg19decoy	FalseDI26830XA
LP0026_38_L004	8.984992484864067	30memhg19decoy	FalseDI26830XA
LP0026_42_L004	6.526108925139717	30memhg19decoy	FalseDI26830XA
LP0027_26_L003	7.284545911079029	30memhg19decoy	FalseDI26830XA
LP0027_35_L003	5.3933223651014774	30memhg19decoy	FalseDI26830XA
LP0027_39_L003	4.611083991795525	30memhg19decoy	FalseDI26830XA
LP0028_01_L004	11.507777781951352	30memhg19decoy	FalseDI26830XA
LP0029_02_L004	1.9367362137369968	30memhg19decoy	FalseDI26830XA
LP0029_04_L003	8.7259596725332	30memhg19decoy	FalseDI26830XA
LP0029_05_L004	6.782645674168677	30memhg19decoy	FalseDI26830XA
LP0029_06_L003	8.936067870088909	30memhg19decoy	FalseDI26830XA
LP0030_03_L004	6.9400286861980325	30memhg19decoy	FalseDI26830XA
LP0030_05_L004	5.90109001000786	30memhg19decoy	FalseDI26830XA
LP0020_01	1.0209538105660898	30memhg19decoy	True40
LP0020_02	0.6697646033797359	30memhg19decoy	True40
LP0020_03	1.520630346202701	30memhg19decoy	True40
LP0020_04	1.519886819099109	30memhg19decoy	True40
LP0020_05	0.935247879059606	30memhg19decoy	True40
LP0020_06	0.9412441952339374	30memhg19decoy	True40
LP0020_07	0.9760891070658375	30memhg19decoy	True40
LP0020_08	0.9436022588346925	30memhg19decoy	True40
LP0025_01_L004	1.0452315848665077	30memhg19decoy	True40
LP0025_02_L004	1.567926478724596	30memhg19decoy	True40
LP0025_03_L003	0.899181961951004	30memhg19decoy	True40
LP0025_04_L004	0.5056069247352595	30memhg19decoy	True40
LP0025_05_L003	0.7940501032409928	30memhg19decoy	True40
LP0025_06_L003	4.065787075290425	30memhg19decoy	True40
LP0025_07_L004	3.939049026454249	30memhg19decoy	True40
LP0025_08_L004	1.6298699971017667	30memhg19decoy	True40
LP0025_10_L003	5.394298211550451	30memhg19decoy	True40
LP0025_11_L003	3.5605236191798832	30memhg19decoy	True40
LP0025_12_L003	3.3589043267612437	30memhg19decoy	True40
LP0025_15_L003	11.578673424248144	30memhg19decoy	True40
LP0025_17_L003	6.42340367494156	30memhg19decoy	True40
LP0025_21_L004	4.123829241367912	30memhg19decoy	True40
LP0025_24_L003	10.471747733652	30memhg19decoy	True40
LP0026_05_L003	3.24100777801081	30memhg19decoy	True40
LP0026_07_L003	3.2936627947213175	30memhg19decoy	True40
LP0026_08_L003	6.117305691301885	30memhg19decoy	True40
LP0026_22_L003	7.530407074607054	30memhg19decoy	True40
LP0026_26_L004	5.821162749989226	30memhg19decoy	True40
LP0026_38_L004	8.64455877065241	30memhg19decoy	True40
LP0026_42_L004	6.3909711031906005	30memhg19decoy	True40
LP0027_26_L003	6.786250999805256	30memhg19decoy	True40
LP0027_35_L003	4.910446346911352	30memhg19decoy	True40
LP0027_39_L003	4.516925310495008	30memhg19decoy	True40
LP0028_01_L004	12.569800050456857	30memhg19decoy	True40
LP0029_02_L004	2.022295688659199	30memhg19decoy	True40
LP0029_04_L003	9.226746627505166	30memhg19decoy	True40
LP0029_05_L004	8.242093859132654	30memhg19decoy	True40
LP0029_06_L003	9.57938534653286	30memhg19decoy	True40
LP0030_03_L004	7.811896275462808	30memhg19decoy	True40
LP0030_05_L004	6.365060514217862	30memhg19decoy	True40
LP0020_01	1.0065436828526795	30memhg19decoy	TrueDI26830XA
LP0020_02	0.6848893574904851	30memhg19decoy	TrueDI26830XA
LP0020_03	1.5064227443359763	30memhg19decoy	TrueDI26830XA
LP0020_04	1.5181917676304835	30memhg19decoy	TrueDI26830XA
LP0020_05	0.9255722048166058	30memhg19decoy	TrueDI26830XA
LP0020_06	0.9417604818024843	30memhg19decoy	TrueDI26830XA
LP0020_07	0.9660302869504321	30memhg19decoy	TrueDI26830XA
LP0020_08	0.9352393714888366	30memhg19decoy	TrueDI26830XA
LP0025_01_L004	0.9909621708180398	30memhg19decoy	TrueDI26830XA
LP0025_02_L004	1.684965846400284	30memhg19decoy	TrueDI26830XA
LP0025_03_L003	0.8619255885005367	30memhg19decoy	TrueDI26830XA
LP0025_04_L004	0.5224478096023013	30memhg19decoy	TrueDI26830XA
LP0025_05_L003	0.7985244085855133	30memhg19decoy	TrueDI26830XA
LP0025_06_L003	4.021363135174845	30memhg19decoy	TrueDI26830XA
LP0025_07_L004	3.750502146018153	30memhg19decoy	TrueDI26830XA
LP0025_08_L004	1.6496600897621667	30memhg19decoy	TrueDI26830XA
LP0025_10_L003	5.372919425275951	30memhg19decoy	TrueDI26830XA
LP0025_11_L003	3.4892716452503203	30memhg19decoy	TrueDI26830XA
LP0025_12_L003	3.4418653491118367	30memhg19decoy	TrueDI26830XA
LP0025_15_L003	12.719803983545885	30memhg19decoy	TrueDI26830XA
LP0025_17_L003	6.222604005143215	30memhg19decoy	TrueDI26830XA
LP0025_21_L004	4.0691757361838246	30memhg19decoy	TrueDI26830XA
LP0025_24_L003	10.285892012103199	30memhg19decoy	TrueDI26830XA
LP0026_05_L003	3.2586580348033816	30memhg19decoy	TrueDI26830XA
LP0026_07_L003	3.444709032389679	30memhg19decoy	TrueDI26830XA
LP0026_08_L003	5.974070962484073	30memhg19decoy	TrueDI26830XA
LP0026_22_L003	7.2640257871238525	30memhg19decoy	TrueDI26830XA
LP0026_26_L004	5.683654939253837	30memhg19decoy	TrueDI26830XA
LP0026_38_L004	8.753815650670626	30memhg19decoy	TrueDI26830XA
LP0026_42_L004	6.455720892332195	30memhg19decoy	TrueDI26830XA
LP0027_26_L003	7.007076259196375	30memhg19decoy	TrueDI26830XA
LP0027_35_L003	5.130737667830213	30memhg19decoy	TrueDI26830XA
LP0027_39_L003	4.586065301046947	30memhg19decoy	TrueDI26830XA
LP0028_01_L004	11.638579023376161	30memhg19decoy	TrueDI26830XA
LP0029_02_L004	2.0054042645598913	30memhg19decoy	TrueDI26830XA
LP0029_04_L003	9.034654951545823	30memhg19decoy	TrueDI26830XA
LP0029_05_L004	8.715445057278316	30memhg19decoy	TrueDI26830XA
LP0029_06_L003	9.047337752430435	30memhg19decoy	TrueDI26830XA
LP0030_03_L004	7.459710075459066	30memhg19decoy	TrueDI26830XA
LP0030_05_L004	6.102987822340667	30memhg19decoy	TrueDI26830XA
LP0020_01	1.0901709812350544	30memhg38	False40
LP0020_02	0.7659826902897735	30memhg38	False40
LP0020_03	1.6088195162407153	30memhg38	False40
LP0020_04	1.586595715753557	30memhg38	False40
LP0020_05	1.0909558689617287	30memhg38	False40
LP0020_06	0.9729318828190731	30memhg38	False40
LP0020_07	1.0584846659046592	30memhg38	False40
LP0020_08	0.9437093879196442	30memhg38	False40
LP0025_01_L004	1.2547728828105695	30memhg38	False40
LP0025_02_L004	1.2646602123457997	30memhg38	False40
LP0025_03_L003	1.0603672196916814	30memhg38	False40
LP0025_04_L004	0.5457191150046349	30memhg38	False40
LP0025_05_L003	0.8819081165609184	30memhg38	False40
LP0025_06_L003	4.743033341781259	30memhg38	False40
LP0025_07_L004	4.097884835345486	30memhg38	False40
LP0025_08_L004	1.5501003173920258	30memhg38	False40
LP0025_10_L003	5.211035261320368	30memhg38	False40
LP0025_11_L003	4.098135214272253	30memhg38	False40
LP0025_12_L003	4.0889925718460445	30memhg38	False40
LP0025_15_L003	18.619601882477475	30memhg38	False40
LP0025_17_L003	7.856364134016432	30memhg38	False40
LP0025_21_L004	4.3533913082560005	30memhg38	False40
LP0025_24_L003	13.112474279708879	30memhg38	False40
LP0026_05_L003	3.1646260434418476	30memhg38	False40
LP0026_07_L003	3.4236758183408185	30memhg38	False40
LP0026_08_L003	5.9678728840513084	30memhg38	False40
LP0026_22_L003	7.265238185691745	30memhg38	False40
LP0026_26_L004	5.91383182501685	30memhg38	False40
LP0026_38_L004	9.481812676116183	30memhg38	False40
LP0026_42_L004	6.23774471696194	30memhg38	False40
LP0027_26_L003	8.213686830042798	30memhg38	False40
LP0027_35_L003	5.773185656856842	30memhg38	False40
LP0027_39_L003	4.685269946093932	30memhg38	False40
LP0028_01_L004	13.643109926722326	30memhg38	False40
LP0029_02_L004	2.3012316617624347	30memhg38	False40
LP0029_04_L003	11.626736451221966	30memhg38	False40
LP0029_05_L004	8.871581497345243	30memhg38	False40
LP0029_06_L003	10.399126662229694	30memhg38	False40
LP0030_03_L004	7.809574424124321	30memhg38	False40
LP0030_05_L004	6.602045661099845	30memhg38	False40
LP0020_01	1.1542119777103075	30memhg38	FalseDI26830XA
LP0020_02	0.8637584551405517	30memhg38	FalseDI26830XA
LP0020_03	1.6697404105817493	30memhg38	FalseDI26830XA
LP0020_04	1.6693588381259232	30memhg38	FalseDI26830XA
LP0020_05	1.1805793746629991	30memhg38	FalseDI26830XA
LP0020_06	1.0194930471152117	30memhg38	FalseDI26830XA
LP0020_07	1.1577047788838046	30memhg38	FalseDI26830XA
LP0020_08	1.0038983536817134	30memhg38	FalseDI26830XA
LP0025_01_L004	1.0404735391290463	30memhg38	FalseDI26830XA
LP0025_02_L004	1.5991520502055512	30memhg38	FalseDI26830XA
LP0025_03_L003	0.8551957180421206	30memhg38	FalseDI26830XA
LP0025_04_L004	0.5534312509112453	30memhg38	FalseDI26830XA
LP0025_05_L003	0.7843599627372253	30memhg38	FalseDI26830XA
LP0025_06_L003	3.9154752467577225	30memhg38	FalseDI26830XA
LP0025_07_L004	3.6641158899828845	30memhg38	FalseDI26830XA
LP0025_08_L004	1.6115757921096068	30memhg38	FalseDI26830XA
LP0025_10_L003	5.240839971645674	30memhg38	FalseDI26830XA
LP0025_11_L003	3.365867311898917	30memhg38	FalseDI26830XA
LP0025_12_L003	3.23295480017617	30memhg38	FalseDI26830XA
LP0025_15_L003	14.1082886622962	30memhg38	FalseDI26830XA
LP0025_17_L003	5.711501249296074	30memhg38	FalseDI26830XA
LP0025_21_L004	3.5352095525912763	30memhg38	FalseDI26830XA
LP0025_24_L003	8.719557077942335	30memhg38	FalseDI26830XA
LP0026_05_L003	2.7973261728765806	30memhg38	FalseDI26830XA
LP0026_07_L003	3.0819224955838145	30memhg38	FalseDI26830XA
LP0026_08_L003	5.846658571973866	30memhg38	FalseDI26830XA
LP0026_22_L003	7.08507187102843	30memhg38	FalseDI26830XA
LP0026_26_L004	5.472544217841023	30memhg38	FalseDI26830XA
LP0026_38_L004	8.247724739670334	30memhg38	FalseDI26830XA
LP0026_42_L004	6.462239491039844	30memhg38	FalseDI26830XA
LP0027_26_L003	6.797502750142164	30memhg38	FalseDI26830XA
LP0027_35_L003	5.253895637530561	30memhg38	FalseDI26830XA
LP0027_39_L003	4.58064165286059	30memhg38	FalseDI26830XA
LP0028_01_L004	10.439821020138957	30memhg38	FalseDI26830XA
LP0029_02_L004	1.8549366576778883	30memhg38	FalseDI26830XA
LP0029_04_L003	8.126627927789526	30memhg38	FalseDI26830XA
LP0029_05_L004	6.408940990032929	30memhg38	FalseDI26830XA
LP0029_06_L003	8.708094396026587	30memhg38	FalseDI26830XA
LP0030_03_L004	6.802008218679118	30memhg38	FalseDI26830XA
LP0030_05_L004	5.939650140343167	30memhg38	FalseDI26830XA
LP0020_01	0.967329293184905	30memhg38	True40
LP0020_02	0.6016660447731969	30memhg38	True40
LP0020_03	1.4644434004871099	30memhg38	True40
LP0020_04	1.4512444481696232	30memhg38	True40
LP0020_05	0.8670336946997218	30memhg38	True40
LP0020_06	0.9207061768322865	30memhg38	True40
LP0020_07	0.9097637055305666	30memhg38	True40
LP0020_08	0.8958148901383257	30memhg38	True40
LP0025_01_L004	1.1267952229056437	30memhg38	True40
LP0025_02_L004	1.495264748664765	30memhg38	True40
LP0025_03_L003	1.0317568148138856	30memhg38	True40
LP0025_04_L004	0.49776550506447564	30memhg38	True40
LP0025_05_L003	0.8600026707392466	30memhg38	True40
LP0025_06_L003	4.688402097968279	30memhg38	True40
LP0025_07_L004	4.130527734319598	30memhg38	True40
LP0025_08_L004	1.6119037884883585	30memhg38	True40
LP0025_10_L003	5.301993656521041	30memhg38	True40
LP0025_11_L003	4.0055334278060934	30memhg38	True40
LP0025_12_L003	3.9408442556993055	30memhg38	True40
LP0025_15_L003	14.872617415097102	30memhg38	True40
LP0025_17_L003	7.687485341928053	30memhg38	True40
LP0025_21_L004	4.648273139421297	30memhg38	True40
LP0025_24_L003	13.155434566878665	30memhg38	True40
LP0026_05_L003	3.4134905297957308	30memhg38	True40
LP0026_07_L003	3.550635031773286	30memhg38	True40
LP0026_08_L003	6.019609923122606	30memhg38	True40
LP0026_22_L003	7.441170748881658	30memhg38	True40
LP0026_26_L004	6.012248479754709	30memhg38	True40
LP0026_38_L004	9.50815498679232	30memhg38	True40
LP0026_42_L004	6.155585947680376	30memhg38	True40
LP0027_26_L003	7.792259572707957	30memhg38	True40
LP0027_35_L003	5.303195912779439	30memhg38	True40
LP0027_39_L003	4.615169298075692	30memhg38	True40
LP0028_01_L004	14.409714432542671	30memhg38	True40
LP0029_02_L004	2.314485328508498	30memhg38	True40
LP0029_04_L003	11.859251187603787	30memhg38	True40
LP0029_05_L004	11.065496245101015	30memhg38	True40
LP0029_06_L003	10.47795096619034	30memhg38	True40
LP0030_03_L004	8.243494520604575	30memhg38	True40
LP0030_05_L004	6.783045145696856	30memhg38	True40
LP0020_01	1.0308403117910967	30memhg38	TrueDI26830XA
LP0020_02	0.7052340003195279	30memhg38	TrueDI26830XA
LP0020_03	1.5359852038657662	30memhg38	TrueDI26830XA
LP0020_04	1.5283015809162896	30memhg38	TrueDI26830XA
LP0020_05	0.9423009832677719	30memhg38	TrueDI26830XA
LP0020_06	0.9397538523534715	30memhg38	TrueDI26830XA
LP0020_07	0.9977915610879771	30memhg38	TrueDI26830XA
LP0020_08	0.9468629742809044	30memhg38	TrueDI26830XA
LP0025_01_L004	0.8759144737547861	30memhg38	TrueDI26830XA
LP0025_02_L004	1.8084852393565152	30memhg38	TrueDI26830XA
LP0025_03_L003	0.7969530262221776	30memhg38	TrueDI26830XA
LP0025_04_L004	0.5354838660553662	30memhg38	TrueDI26830XA
LP0025_05_L003	0.7715366689660721	30memhg38	TrueDI26830XA
LP0025_06_L003	3.762512116212897	30memhg38	TrueDI26830XA
LP0025_07_L004	3.610076352061904	30memhg38	TrueDI26830XA
LP0025_08_L004	1.6930892553934618	30memhg38	TrueDI26830XA
LP0025_10_L003	5.325307803895938	30memhg38	TrueDI26830XA
LP0025_11_L003	3.228560556998901	30memhg38	TrueDI26830XA
LP0025_12_L003	3.0294725616982743	30memhg38	TrueDI26830XA
LP0025_15_L003	10.878590044771562	30memhg38	TrueDI26830XA
LP0025_17_L003	5.466014795043439	30memhg38	TrueDI26830XA
LP0025_21_L004	3.684126882294636	30memhg38	TrueDI26830XA
LP0025_24_L003	8.43974008120969	30memhg38	TrueDI26830XA
LP0026_05_L003	2.977780230913094	30memhg38	TrueDI26830XA
LP0026_07_L003	3.107938263617656	30memhg38	TrueDI26830XA
LP0026_08_L003	5.874481235936394	30memhg38	TrueDI26830XA
LP0026_22_L003	7.234636833362658	30memhg38	TrueDI26830XA
LP0026_26_L004	5.481449355852666	30memhg38	TrueDI26830XA
LP0026_38_L004	7.8033916400635555	30memhg38	TrueDI26830XA
LP0026_42_L004	6.241439751366781	30memhg38	TrueDI26830XA
LP0027_26_L003	6.345271327853631	30memhg38	TrueDI26830XA
LP0027_35_L003	4.696903649491276	30memhg38	TrueDI26830XA
LP0027_39_L003	4.42762147893777	30memhg38	TrueDI26830XA
LP0028_01_L004	10.512110923923743	30memhg38	TrueDI26830XA
LP0029_02_L004	1.8102490145207273	30memhg38	TrueDI26830XA
LP0029_04_L003	8.177213559912751	30memhg38	TrueDI26830XA
LP0029_05_L004	7.177798722276335	30memhg38	TrueDI26830XA
LP0029_06_L003	8.693877085997745	30memhg38	TrueDI26830XA
LP0030_03_L004	6.973422637713593	30memhg38	TrueDI26830XA
LP0030_05_L004	5.818024881778915	30memhg38	TrueDI26830XA
LP0020_01	1.0925809159636657	30memhg38noalt	False40
LP0020_02	0.7650617308070521	30memhg38noalt	False40
LP0020_03	1.6110053005433407	30memhg38noalt	False40
LP0020_04	1.5905512959040091	30memhg38noalt	False40
LP0020_05	1.0941106283046946	30memhg38noalt	False40
LP0020_06	0.9711436561720729	30memhg38noalt	False40
LP0020_07	1.0626553966817711	30memhg38noalt	False40
LP0020_08	0.9424927849512034	30memhg38noalt	False40
LP0025_01_L004	1.2503765386980528	30memhg38noalt	False40
LP0025_02_L004	1.2671981012114863	30memhg38noalt	False40
LP0025_03_L003	1.0561546880393577	30memhg38noalt	False40
LP0025_04_L004	0.5364779330730772	30memhg38noalt	False40
LP0025_05_L003	0.8813676439837186	30memhg38noalt	False40
LP0025_06_L003	4.731615637345695	30memhg38noalt	False40
LP0025_07_L004	4.120506141983787	30memhg38noalt	False40
LP0025_08_L004	1.5521820547782326	30memhg38noalt	False40
LP0025_10_L003	5.1978227563940065	30memhg38noalt	False40
LP0025_11_L003	4.157239745843045	30memhg38noalt	False40
LP0025_12_L003	4.159682709901811	30memhg38noalt	False40
LP0025_15_L003	18.261739106462738	30memhg38noalt	False40
LP0025_17_L003	8.045777964235674	30memhg38noalt	False40
LP0025_21_L004	4.344836118518924	30memhg38noalt	False40
LP0025_24_L003	13.657252356327756	30memhg38noalt	False40
LP0026_05_L003	3.1793057147616115	30memhg38noalt	False40
LP0026_07_L003	3.4062496361882806	30memhg38noalt	False40
LP0026_08_L003	5.9601361954429555	30memhg38noalt	False40
LP0026_22_L003	7.27813803145552	30memhg38noalt	False40
LP0026_26_L004	5.936225523128281	30memhg38noalt	False40
LP0026_38_L004	9.167938212553606	30memhg38noalt	False40
LP0026_42_L004	6.15536607352723	30memhg38noalt	False40
LP0027_26_L003	8.291495025362915	30memhg38noalt	False40
LP0027_35_L003	5.737541924124981	30memhg38noalt	False40
LP0027_39_L003	4.641210285038488	30memhg38noalt	False40
LP0028_01_L004	13.867875354015977	30memhg38noalt	False40
LP0029_02_L004	2.312538949218998	30memhg38noalt	False40
LP0029_04_L003	11.627099128086947	30memhg38noalt	False40
LP0029_05_L004	8.78881462439731	30memhg38noalt	False40
LP0029_06_L003	10.36856837352908	30memhg38noalt	False40
LP0030_03_L004	7.7479391006732135	30memhg38noalt	False40
LP0030_05_L004	6.503398124046745	30memhg38noalt	False40
LP0020_01	1.161719398467575	30memhg38noalt	FalseDI26830XA
LP0020_02	0.8748216197609301	30memhg38noalt	FalseDI26830XA
LP0020_03	1.6783142227894376	30memhg38noalt	FalseDI26830XA
LP0020_04	1.6755308484661857	30memhg38noalt	FalseDI26830XA
LP0020_05	1.1931716035491053	30memhg38noalt	FalseDI26830XA
LP0020_06	1.0248474399707985	30memhg38noalt	FalseDI26830XA
LP0020_07	1.167317331123551	30memhg38noalt	FalseDI26830XA
LP0020_08	1.0112194909600938	30memhg38noalt	FalseDI26830XA
LP0025_01_L004	1.0154408304204732	30memhg38noalt	FalseDI26830XA
LP0025_02_L004	1.6094342901296659	30memhg38noalt	FalseDI26830XA
LP0025_03_L003	0.8312447609470479	30memhg38noalt	FalseDI26830XA
LP0025_04_L004	0.5441462194350702	30memhg38noalt	FalseDI26830XA
LP0025_05_L003	0.7751320214314046	30memhg38noalt	FalseDI26830XA
LP0025_06_L003	3.8779576457166667	30memhg38noalt	FalseDI26830XA
LP0025_07_L004	3.663315863500668	30memhg38noalt	FalseDI26830XA
LP0025_08_L004	1.6179721127686713	30memhg38noalt	FalseDI26830XA
LP0025_10_L003	5.231413826536364	30memhg38noalt	FalseDI26830XA
LP0025_11_L003	3.3425008956963613	30memhg38noalt	FalseDI26830XA
LP0025_12_L003	3.1960875412660736	30memhg38noalt	FalseDI26830XA
LP0025_15_L003	14.10877832490504	30memhg38noalt	FalseDI26830XA
LP0025_17_L003	5.726929188826976	30memhg38noalt	FalseDI26830XA
LP0025_21_L004	3.485482293756604	30memhg38noalt	FalseDI26830XA
LP0025_24_L003	8.713949670098373	30memhg38noalt	FalseDI26830XA
LP0026_05_L003	2.773769851605519	30memhg38noalt	FalseDI26830XA
LP0026_07_L003	3.011726629105834	30memhg38noalt	FalseDI26830XA
LP0026_08_L003	5.877216015792158	30memhg38noalt	FalseDI26830XA
LP0026_22_L003	7.145376511148149	30memhg38noalt	FalseDI26830XA
LP0026_26_L004	5.4906824541701775	30memhg38noalt	FalseDI26830XA
LP0026_38_L004	8.237923722480604	30memhg38noalt	FalseDI26830XA
LP0026_42_L004	6.424003683990596	30memhg38noalt	FalseDI26830XA
LP0027_26_L003	6.77936175430848	30memhg38noalt	FalseDI26830XA
LP0027_35_L003	5.183156587234486	30memhg38noalt	FalseDI26830XA
LP0027_39_L003	4.538476193666223	30memhg38noalt	FalseDI26830XA
LP0028_01_L004	10.647346014180513	30memhg38noalt	FalseDI26830XA
LP0029_02_L004	1.8249315680426634	30memhg38noalt	FalseDI26830XA
LP0029_04_L003	8.048354362574996	30memhg38noalt	FalseDI26830XA
LP0029_05_L004	6.234149922236457	30memhg38noalt	FalseDI26830XA
LP0029_06_L003	8.706629358870781	30memhg38noalt	FalseDI26830XA
LP0030_03_L004	6.743210985921851	30memhg38noalt	FalseDI26830XA
LP0030_05_L004	5.88440532237346	30memhg38noalt	FalseDI26830XA
LP0020_01	0.9575542352602335	30memhg38noalt	True40
LP0020_02	0.6063583686408951	30memhg38noalt	True40
LP0020_03	1.4453188808250317	30memhg38noalt	True40
LP0020_04	1.4345892799421527	30memhg38noalt	True40
LP0020_05	0.853443010639745	30memhg38noalt	True40
LP0020_06	0.9099458531042083	30memhg38noalt	True40
LP0020_07	0.9115256576134388	30memhg38noalt	True40
LP0020_08	0.8832341748018728	30memhg38noalt	True40
LP0025_01_L004	1.1758751353227146	30memhg38noalt	True40
LP0025_02_L004	1.4647611858041385	30memhg38noalt	True40
LP0025_03_L003	1.065061659293888	30memhg38noalt	True40
LP0025_04_L004	0.49868823437935134	30memhg38noalt	True40
LP0025_05_L003	0.8652865458189216	30memhg38noalt	True40
LP0025_06_L003	4.788156633337026	30memhg38noalt	True40
LP0025_07_L004	4.171282154291221	30memhg38noalt	True40
LP0025_08_L004	1.595050782254709	30memhg38noalt	True40
LP0025_10_L003	5.288602785324444	30memhg38noalt	True40
LP0025_11_L003	4.154952716360524	30memhg38noalt	True40
LP0025_12_L003	4.14605951350941	30memhg38noalt	True40
LP0025_15_L003	16.071968866111558	30memhg38noalt	True40
LP0025_17_L003	8.068110790639182	30memhg38noalt	True40
LP0025_21_L004	4.818575315117453	30memhg38noalt	True40
LP0025_24_L003	14.414790068163285	30memhg38noalt	True40
LP0026_05_L003	3.5304774236800833	30memhg38noalt	True40
LP0026_07_L003	3.6851881916724265	30memhg38noalt	True40
LP0026_08_L003	5.977845473783712	30memhg38noalt	True40
LP0026_22_L003	7.353643738589458	30memhg38noalt	True40
LP0026_26_L004	6.027074126616243	30memhg38noalt	True40
LP0026_38_L004	9.275803603128116	30memhg38noalt	True40
LP0026_42_L004	6.1752400983565074	30memhg38noalt	True40
LP0027_26_L003	8.025534307573505	30memhg38noalt	True40
LP0027_35_L003	5.5037482044627355	30memhg38noalt	True40
LP0027_39_L003	4.650528667280575	30memhg38noalt	True40
LP0028_01_L004	14.197993768008557	30memhg38noalt	True40
LP0029_02_L004	2.429608585564645	30memhg38noalt	True40
LP0029_04_L003	12.034071931544839	30memhg38noalt	True40
LP0029_05_L004	12.130003514603498	30memhg38noalt	True40
LP0029_06_L003	10.232535170680388	30memhg38noalt	True40
LP0030_03_L004	8.295278087123146	30memhg38noalt	True40
LP0030_05_L004	6.796910583263025	30memhg38noalt	True40
LP0020_01	1.013276802011698	30memhg38noalt	TrueDI26830XA
LP0020_02	0.7067167009394161	30memhg38noalt	TrueDI26830XA
LP0020_03	1.5019499010422237	30memhg38noalt	TrueDI26830XA
LP0020_04	1.5176660219710245	30memhg38noalt	TrueDI26830XA
LP0020_05	0.934149531164416	30memhg38noalt	TrueDI26830XA
LP0020_06	0.949606613163879	30memhg38noalt	TrueDI26830XA
LP0020_07	1.0053143099137265	30memhg38noalt	TrueDI26830XA
LP0020_08	0.9461885012650796	30memhg38noalt	TrueDI26830XA
LP0025_01_L004	0.9181153364380157	30memhg38noalt	TrueDI26830XA
LP0025_02_L004	1.7836751482749647	30memhg38noalt	TrueDI26830XA
LP0025_03_L003	0.8228133074310093	30memhg38noalt	TrueDI26830XA
LP0025_04_L004	0.5285483669412577	30memhg38noalt	TrueDI26830XA
LP0025_05_L003	0.7679331121298607	30memhg38noalt	TrueDI26830XA
LP0025_06_L003	3.8663097791526067	30memhg38noalt	TrueDI26830XA
LP0025_07_L004	3.6481565119643506	30memhg38noalt	TrueDI26830XA
LP0025_08_L004	1.6734450629224753	30memhg38noalt	TrueDI26830XA
LP0025_10_L003	5.347537942411193	30memhg38noalt	TrueDI26830XA
LP0025_11_L003	3.3107374955301063	30memhg38noalt	TrueDI26830XA
LP0025_12_L003	3.1620704388285836	30memhg38noalt	TrueDI26830XA
LP0025_15_L003	11.98207927169312	30memhg38noalt	TrueDI26830XA
LP0025_17_L003	5.769857149661063	30memhg38noalt	TrueDI26830XA
LP0025_21_L004	3.846042606037371	30memhg38noalt	TrueDI26830XA
LP0025_24_L003	9.018072207744398	30memhg38noalt	TrueDI26830XA
LP0026_05_L003	3.0955772914182003	30memhg38noalt	TrueDI26830XA
LP0026_07_L003	3.251028480739004	30memhg38noalt	TrueDI26830XA
LP0026_08_L003	5.881983250598249	30memhg38noalt	TrueDI26830XA
LP0026_22_L003	7.223729644940197	30memhg38noalt	TrueDI26830XA
LP0026_26_L004	5.499683560005748	30memhg38noalt	TrueDI26830XA
LP0026_38_L004	7.994912367003584	30memhg38noalt	TrueDI26830XA
LP0026_42_L004	6.385008636831981	30memhg38noalt	TrueDI26830XA
LP0027_26_L003	6.532875476003898	30memhg38noalt	TrueDI26830XA
LP0027_35_L003	4.908418158681554	30memhg38noalt	TrueDI26830XA
LP0027_39_L003	4.513419726994123	30memhg38noalt	TrueDI26830XA
LP0028_01_L004	10.628583220189581	30memhg38noalt	TrueDI26830XA
LP0029_02_L004	1.8839724442956323	30memhg38noalt	TrueDI26830XA
LP0029_04_L003	8.40458584871851	30memhg38noalt	TrueDI26830XA
LP0029_05_L004	7.899304548241293	30memhg38noalt	TrueDI26830XA
LP0029_06_L003	8.818804105769473	30memhg38noalt	TrueDI26830XA
LP0030_03_L004	7.281413341662205	30memhg38noalt	TrueDI26830XA
LP0030_05_L004	6.064400815261389	30memhg38noalt	TrueDI26830XA
